_input_row,candidate_formula,prototype_id,substitution,wyckoff_letter,central_site_index,central_species,central_frac_coords,neighbor_counts_pattern,neighbor_nspecies_pattern,n_detected_shells,shell1_count,shell1_nspecies,shell1_species,shell1_distances_A,shell2_count,shell2_nspecies,shell2_species,shell2_distances_A,shell3_count,shell3_nspecies,shell3_species,shell3_distances_A,shell4_count,shell4_nspecies,shell4_species,shell4_distances_A
0,,,,,0,Al,"0.000000,0.245434,0.259066",1|2|14|24,1|1|4|4,4,1,1,Si,0.1504,2,1,Co,1.5118;1.5118,14,4,"Co,Fe,Ni,Si",1.6411;1.6411;1.7335;1.7335;1.7451;1.7451;1.8156;1.8156;1.8665;1.8665;1.8675;1.8675;1.9236;1.9236,24,4,"Co,Fe,Ni,Si",2.3839;2.3839;2.3839;2.4508;2.4508;2.4508;2.4526;2.4526;2.4526;2.5003;2.5003;2.5003;2.5062;2.5062;2.5062;2.5095;2.5095;2.5095;2.5506;2.5506;2.5506;2.6376;2.6376;2.6376
0,,,,,1,Al,"1.000000,0.746860,0.748368",1|16|24|8,1|3|4|3,4,1,1,Co,0.0475,16,3,"Co,Fe,Ni",1.7420;1.7420;1.7492;1.7492;1.7622;1.7622;1.7624;1.7624;1.7780;1.7780;1.7897;1.7897;1.7999;1.7999;1.8223;1.8223,24,4,"Co,Fe,Ni,Si",2.4159;2.4159;2.4159;2.4215;2.4215;2.4215;2.4327;2.4327;2.4327;2.4834;2.4834;2.4834;2.5014;2.5014;2.5014;2.5278;2.5278;2.5278;2.5474;2.5474;2.5474;2.5771;2.5771;2.5771,8,3,"Co,Fe,Ni",3.4981;3.4981;3.5018;3.5018;3.5129;3.5129;3.5201;3.5201
0,,,,,2,Si,"2.000000,0.513840,0.999084",1|16|24|8,1|3|5|2,4,1,1,Fe,0.1166,16,3,"Co,Fe,Ni",1.6449;1.6449;1.6718;1.6718;1.7436;1.7436;1.7449;1.7449;1.7745;1.7745;1.7983;1.7983;1.8223;1.8223;1.9053;1.9053,24,5,"Al,Co,Fe,Ni,Si",2.4118;2.4118;2.4118;2.4159;2.4159;2.4159;2.4439;2.4439;2.4439;2.4474;2.4474;2.4474;2.5082;2.5082;2.5082;2.5578;2.5578;2.5578;2.5818;2.5818;2.5818;2.6376;2.6376;2.6376,8,2,"Fe,Ni",3.4322;3.4322;3.4607;3.4607;3.5167;3.5167;3.5211;3.5211
0,,,,,3,Si,"3.000000,0.972854,0.250913",1|4|10|2,1|1|4|1,4,1,1,Ni,0.1901,4,1,Ni,1.5637;1.5637;1.5872;1.5872,10,4,"Al,Co,Fe,Ni",1.7143;1.7143;1.7255;1.7255;1.7636;1.7636;1.8292;1.8292;1.9236;1.9236,2,1,Si,2.0686;2.0686
0,,,,,4,Si,"4.000000,0.266093,0.253829",1|14|2|24,1|3|1|4,4,1,1,Al,0.1504,14,3,"Co,Fe,Ni",1.5576;1.5576;1.6107;1.6107;1.6684;1.6684;1.7204;1.7204;1.7841;1.7841;1.8295;1.8295;1.8786;1.8786,2,1,Si,2.0686;2.0686,24,4,"Co,Fe,Ni,Si",2.3755;2.3755;2.3755;2.4236;2.4236;2.4236;2.4263;2.4263;2.4263;2.5082;2.5082;2.5082;2.5160;2.5160;2.5160;2.5285;2.5285;2.5285;2.5775;2.5775;2.5775;2.6401;2.6401;2.6401
0,,,,,5,Fe,"5.000000,0.509058,0.497947",1|16|24|8,1|3|5|3,4,1,1,Ni,0.0757,16,3,"Co,Fe,Ni",1.6789;1.6789;1.7092;1.7092;1.7451;1.7451;1.7638;1.7638;1.7718;1.7718;1.7753;1.7753;1.8107;1.8107;1.8860;1.8860,24,5,"Al,Co,Fe,Ni,Si",2.4263;2.4263;2.4263;2.4327;2.4327;2.4327;2.4349;2.4349;2.4349;2.4355;2.4355;2.4355;2.4668;2.4668;2.4668;2.5062;2.5062;2.5062;2.5369;2.5369;2.5369;2.5449;2.5449;2.5449,8,3,"Co,Fe,Si",3.4164;3.4164;3.4731;3.4731;3.5108;3.5108;3.5167;3.5167
0,,,,,6,Fe,"6.000000,0.004360,0.008229",1|16|24|8,1|4|5|3,4,1,1,Ni,0.0503,16,4,"Co,Fe,Ni,Si",1.7032;1.7032;1.7155;1.7155;1.7255;1.7255;1.7747;1.7747;1.7891;1.7891;1.8171;1.8171;1.8180;1.8180;1.8198;1.8198,24,5,"Al,Co,Fe,Ni,Si",2.4508;2.4508;2.4508;2.4814;2.4814;2.4814;2.4832;2.4832;2.4832;2.5221;2.5221;2.5221;2.5285;2.5285;2.5285;2.5313;2.5313;2.5313;2.5428;2.5428;2.5428;2.5771;2.5771;2.5771,8,3,"Co,Fe,Si",3.4136;3.4136;3.4607;3.4607;3.4782;3.4782;3.5151;3.5151
0,,,,,7,Fe,"7.000000,0.497338,3.000000",1|16|24|8,1|3|5|2,4,1,1,Si,0.1166,16,3,"Co,Fe,Ni",1.7060;1.7060;1.7355;1.7355;1.7402;1.7402;1.7614;1.7614;1.7773;1.7773;1.7882;1.7882;1.7888;1.7888;1.7987;1.7987,24,5,"Al,Co,Fe,Ni,Si",2.4236;2.4236;2.4236;2.4793;2.4793;2.4793;2.4882;2.4882;2.4882;2.5014;2.5014;2.5014;2.5036;2.5036;2.5036;2.5204;2.5204;2.5204;2.5339;2.5339;2.5339;2.5506;2.5506;2.5506,8,2,"Fe,Ni",3.4782;3.4782;3.5057;3.5057;3.5108;3.5108;3.5127;3.5127
0,,,,,8,Fe,"8.000000,0.001359,0.492487",1|16|24|8,1|4|5|2,4,1,1,Co,0.1340,16,4,"Co,Fe,Ni,Si",1.6983;1.6983;1.7084;1.7084;1.7143;1.7143;1.7641;1.7641;1.7744;1.7744;1.7952;1.7952;1.8158;1.8158;1.8176;1.8176,24,5,"Al,Co,Fe,Ni,Si",2.3839;2.3839;2.3839;2.4440;2.4440;2.4440;2.4762;2.4762;2.4762;2.4953;2.4953;2.4953;2.5152;2.5152;2.5152;2.5160;2.5160;2.5160;2.5196;2.5196;2.5196;2.5474;2.5474;2.5474,8,2,"Fe,Ni",3.4136;3.4136;3.4553;3.4553;3.4731;3.4731;3.5059;3.5059
0,,,,,9,Fe,"9.000000,0.000564,0.750086",1|16|24|8,1|4|3|4,4,1,1,Fe,0.0327,16,4,"Al,Co,Fe,Ni",1.6954;1.6954;1.7422;1.7422;1.7520;1.7520;1.7628;1.7628;1.7778;1.7778;1.7897;1.7897;1.8158;1.8158;1.8198;1.8198,24,3,"Co,Fe,Ni",2.4735;2.4735;2.4735;2.4881;2.4881;2.4881;2.4951;2.4951;2.4951;2.4959;2.4959;2.4959;2.4967;2.4967;2.4967;2.5026;2.5026;2.5026;2.5948;2.5948;2.5948;2.5987;2.5987;2.5987,8,4,"Co,Fe,Ni,Si",3.4650;3.4650;3.5024;3.5024;3.5141;3.5141;3.5237;3.5237
0,,,,,10,Fe,"10.000000,0.005190,0.750325",1|16|24|8,1|4|3|4,4,1,1,Fe,0.0327,16,4,"Al,Co,Fe,Ni",1.6984;1.6984;1.7194;1.7194;1.7302;1.7302;1.7749;1.7749;1.7765;1.7765;1.8176;1.8176;1.8180;1.8180;1.8223;1.8223,24,3,"Co,Fe,Ni",2.4513;2.4513;2.4513;2.4635;2.4635;2.4635;2.5182;2.5182;2.5182;2.5187;2.5187;2.5187;2.5194;2.5194;2.5194;2.5271;2.5271;2.5271;2.5746;2.5746;2.5746;2.5759;2.5759;2.5759,8,4,"Co,Fe,Ni,Si",3.4324;3.4324;3.4698;3.4698;3.5159;3.5159;3.5272;3.5272
0,,,,,11,Fe,"11.000000,0.497053,0.747863",1|16|18|6,1|5|2|2,4,1,1,Co,0.0431,16,5,"Al,Co,Fe,Ni,Si",1.7396;1.7396;1.7507;1.7507;1.7589;1.7589;1.7622;1.7622;1.7638;1.7638;1.7745;1.7745;1.7773;1.7773;1.8096;1.8096,18,2,"Co,Ni",2.4201;2.4201;2.4201;2.4364;2.4364;2.4364;2.4788;2.4788;2.4788;2.4837;2.4837;2.4837;2.5146;2.5146;2.5146;2.5230;2.5230;2.5230,6,2,"Co,Fe",2.6350;2.6350;2.6350;2.6498;2.6498;2.6498
0,,,,,12,Fe,"12.000000,0.245169,0.026245",1|10|6|24,1|4|3|4,4,1,1,Ni,0.2357,10,4,"Al,Fe,Ni,Si",1.6107;1.6107;1.6411;1.6411;1.7032;1.7032;1.7347;1.7347;1.7888;1.7888,6,3,"Co,Fe,Si",1.9053;1.9053;1.9536;1.9536;1.9765;1.9765,24,4,"Co,Fe,Ni,Si",2.3515;2.3515;2.3515;2.3845;2.3845;2.3845;2.4263;2.4263;2.4263;2.4920;2.4920;2.4920;2.5759;2.5759;2.5759;2.5987;2.5987;2.5987;2.6405;2.6405;2.6405;2.6498;2.6498;2.6498
0,,,,,13,Fe,"13.000000,0.250454,0.749161",1|12|4|24,1|3|2|4,4,1,1,Co,0.0256,12,3,"Co,Fe,Ni",1.7023;1.7023;1.7102;1.7102;1.7295;1.7295;1.7302;1.7302;1.7396;1.7396;1.7628;1.7628,4,2,"Co,Fe",1.9436;1.9436;1.9536;1.9536,24,4,"Co,Fe,Ni,Si",2.4759;2.4759;2.4759;2.4793;2.4793;2.4793;2.4891;2.4891;2.4891;2.5116;2.5116;2.5116;2.5196;2.5196;2.5196;2.5221;2.5221;2.5221;2.5449;2.5449;2.5449;2.5578;2.5578;2.5578
0,,,,,14,Ni,"14.000000,0.000384,0.002301",1|16|24|8,1|4|5|3,4,1,1,Fe,0.0503,16,4,"Co,Fe,Ni,Si",1.7347;1.7347;1.7569;1.7569;1.7604;1.7604;1.7636;1.7636;1.7765;1.7765;1.7778;1.7778;1.7878;1.7878;1.8009;1.8009,24,5,"Al,Co,Fe,Ni,Si",2.4907;2.4907;2.4907;2.4919;2.4919;2.4919;2.4933;2.4933;2.4933;2.5003;2.5003;2.5003;2.5116;2.5116;2.5116;2.5204;2.5204;2.5204;2.5278;2.5278;2.5278;2.5775;2.5775;2.5775,8,3,"Co,Fe,Si",3.4322;3.4322;3.4553;3.4553;3.4728;3.4728;3.5057;3.5057
0,,,,,15,Ni,"15.000000,0.498331,0.498342",1|16|24|8,1|3|5|3,4,1,1,Fe,0.0757,16,3,"Co,Fe,Ni",1.7350;1.7350;1.7385;1.7385;1.7545;1.7545;1.7589;1.7589;1.7766;1.7766;1.7779;1.7779;1.7849;1.7849;1.8109;1.8109,24,5,"Al,Co,Fe,Ni,Si",2.3755;2.3755;2.3755;2.4526;2.4526;2.4526;2.4806;2.4806;2.4806;2.4834;2.4834;2.4834;2.4891;2.4891;2.4891;2.4900;2.4900;2.4900;2.4912;2.4912;2.4912;2.5182;2.5182;2.5182,8,3,"Co,Fe,Si",3.4919;3.4919;3.5059;3.5059;3.5127;3.5127;3.5211;3.5211
0,,,,,16,Ni,"16.000000,0.999791,0.251551",1|16|6|18,1|5|2|2,4,1,1,Si,0.1901,16,5,"Al,Co,Fe,Ni,Si",1.6983;1.6983;1.7155;1.7155;1.7335;1.7335;1.7537;1.7537;1.7569;1.7569;1.7772;1.7772;1.8200;1.8200;1.8786;1.8786,6,2,"Co,Fe",2.3184;2.3184;2.3184;2.3515;2.3515;2.3515,18,2,"Co,Ni",2.4720;2.4720;2.4720;2.4902;2.4902;2.4902;2.5078;2.5078;2.5078;2.5292;2.5292;2.5292;2.5295;2.5295;2.5295;2.5596;2.5596;2.5596
0,,,,,17,Ni,"17.000000,0.747006,0.996527",1|2|14|24,1|1|4|4,4,1,1,Co,0.0393,2,1,Si,1.6449;1.6449,14,4,"Al,Co,Fe,Ni",1.7484;1.7484;1.7492;1.7492;1.7614;1.7614;1.7796;1.7796;1.7878;1.7878;1.8019;1.8019;1.8171;1.8171,24,4,"Co,Fe,Ni,Si",2.3963;2.3963;2.3963;2.4326;2.4326;2.4326;2.4666;2.4666;2.4666;2.4837;2.4837;2.4837;2.4959;2.4959;2.4959;2.5182;2.5182;2.5182;2.5252;2.5252;2.5252;2.5295;2.5295;2.5295
0,,,,,18,Ni,"18.000000,0.255545,0.994483",1|16|21|3,1|5|3|1,4,1,1,Fe,0.2357,16,5,"Al,Co,Fe,Ni,Si",1.7060;1.7060;1.7295;1.7295;1.7529;1.7529;1.7747;1.7747;1.8009;1.8009;1.8223;1.8223;1.8295;1.8295;1.8665;1.8665,21,3,"Co,Fe,Ni",2.4255;2.4255;2.4255;2.4364;2.4364;2.4364;2.4635;2.4635;2.4635;2.4837;2.4837;2.4837;2.4881;2.4881;2.4881;2.5226;2.5226;2.5226;2.5596;2.5596;2.5596,3,1,Si,2.6941;2.6941;2.6941
0,,,,,19,Ni,"19.000000,0.252530,0.506548",1|16|24|8,1|5|4|3,4,1,1,Co,0.2426,16,5,"Al,Co,Fe,Ni,Si",1.6873;1.6873;1.7102;1.7102;1.7350;1.7350;1.7451;1.7451;1.7744;1.7744;1.7841;1.7841;1.8107;1.8107;1.8292;1.8292,24,4,"Co,Fe,Ni,Si",2.3786;2.3786;2.3786;2.4201;2.4201;2.4201;2.4513;2.4513;2.4513;2.4735;2.4735;2.4735;2.5292;2.5292;2.5292;2.5476;2.5476;2.5476;2.5819;2.5819;2.5819;2.6693;2.6693;2.6693,8,3,"Co,Fe,Ni",3.3859;3.3859;3.4394;3.4394;3.4886;3.4886;3.5194;3.5194
0,,,,,20,Ni,"20.000000,0.751360,0.498388",1|16|3|21,1|4|1|3,4,1,1,Co,0.0365,16,4,"Al,Co,Fe,Ni",1.7080;1.7080;1.7092;1.7092;1.7359;1.7359;1.7581;1.7581;1.7624;1.7624;1.7637;1.7637;1.7641;1.7641;1.7849;1.7849,3,1,Si,2.3442;2.3442;2.3442,21,3,"Co,Fe,Ni",2.4578;2.4578;2.4578;2.4720;2.4720;2.4720;2.4951;2.4951;2.4951;2.4962;2.4962;2.4962;2.5146;2.5146;2.5146;2.5194;2.5194;2.5194;2.5271;2.5271;2.5271
0,,,,,21,Ni,"21.000000,0.751184,0.252126",1|2|14|24,1|1|2|4,4,1,1,Ni,0.0322,2,1,Si,1.5637;1.5637,14,2,"Co,Ni",1.7028;1.7028;1.7359;1.7359;1.7537;1.7537;1.7550;1.7550;1.7562;1.7562;1.7731;1.7731;1.8019;1.8019,24,4,"Co,Fe,Ni,Si",2.4355;2.4355;2.4355;2.4439;2.4439;2.4439;2.4440;2.4440;2.4440;2.4814;2.4814;2.4814;2.4897;2.4897;2.4897;2.4907;2.4907;2.4907;2.4912;2.4912;2.4912;2.5204;2.5204;2.5204
0,,,,,22,Ni,"22.000000,0.747860,0.248994",1|16|24|2,1|3|4|1,4,1,1,Ni,0.0322,16,3,"Co,Ni,Si",1.5872;1.5872;1.6790;1.6790;1.7312;1.7312;1.7512;1.7512;1.7581;1.7581;1.7772;1.7772;1.7780;1.7780;1.7796;1.7796,24,4,"Co,Fe,Ni,Si",2.4118;2.4118;2.4118;2.4349;2.4349;2.4349;2.4762;2.4762;2.4762;2.4832;2.4832;2.4832;2.4882;2.4882;2.4882;2.4900;2.4900;2.4900;2.4919;2.4919;2.4919;2.5218;2.5218;2.5218,2,1,Si,3.3987;3.3987
0,,,,,23,Co,"23.000000,0.993242,0.509658",1|16|21|3,1|4|4|1,4,1,1,Fe,0.1340,16,4,"Co,Fe,Ni,Si",1.6954;1.6954;1.6984;1.6984;1.7080;1.7080;1.7377;1.7377;1.7790;1.7790;1.8200;1.8200;1.8292;1.8292;1.8292;1.8292,21,4,"Al,Co,Fe,Ni",2.3887;2.3887;2.3887;2.4215;2.4215;2.4215;2.4521;2.4521;2.4521;2.4759;2.4759;2.4759;2.4897;2.4897;2.4897;2.5095;2.5095;2.5095;2.5218;2.5218;2.5218,3,1,Si,2.6401;2.6401;2.6401
0,,,,,24,Co,"24.000000,0.502461,0.246164",1|16|24|2,1|4|3|1,4,1,1,Co,0.0522,16,4,"Al,Fe,Ni,Si",1.6684;1.6684;1.7312;1.7312;1.7355;1.7355;1.7436;1.7436;1.7550;1.7550;1.7753;1.7753;1.7779;1.7779;1.8156;1.8156,24,3,"Co,Fe,Ni",2.3845;2.3845;2.3845;2.4364;2.4364;2.4364;2.4654;2.4654;2.4654;2.4666;2.4666;2.4666;2.4837;2.4837;2.4837;2.4894;2.4894;2.4894;2.4962;2.4962;2.4962;2.5476;2.5476;2.5476,2,1,Si,3.3183;3.3183
0,,,,,25,Co,"25.000000,0.491720,0.744880",1|16|24|8,1|5|3|2,4,1,1,Fe,0.0431,16,5,"Al,Co,Fe,Ni,Si",1.7023;1.7023;1.7131;1.7131;1.7385;1.7385;1.7451;1.7451;1.7983;1.7983;1.7987;1.7987;1.7999;1.7999;1.8474;1.8474,24,3,"Co,Fe,Ni",2.3786;2.3786;2.3786;2.4255;2.4255;2.4255;2.4911;2.4911;2.4911;2.5252;2.5252;2.5252;2.5271;2.5271;2.5271;2.5645;2.5645;2.5645;2.5941;2.5941;2.5941;2.6405;2.6405;2.6405,8,2,"Co,Fe",3.4324;3.4324;3.4650;3.4650;3.5150;3.5150;3.5164;3.5164
0,,,,,26,Co,"26.000000,0.509852,0.246587",1|16|24|2,1|4|3|1,4,1,1,Co,0.0522,16,4,"Al,Fe,Ni,Si",1.6790;1.6790;1.7028;1.7028;1.7204;1.7204;1.7402;1.7402;1.7449;1.7449;1.7718;1.7718;1.7766;1.7766;1.8675;1.8675,24,3,"Co,Fe,Ni",2.4263;2.4263;2.4263;2.4307;2.4307;2.4307;2.4326;2.4326;2.4326;2.4514;2.4514;2.4514;2.4578;2.4578;2.4578;2.4740;2.4740;2.4740;2.5226;2.5226;2.5226;2.5819;2.5819;2.5819,2,1,Si,3.2662;3.2662
0,,,,,27,Co,"27.000000,0.242766,0.473522",1|4|12|3,1|2|3|1,4,1,1,Ni,0.2426,4,2,"Al,Si",1.5118;1.5118;1.5576;1.5576,12,3,"Co,Fe,Ni",1.7084;1.7084;1.7790;1.7790;1.8109;1.8109;1.8860;1.8860;1.9202;1.9202;1.9436;1.9436,3,1,Ni,2.3184;2.3184;2.3184
0,,,,,28,Co,"28.000000,0.747038,0.501233",1|16|24|8,1|4|4|2,4,1,1,Ni,0.0365,16,4,"Al,Co,Fe,Ni",1.6789;1.6789;1.7377;1.7377;1.7420;1.7420;1.7441;1.7441;1.7545;1.7545;1.7562;1.7562;1.7780;1.7780;1.7952;1.7952,24,4,"Co,Fe,Ni,Si",2.3795;2.3795;2.3795;2.4514;2.4514;2.4514;2.4788;2.4788;2.4788;2.4894;2.4894;2.4894;2.4911;2.4911;2.4911;2.5026;2.5026;2.5026;2.5078;2.5078;2.5078;2.5271;2.5271;2.5271,8,2,"Co,Ni",3.4886;3.4886;3.4913;3.4913;3.5028;3.5028;3.5199;3.5199
0,,,,,29,Co,"29.000000,0.750837,0.000587",1|16|24|8,1|5|4|3,4,1,1,Ni,0.0393,16,5,"Al,Co,Fe,Ni,Si",1.6718;1.6718;1.7512;1.7512;1.7604;1.7604;1.7731;1.7731;1.7764;1.7764;1.7780;1.7780;1.7882;1.7882;1.7891;1.7891,24,4,"Co,Fe,Ni,Si",2.3570;2.3570;2.3570;2.4307;2.4307;2.4307;2.4654;2.4654;2.4654;2.4902;2.4902;2.4902;2.4967;2.4967;2.4967;2.5187;2.5187;2.5187;2.5230;2.5230;2.5230;2.5645;2.5645;2.5645,8,3,"Co,Fe,Ni",3.4914;3.4914;3.4941;3.4941;3.5089;3.5089;3.5199;3.5199
0,,,,,30,Co,"30.000000,0.753589,0.748594",1|16|24|8,1|3|4|3,4,1,1,Al,0.0475,16,3,"Co,Fe,Ni",1.7422;1.7422;1.7441;1.7441;1.7484;1.7484;1.7637;1.7637;1.7749;1.7749;1.7764;1.7764;1.8096;1.8096;1.8474;1.8474,24,4,"Co,Fe,Ni,Si",2.3887;2.3887;2.3887;2.4474;2.4474;2.4474;2.4668;2.4668;2.4668;2.4933;2.4933;2.4933;2.5152;2.5152;2.5152;2.5182;2.5182;2.5182;2.5339;2.5339;2.5339;2.5428;2.5428;2.5428,8,3,"Co,Fe,Ni",3.4940;3.4940;3.4996;3.4996;3.5050;3.5050;3.5218;3.5218
0,,,,,31,Co,"31.000000,0.248879,0.745882",1|12|4|24,1|3|2|4,4,1,1,Fe,0.0256,12,3,"Co,Fe,Ni",1.6873;1.6873;1.7131;1.7131;1.7194;1.7194;1.7507;1.7507;1.7520;1.7520;1.7529;1.7529,4,2,"Co,Fe",1.9202;1.9202;1.9765;1.9765,24,4,"Co,Fe,Ni,Si",2.4521;2.4521;2.4521;2.4806;2.4806;2.4806;2.4953;2.4953;2.4953;2.5036;2.5036;2.5036;2.5204;2.5204;2.5204;2.5313;2.5313;2.5313;2.5369;2.5369;2.5369;2.5818;2.5818;2.5818
1,,,,,0,Al,"0.000000,0.993566,0.988913",1|16|24|8,1|4|4|4,4,1,1,Co,0.0931,16,4,"Al,Co,Fe,Ni",1.6909;1.6909;1.7163;1.7163;1.7484;1.7484;1.7733;1.7733;1.8703;1.8703;1.8755;1.8755;1.9224;1.9224;1.9546;1.9546,24,4,"Co,Cu,Fe,Ni",2.4796;2.4796;2.4796;2.4983;2.4983;2.4983;2.5219;2.5219;2.5219;2.5764;2.5764;2.5764;2.5766;2.5766;2.5766;2.5818;2.5818;2.5818;2.6121;2.6121;2.6121;2.6235;2.6235;2.6235,8,4,"Al,Co,Cu,Fe",3.4426;3.4426;3.4679;3.4679;3.5271;3.5271;3.5575;3.5575
1,,,,,1,Al,"1.000000,0.004082,0.518340",1|12|4|12,1|3|2|4,4,1,1,Co,0.1159,12,3,"Co,Cu,Ni",1.6942;1.6942;1.7481;1.7481;1.7557;1.7557;1.7568;1.7568;1.7796;1.7796;1.8014;1.8014,4,2,"Al,Fe",1.9191;1.9191;1.9503;1.9503,12,4,"Co,Cu,Fe,Ni",2.3809;2.3809;2.3809;2.4728;2.4728;2.4728;2.4872;2.4872;2.4872;2.4889;2.4889;2.4889
1,,,,,2,Al,"2.000000,0.494865,0.506481",1|16|24|8,1|4|4|4,4,1,1,Fe,0.1294,16,4,"Co,Cu,Fe,Ni",1.7484;1.7484;1.7576;1.7576;1.7627;1.7627;1.7707;1.7707;1.8382;1.8382;1.8673;1.8673;1.8702;1.8702;1.8739;1.8739,24,4,"Co,Cu,Fe,Ni",2.4491;2.4491;2.4491;2.5122;2.5122;2.5122;2.5136;2.5136;2.5136;2.5325;2.5325;2.5325;2.5850;2.5850;2.5850;2.5915;2.5915;2.5915;2.6265;2.6265;2.6265;2.6319;2.6319;2.6319,8,4,"Al,Co,Cu,Fe",3.5079;3.5079;3.5196;3.5196;3.5890;3.5890;3.6189;3.6189
1,,,,,3,Al,"3.000000,0.992709,0.256163",1|16|24|4,1|4|4|2,4,1,1,Fe,0.0491,16,4,"Al,Co,Fe,Ni",1.7174;1.7174;1.7305;1.7305;1.7701;1.7701;1.8018;1.8018;1.8035;1.8035;1.8677;1.8677;1.9191;1.9191;1.9546;1.9546,24,4,"Al,Co,Cu,Ni",2.4418;2.4418;2.4418;2.5214;2.5214;2.5214;2.5317;2.5317;2.5317;2.5437;2.5437;2.5437;2.5647;2.5647;2.5647;2.6412;2.6412;2.6412;2.6436;2.6436;2.6436;2.6928;2.6928;2.6928,4,2,"Cu,Fe",3.4915;3.4915;3.5031;3.5031
1,,,,,4,Al,"4.000000,0.255018,0.001559",1|16|24|8,1|5|5|3,4,1,1,Al,0.0626,16,5,"Al,Co,Cu,Fe,Ni",1.7513;1.7513;1.7924;1.7924;1.7955;1.7955;1.8101;1.8101;1.8242;1.8242;1.8703;1.8703;1.9011;1.9011;1.9175;1.9175,24,5,"Al,Co,Cu,Fe,Ni",2.4927;2.4927;2.4927;2.5271;2.5271;2.5271;2.5359;2.5359;2.5359;2.5468;2.5468;2.5468;2.5890;2.5890;2.5890;2.5920;2.5920;2.5920;2.5945;2.5945;2.5945;2.6436;2.6436;2.6436,8,3,"Al,Cu,Ni",3.5055;3.5055;3.5637;3.5637;3.6298;3.6298;3.6484;3.6484
1,,,,,5,Al,"5.000000,0.745390,0.987498",1|12|4|24,1|5|2|5,4,1,1,Ni,0.1230,12,5,"Al,Co,Cu,Fe,Ni",1.6956;1.6956;1.7429;1.7429;1.7555;1.7555;1.7566;1.7566;1.7600;1.7600;1.7733;1.7733,4,2,"Co,Fe",1.9244;1.9244;1.9599;1.9599,24,5,"Al,Co,Cu,Fe,Ni",2.4642;2.4642;2.4642;2.4962;2.4962;2.4962;2.5163;2.5163;2.5163;2.5300;2.5300;2.5300;2.5871;2.5871;2.5871;2.5917;2.5917;2.5917;2.6412;2.6412;2.6412;2.6423;2.6423;2.6423
1,,,,,6,Al,"6.000000,0.256016,0.993050",1|16|24|8,1|5|5|3,4,1,1,Al,0.0626,16,5,"Al,Co,Cu,Fe,Ni",1.7333;1.7333;1.7452;1.7452;1.8028;1.8028;1.8549;1.8549;1.8555;1.8555;1.8755;1.8755;1.8867;1.8867;1.9092;1.9092,24,5,"Al,Co,Cu,Fe,Ni",2.4539;2.4539;2.4539;2.4769;2.4769;2.4769;2.5423;2.5423;2.5423;2.5503;2.5503;2.5503;2.5760;2.5760;2.5760;2.5868;2.5868;2.5868;2.6438;2.6438;2.6438;2.6928;2.6928;2.6928,8,3,"Al,Cu,Ni",3.4970;3.4970;3.5571;3.5571;3.5862;3.5862;3.6223;3.6223
1,,,,,7,Fe,"7.000000,0.497176,0.488935",1|16|24|8,1|4|4|4,4,1,1,Al,0.1294,16,4,"Co,Cu,Fe,Ni",1.7414;1.7414;1.7452;1.7452;1.7743;1.7743;1.7820;1.7820;1.8279;1.8279;1.8501;1.8501;1.8760;1.8760;1.8991;1.8991,24,4,"Co,Cu,Fe,Ni",2.4901;2.4901;2.4901;2.5057;2.5057;2.5057;2.5246;2.5246;2.5246;2.5516;2.5516;2.5516;2.5526;2.5526;2.5526;2.5936;2.5936;2.5936;2.6119;2.6119;2.6119;2.6180;2.6180;2.6180,8,4,"Al,Co,Cu,Fe",3.5301;3.5301;3.5376;3.5376;3.5668;3.5668;3.5987;3.5987
1,,,,,8,Fe,"8.000000,0.508300,-0.002969",1|16|24|4,1|4|4|2,4,1,1,Cu,0.0662,16,4,"Al,Cu,Fe,Ni",1.6956;1.6956;1.7543;1.7543;1.8028;1.8028;1.8101;1.8101;1.8192;1.8192;1.8410;1.8410;1.8535;1.8535;1.8573;1.8573,24,4,"Co,Cu,Fe,Ni",2.5007;2.5007;2.5007;2.5136;2.5136;2.5136;2.5319;2.5319;2.5319;2.5442;2.5442;2.5442;2.5611;2.5611;2.5611;2.6413;2.6413;2.6413;2.6451;2.6451;2.6451;2.6453;2.6453;2.6453,4,2,"Al,Co",3.4345;3.4345;3.4679;3.4679
1,,,,,9,Fe,"9.000000,0.997876,0.251735",1|16|24|8,1|4|4|4,4,1,1,Al,0.0491,16,4,"Al,Co,Fe,Ni",1.7322;1.7322;1.7539;1.7539;1.7645;1.7645;1.7677;1.7677;1.8349;1.8349;1.8362;1.8362;1.9224;1.9224;1.9503;1.9503,24,4,"Al,Co,Cu,Ni",2.4907;2.4907;2.4907;2.5230;2.5230;2.5230;2.5401;2.5401;2.5401;2.5617;2.5617;2.5617;2.5806;2.5806;2.5806;2.5945;2.5945;2.5945;2.6423;2.6423;2.6423;2.6438;2.6438;2.6438,8,4,"Co,Cu,Fe,Ni",3.5283;3.5283;3.5398;3.5398;3.6099;3.6099;3.6438;3.6438
1,,,,,10,Fe,"10.000000,0.504082,0.250937",1|16|24|8,1|5|4|4,4,1,1,Cu,0.0122,16,5,"Al,Co,Cu,Fe,Ni",1.7414;1.7414;1.7611;1.7611;1.7744;1.7744;1.8262;1.8262;1.8525;1.8525;1.8573;1.8573;1.8702;1.8702;1.8856;1.8856,24,4,"Al,Co,Cu,Ni",2.5422;2.5422;2.5422;2.5468;2.5468;2.5468;2.5495;2.5495;2.5495;2.5669;2.5669;2.5669;2.5868;2.5868;2.5868;2.5871;2.5871;2.5871;2.5929;2.5929;2.5929;2.5967;2.5967;2.5967,8,4,"Al,Cu,Fe,Ni",3.4915;3.4915;3.5283;3.5283;3.6159;3.6159;3.6403;3.6403
1,,,,,11,Fe,"11.000000,0.248918,0.739439",1|16|24|8,1|4|4|3,4,1,1,Co,0.1261,16,4,"Al,Co,Cu,Ni",1.7104;1.7104;1.7310;1.7310;1.7640;1.7640;1.7672;1.7672;1.7814;1.7814;1.8325;1.8325;1.8555;1.8555;1.9175;1.9175,24,4,"Al,Co,Cu,Fe",2.3809;2.3809;2.3809;2.4491;2.4491;2.4491;2.4697;2.4697;2.4697;2.5516;2.5516;2.5516;2.5818;2.5818;2.5818;2.6231;2.6231;2.6231;2.6413;2.6413;2.6413;2.6670;2.6670;2.6670,8,3,"Co,Cu,Ni",3.5562;3.5562;3.5671;3.5671;3.5742;3.5742;3.6080;3.6080
1,,,,,12,Fe,"12.000000,0.750515,0.255425",1|16|24|8,1|5|4|3,4,1,1,Co,0.0382,16,5,"Al,Co,Cu,Fe,Ni",1.7305;1.7305;1.7611;1.7611;1.7649;1.7649;1.7677;1.7677;1.7727;1.7727;1.8522;1.8522;1.8620;1.8620;1.9599;1.9599,24,4,"Al,Co,Cu,Fe",2.4901;2.4901;2.4901;2.5254;2.5254;2.5254;2.5489;2.5489;2.5489;2.5611;2.5611;2.5611;2.5785;2.5785;2.5785;2.5915;2.5915;2.5915;2.6121;2.6121;2.6121;2.6405;2.6405;2.6405,8,3,"Co,Cu,Ni",3.4998;3.4998;3.5321;3.5321;3.5944;3.5944;3.5980;3.5980
1,,,,,13,Ni,"13.000000,0.495627,0.748585",1|16|24|8,1|5|4|4,4,1,1,Cu,0.0733,16,5,"Al,Co,Cu,Fe,Ni",1.7302;1.7302;1.7640;1.7640;1.7707;1.7707;1.7931;1.7931;1.8159;1.8159;1.8192;1.8192;1.8483;1.8483;1.8991;1.8991,24,4,"Al,Co,Cu,Ni",2.4769;2.4769;2.4769;2.4962;2.4962;2.4962;2.5201;2.5201;2.5201;2.5271;2.5271;2.5271;2.5319;2.5319;2.5319;2.5418;2.5418;2.5418;2.6144;2.6144;2.6144;2.6197;2.6197;2.6197,8,4,"Co,Cu,Fe,Ni",3.4682;3.4682;3.5425;3.5425;3.6403;3.6403;3.6441;3.6441
1,,,,,14,Ni,"14.000000,-0.000148,0.749938",1|16|24|8,1|5|4|4,4,1,1,Co,0.0969,16,5,"Al,Co,Cu,Fe,Ni",1.6942;1.6942;1.7484;1.7484;1.7814;1.7814;1.7870;1.7870;1.8092;1.8092;1.8098;1.8098;1.8137;1.8137;1.8366;1.8366,24,4,"Al,Co,Cu,Ni",2.4911;2.4911;2.4911;2.5163;2.5163;2.5163;2.5346;2.5346;2.5346;2.5416;2.5416;2.5416;2.5501;2.5501;2.5501;2.5503;2.5503;2.5503;2.5647;2.5647;2.5647;2.5890;2.5890;2.5890,8,4,"Al,Cu,Fe,Ni",3.5336;3.5336;3.5425;3.5425;3.6117;3.6117;3.6438;3.6438
1,,,,,15,Ni,"15.000000,0.249029,0.497820",1|16|24|8,1|4|5|3,4,1,1,Cu,0.0366,16,4,"Al,Co,Fe,Ni",1.7568;1.7568;1.7576;1.7576;1.7634;1.7634;1.7672;1.7672;1.7743;1.7743;1.8071;1.8071;1.8414;1.8414;1.8890;1.8890,24,5,"Al,Co,Cu,Fe,Ni",2.5401;2.5401;2.5401;2.5418;2.5418;2.5418;2.5437;2.5437;2.5437;2.5585;2.5585;2.5585;2.5616;2.5616;2.5616;2.5647;2.5647;2.5647;2.5669;2.5669;2.5669;2.5735;2.5735;2.5735,8,3,"Al,Co,Cu",3.5229;3.5229;3.5518;3.5518;3.6223;3.6223;3.6298;3.6298
1,,,,,16,Ni,"16.000000,0.753772,0.002203",1|16|24|8,1|5|5|3,4,1,1,Al,0.1230,16,5,"Al,Co,Cu,Fe,Ni",1.6805;1.6805;1.7163;1.7163;1.7543;1.7543;1.8124;1.8124;1.8163;1.8163;1.8522;1.8522;1.8640;1.8640;1.8681;1.8681,24,5,"Al,Co,Cu,Fe,Ni",2.5214;2.5214;2.5214;2.5230;2.5230;2.5230;2.5495;2.5495;2.5495;2.5501;2.5501;2.5501;2.5547;2.5547;2.5547;2.5593;2.5593;2.5593;2.5833;2.5833;2.5833;2.6144;2.6144;2.6144,8,3,"Al,Co,Cu",3.5571;3.5571;3.5637;3.5637;3.5998;3.5998;3.6166;3.6166
1,,,,,17,Ni,"17.000000,0.244814,0.250764",1|16|24|8,1|4|4|2,4,1,1,Co,0.0469,16,4,"Al,Cu,Fe,Ni",1.7645;1.7645;1.8018;1.8018;1.8071;1.8071;1.8242;1.8242;1.8410;1.8410;1.8432;1.8432;1.8525;1.8525;1.8867;1.8867,24,4,"Al,Co,Cu,Fe",2.5057;2.5057;2.5057;2.5303;2.5303;2.5303;2.5817;2.5817;2.5817;2.5839;2.5839;2.5839;2.5850;2.5850;2.5850;2.6070;2.6070;2.6070;2.6235;2.6235;2.6235;2.6451;2.6451;2.6451,8,2,"Co,Fe",3.5183;3.5183;3.5321;3.5321;3.5742;3.5742;3.6187;3.6187
1,,,,,18,Ni,"18.000000,0.749763,0.747367",1|16|24|8,1|4|4|2,4,1,1,Cu,0.0231,16,4,"Al,Co,Cu,Ni",1.7361;1.7361;1.7466;1.7466;1.7566;1.7566;1.7870;1.7870;1.8159;1.8159;1.8340;1.8340;1.8636;1.8636;1.8640;1.8640,24,4,"Al,Co,Cu,Fe",2.4728;2.4728;2.4728;2.4796;2.4796;2.4796;2.5136;2.5136;2.5136;2.5199;2.5199;2.5199;2.5325;2.5325;2.5325;2.5433;2.5433;2.5433;2.5764;2.5764;2.5764;2.6119;2.6119;2.6119,8,2,"Co,Fe",3.5458;3.5458;3.5671;3.5671;3.5980;3.5980;3.6337;3.6337
1,,,,,19,Co,"19.000000,0.002291,0.502586",1|16|24|8,1|5|4|3,4,1,1,Al,0.1159,16,5,"Al,Co,Cu,Fe,Ni",1.7570;1.7570;1.7604;1.7604;1.7634;1.7634;1.7885;1.7885;1.8035;1.8035;1.8092;1.8092;1.8349;1.8349;1.8712;1.8712,24,4,"Co,Cu,Fe,Ni",2.4697;2.4697;2.4697;2.5303;2.5303;2.5303;2.5326;2.5326;2.5326;2.5433;2.5433;2.5433;2.5489;2.5489;2.5489;2.5569;2.5569;2.5569;2.5648;2.5648;2.5648;2.5795;2.5795;2.5795,8,3,"Al,Co,Fe",3.5196;3.5196;3.5376;3.5376;3.5575;3.5575;3.6453;3.6453
1,,,,,20,Co,"20.000000,0.988951,0.000814",1|16|24|6,1|4|4|3,4,1,1,Al,0.0931,16,4,"Al,Co,Fe,Ni",1.6805;1.6805;1.7429;1.7429;1.7803;1.7803;1.8362;1.8362;1.8366;1.8366;1.8677;1.8677;1.9011;1.9011;1.9092;1.9092,24,4,"Co,Cu,Fe,Ni",2.4899;2.4899;2.4899;2.5199;2.5199;2.5199;2.5254;2.5254;2.5254;2.5370;2.5370;2.5370;2.5380;2.5380;2.5380;2.5839;2.5839;2.5839;2.6054;2.6054;2.6054;2.6670;2.6670;2.6670,6,3,"Al,Cu,Fe",3.4345;3.4345;3.4928;3.4928;3.5305;3.5305
1,,,,,21,Co,"21.000000,0.010351,0.758326",1|16|24|8,1|5|4|4,4,1,1,Ni,0.0969,16,5,"Al,Co,Cu,Fe,Ni",1.6909;1.6909;1.7104;1.7104;1.7382;1.7382;1.7557;1.7557;1.7803;1.7803;1.8636;1.8636;1.8712;1.8712;1.8865;1.8865,24,4,"Al,Co,Cu,Ni",2.4539;2.4539;2.4539;2.4927;2.4927;2.4927;2.5277;2.5277;2.5277;2.5300;2.5300;2.5300;2.5585;2.5585;2.5585;2.5593;2.5593;2.5593;2.5876;2.5876;2.5876;2.6376;2.6376;2.6376,8,4,"Al,Cu,Fe,Ni",3.4682;3.4682;3.5381;3.5381;3.6099;3.6099;3.6434;3.6434
1,,,,,22,Co,"22.000000,0.755990,0.496685",1|16|24|8,1|5|5|3,4,1,1,Cu,0.1013,16,5,"Al,Co,Cu,Fe,Ni",1.7604;1.7604;1.7649;1.7649;1.7796;1.7796;1.8004;1.8004;1.8311;1.8311;1.8340;1.8340;1.8501;1.8501;1.8673;1.8673,24,5,"Al,Co,Cu,Fe,Ni",2.4418;2.4418;2.4418;2.4907;2.4907;2.4907;2.5416;2.5416;2.5416;2.5422;2.5422;2.5422;2.5532;2.5532;2.5532;2.5539;2.5539;2.5539;2.6197;2.6197;2.6197;2.6376;2.6376;2.6376,8,3,"Al,Cu,Ni",3.5171;3.5171;3.5229;3.5229;3.5906;3.5906;3.6166;3.6166
1,,,,,23,Co,"23.000000,0.240224,0.246183",1|16|24|8,1|4|4|2,4,1,1,Ni,0.0469,16,4,"Al,Cu,Fe,Ni",1.7322;1.7322;1.7701;1.7701;1.7924;1.7924;1.8414;1.8414;1.8549;1.8549;1.8741;1.8741;1.8774;1.8774;1.8856;1.8856,24,4,"Al,Co,Cu,Fe",2.5326;2.5326;2.5326;2.5370;2.5370;2.5370;2.5526;2.5526;2.5526;2.5766;2.5766;2.5766;2.5816;2.5816;2.5816;2.6109;2.6109;2.6109;2.6319;2.6319;2.6319;2.6453;2.6453;2.6453,8,2,"Co,Fe",3.4857;3.4857;3.4998;3.4998;3.5860;3.5860;3.6080;3.6080
1,,,,,24,Co,"24.000000,0.752418,0.250542",1|16|24|4,1|5|4|2,4,1,1,Fe,0.0382,16,5,"Al,Co,Cu,Fe,Ni",1.7174;1.7174;1.7539;1.7539;1.7744;1.7744;1.7859;1.7859;1.8004;1.8004;1.8163;1.8163;1.8977;1.8977;1.9244;1.9244,24,4,"Al,Co,Cu,Fe",2.4899;2.4899;2.4899;2.5246;2.5246;2.5246;2.5442;2.5442;2.5442;2.5624;2.5624;2.5624;2.5648;2.5648;2.5648;2.5764;2.5764;2.5764;2.6265;2.6265;2.6265;2.6574;2.6574;2.6574,4,2,"Co,Ni",3.4857;3.4857;3.5183;3.5183
1,,,,,25,Co,"25.000000,0.253608,0.756070",1|16|24|8,1|4|4|3,4,1,1,Fe,0.1261,16,4,"Al,Co,Cu,Ni",1.7302;1.7302;1.7333;1.7333;1.7382;1.7382;1.7955;1.7955;1.8004;1.8004;1.8137;1.8137;1.8530;1.8530;1.8890;1.8890,24,4,"Al,Co,Cu,Fe",2.4889;2.4889;2.4889;2.5122;2.5122;2.5122;2.5122;2.5122;2.5122;2.5219;2.5219;2.5219;2.5319;2.5319;2.5319;2.5795;2.5795;2.5795;2.6054;2.6054;2.6054;2.6180;2.6180;2.6180,8,3,"Co,Cu,Ni",3.5231;3.5231;3.5458;3.5458;3.5860;3.5860;3.6187;3.6187
1,,,,,26,Cu,"26.000000,0.500121,0.001267",1|16|24|8,1|4|4|3,4,1,1,Fe,0.0662,16,4,"Al,Cu,Fe,Ni",1.7452;1.7452;1.7513;1.7513;1.7555;1.7555;1.8124;1.8124;1.8220;1.8220;1.8262;1.8262;1.8483;1.8483;1.8723;1.8723,24,4,"Co,Cu,Fe,Ni",2.5122;2.5122;2.5122;2.5624;2.5624;2.5624;2.5633;2.5633;2.5633;2.5764;2.5764;2.5764;2.5785;2.5785;2.5785;2.5816;2.5816;2.5816;2.5817;2.5817;2.5817;2.6231;2.6231;2.6231,8,3,"Al,Co,Fe",3.4928;3.4928;3.5271;3.5271;3.5668;3.5668;3.6189;3.6189
1,,,,,27,Cu,"27.000000,0.502473,0.250382",1|16|24|8,1|5|4|4,4,1,1,Fe,0.0122,16,5,"Al,Co,Cu,Fe,Ni",1.7452;1.7452;1.7727;1.7727;1.7859;1.7859;1.8220;1.8220;1.8410;1.8410;1.8535;1.8535;1.8739;1.8739;1.8741;1.8741,24,4,"Al,Co,Cu,Ni",2.5359;2.5359;2.5359;2.5532;2.5532;2.5532;2.5547;2.5547;2.5547;2.5616;2.5616;2.5616;2.5760;2.5760;2.5760;2.5915;2.5915;2.5915;2.5917;2.5917;2.5917;2.6037;2.6037;2.6037,8,4,"Al,Cu,Fe,Ni",3.5031;3.5031;3.5398;3.5398;3.6200;3.6200;3.6441;3.6441
1,,,,,28,Cu,"28.000000,0.505324,0.745328",1|16|24|8,1|5|4|4,4,1,1,Ni,0.0733,16,5,"Al,Co,Cu,Fe,Ni",1.7238;1.7238;1.7466;1.7466;1.7484;1.7484;1.8004;1.8004;1.8325;1.8325;1.8410;1.8410;1.8723;1.8723;1.8760;1.8760,24,4,"Al,Co,Cu,Ni",2.4642;2.4642;2.4642;2.4655;2.4655;2.4655;2.5423;2.5423;2.5423;2.5525;2.5525;2.5525;2.5539;2.5539;2.5539;2.5735;2.5735;2.5735;2.5833;2.5833;2.5833;2.5920;2.5920;2.5920,8,4,"Co,Cu,Fe,Ni",3.5336;3.5336;3.5381;3.5381;3.6159;3.6159;3.6200;3.6200
1,,,,,29,Cu,"29.000000,0.752110,0.510008",1|16|24|8,1|5|5|3,4,1,1,Co,0.1013,16,5,"Al,Co,Cu,Fe,Ni",1.7328;1.7328;1.7361;1.7361;1.7885;1.7885;1.8014;1.8014;1.8279;1.8279;1.8382;1.8382;1.8620;1.8620;1.8977;1.8977,24,5,"Al,Co,Cu,Fe,Ni",2.4655;2.4655;2.4655;2.4911;2.4911;2.4911;2.5317;2.5317;2.5317;2.5319;2.5319;2.5319;2.5806;2.5806;2.5806;2.5876;2.5876;2.5876;2.5929;2.5929;2.5929;2.6037;2.6037;2.6037,8,3,"Al,Cu,Ni",3.4926;3.4926;3.5451;3.5451;3.5518;3.5518;3.5998;3.5998
1,,,,,30,Cu,"30.000000,0.248193,0.502763",1|16|24|8,1|4|5|3,4,1,1,Ni,0.0366,16,4,"Al,Co,Fe,Ni",1.7310;1.7310;1.7481;1.7481;1.7570;1.7570;1.7627;1.7627;1.7820;1.7820;1.8432;1.8432;1.8530;1.8530;1.8774;1.8774,24,5,"Al,Co,Cu,Fe,Ni",2.5201;2.5201;2.5201;2.5277;2.5277;2.5277;2.5346;2.5346;2.5346;2.5525;2.5525;2.5525;2.5617;2.5617;2.5617;2.5647;2.5647;2.5647;2.5915;2.5915;2.5915;2.5967;2.5967;2.5967,8,3,"Al,Co,Cu",3.5171;3.5171;3.5451;3.5451;3.5862;3.5862;3.6484;3.6484
1,,,,,31,Cu,"31.000000,0.746575,0.746864",1|16|24|8,1|4|4|2,4,1,1,Ni,0.0231,16,4,"Al,Co,Cu,Ni",1.7238;1.7238;1.7328;1.7328;1.7600;1.7600;1.7931;1.7931;1.8098;1.8098;1.8311;1.8311;1.8681;1.8681;1.8865;1.8865,24,4,"Al,Co,Cu,Fe",2.4872;2.4872;2.4872;2.4983;2.4983;2.4983;2.5007;2.5007;2.5007;2.5136;2.5136;2.5136;2.5380;2.5380;2.5380;2.5569;2.5569;2.5569;2.5633;2.5633;2.5633;2.5936;2.5936;2.5936,8,2,"Co,Fe",3.5231;3.5231;3.5562;3.5562;3.5944;3.5944;3.6303;3.6303
2,,,,,0,Si,"0.000000,0.504059,0.248369",1|16|24|8,1|3|3|3,4,1,1,Fe,0.0295,16,3,"Co,Fe,Ni",1.7553;1.7553;1.7590;1.7590;1.7738;1.7738;1.7818;1.7818;1.7885;1.7885;1.8065;1.8065;1.8234;1.8234;1.8239;1.8239,24,3,"Co,Fe,Ni",2.4566;2.4566;2.4566;2.4638;2.4638;2.4638;2.5035;2.5035;2.5035;2.5093;2.5093;2.5093;2.5283;2.5283;2.5283;2.5323;2.5323;2.5323;2.5355;2.5355;2.5355;2.5495;2.5495;2.5495,8,3,"Co,Fe,Ni",3.5034;3.5034;3.5218;3.5218;3.5251;3.5251;3.5463;3.5463
2,,,,,1,Mn,"1.000000,-0.001717,0.500328",1|16|24|8,1|3|3|3,4,1,1,Ni,0.0041,16,3,"Co,Fe,Ni",1.7586;1.7586;1.7667;1.7667;1.7703;1.7703;1.7748;1.7748;1.7782;1.7782;1.7866;1.7866;1.7950;1.7950;1.7961;1.7961,24,3,"Co,Fe,Ni",2.4851;2.4851;2.4851;2.4958;2.4958;2.4958;2.5008;2.5008;2.5008;2.5021;2.5021;2.5021;2.5066;2.5066;2.5066;2.5160;2.5160;2.5160;2.5215;2.5215;2.5215;2.5274;2.5274;2.5274,8,3,"Co,Fe,Ni",3.5191;3.5191;3.5346;3.5346;3.5433;3.5433;3.5463;3.5463
2,,,,,2,Fe,"2.000000,0.499955,0.500142",1|16|24|8,1|3|3|3,4,1,1,Co,0.0239,16,3,"Fe,Ni,Si",1.7569;1.7569;1.7622;1.7622;1.7682;1.7682;1.7761;1.7761;1.7885;1.7885;1.7921;1.7921;1.7926;1.7926;1.8047;1.8047,24,3,"Co,Fe,Ni",2.4872;2.4872;2.4872;2.5098;2.5098;2.5098;2.5103;2.5103;2.5103;2.5151;2.5151;2.5151;2.5253;2.5253;2.5253;2.5308;2.5308;2.5308;2.5361;2.5361;2.5361;2.5438;2.5438;2.5438,8,3,"Co,Mn,Ni",3.5326;3.5326;3.5343;3.5343;3.5346;3.5346;3.5433;3.5433
2,,,,,3,Fe,"3.000000,0.500606,0.246054",1|16|24|8,1|3|3|3,4,1,1,Si,0.0295,16,3,"Co,Fe,Ni",1.7386;1.7386;1.7653;1.7653;1.7835;1.7835;1.7984;1.7984;1.7991;1.7991;1.7997;1.7997;1.8047;1.8047;1.8229;1.8229,24,3,"Co,Fe,Ni",2.4625;2.4625;2.4625;2.4927;2.4927;2.4927;2.4993;2.4993;2.4993;2.5094;2.5094;2.5094;2.5206;2.5206;2.5206;2.5263;2.5263;2.5263;2.5300;2.5300;2.5300;2.5382;2.5382;2.5382,8,3,"Co,Fe,Ni",3.5054;3.5054;3.5280;3.5280;3.5298;3.5298;3.5433;3.5433
2,,,,,4,Fe,"4.000000,-0.001994,0.751864",1|16|24|8,1|4|3|3,4,1,1,Ni,0.0153,16,4,"Co,Fe,Mn,Ni",1.7533;1.7533;1.7598;1.7598;1.7691;1.7691;1.7728;1.7728;1.7825;1.7825;1.7866;1.7866;1.7910;1.7910;1.7938;1.7938,24,3,"Co,Fe,Ni",2.4692;2.4692;2.4692;2.4808;2.4808;2.4808;2.4953;2.4953;2.4953;2.5023;2.5023;2.5023;2.5161;2.5161;2.5161;2.5331;2.5331;2.5331;2.5368;2.5368;2.5368;2.5408;2.5408;2.5408,8,3,"Co,Fe,Ni",3.5180;3.5180;3.5180;3.5180;3.5213;3.5213;3.5457;3.5457
2,,,,,5,Fe,"5.000000,0.502014,0.752522",1|16|24|8,1|3|3|3,4,1,1,Ni,0.0244,16,3,"Co,Fe,Ni",1.7401;1.7401;1.7489;1.7489;1.7652;1.7652;1.7668;1.7668;1.7744;1.7744;1.7820;1.7820;1.7839;1.7839;1.7926;1.7926,24,3,"Co,Fe,Ni",2.4804;2.4804;2.4804;2.5024;2.5024;2.5024;2.5030;2.5030;2.5030;2.5038;2.5038;2.5038;2.5196;2.5196;2.5196;2.5223;2.5223;2.5223;2.5382;2.5382;2.5382;2.5650;2.5650;2.5650,8,3,"Fe,Ni,Si",3.5054;3.5054;3.5180;3.5180;3.5218;3.5218;3.5277;3.5277
2,,,,,6,Fe,"6.000000,0.246289,0.002321",1|16|24|8,1|3|4|3,4,1,1,Fe,0.0621,16,3,"Co,Fe,Ni",1.7506;1.7506;1.7575;1.7575;1.7587;1.7587;1.7725;1.7725;1.7875;1.7875;1.7996;1.7996;1.8105;1.8105;1.8178;1.8178,24,4,"Co,Fe,Ni,Si",2.4628;2.4628;2.4628;2.4956;2.4956;2.4956;2.4993;2.4993;2.4993;2.5023;2.5023;2.5023;2.5039;2.5039;2.5039;2.5283;2.5283;2.5283;2.5382;2.5382;2.5382;2.5554;2.5554;2.5554,8,3,"Co,Fe,Ni",3.4927;3.4927;3.5061;3.5061;3.5262;3.5262;3.5409;3.5409
2,,,,,7,Fe,"7.000000,0.247330,0.495961",1|16|24|8,1|4|4|2,4,1,1,Ni,0.0456,16,4,"Co,Fe,Mn,Ni",1.7337;1.7337;1.7486;1.7486;1.7667;1.7667;1.7671;1.7671;1.7792;1.7792;1.7921;1.7921;1.8079;1.8079;1.8094;1.8094,24,4,"Co,Fe,Ni,Si",2.4797;2.4797;2.4797;2.4816;2.4816;2.4816;2.5216;2.5216;2.5216;2.5263;2.5263;2.5263;2.5323;2.5323;2.5323;2.5368;2.5368;2.5368;2.5478;2.5478;2.5478;2.5650;2.5650;2.5650,8,2,"Fe,Ni",3.5061;3.5061;3.5253;3.5253;3.5400;3.5400;3.5444;3.5444
2,,,,,8,Fe,"8.000000,0.249905,-0.005643",1|16|24|8,1|3|4|3,4,1,1,Fe,0.0621,16,3,"Co,Fe,Ni",1.7307;1.7307;1.7609;1.7609;1.7746;1.7746;1.7766;1.7766;1.7846;1.7846;1.7851;1.7851;1.8142;1.8142;1.8292;1.8292,24,4,"Co,Fe,Ni,Si",2.4804;2.4804;2.4804;2.4808;2.4808;2.4808;2.4821;2.4821;2.4821;2.4974;2.4974;2.4974;2.5206;2.5206;2.5206;2.5211;2.5211;2.5211;2.5495;2.5495;2.5495;2.5538;2.5538;2.5538,8,3,"Co,Fe,Ni",3.5053;3.5053;3.5185;3.5185;3.5400;3.5400;3.5416;3.5416
2,,,,,9,Fe,"9.000000,0.754146,0.249199",1|16|24|8,1|4|4|2,4,1,1,Co,0.0166,16,4,"Co,Fe,Ni,Si",1.7295;1.7295;1.7409;1.7409;1.7513;1.7513;1.7526;1.7526;1.7733;1.7733;1.7738;1.7738;1.7969;1.7969;1.7984;1.7984,24,4,"Co,Fe,Mn,Ni",2.4699;2.4699;2.4699;2.4849;2.4849;2.4849;2.4851;2.4851;2.4851;2.4878;2.4878;2.4878;2.5191;2.5191;2.5191;2.5304;2.5304;2.5304;2.5361;2.5361;2.5361;2.5380;2.5380;2.5380,8,2,"Co,Fe",3.4954;3.4954;3.4957;3.4957;3.5014;3.5014;3.5334;3.5334
2,,,,,10,Fe,"10.000000,0.246989,0.249768",1|16|24|8,1|4|4|3,4,1,1,Co,0.0150,16,4,"Co,Fe,Ni,Si",1.7445;1.7445;1.7486;1.7486;1.7575;1.7575;1.7662;1.7662;1.7835;1.7835;1.7991;1.7991;1.8142;1.8142;1.8234;1.8234,24,4,"Co,Fe,Mn,Ni",2.4933;2.4933;2.4933;2.4968;2.4968;2.4968;2.5066;2.5066;2.5066;2.5097;2.5097;2.5097;2.5180;2.5180;2.5180;2.5253;2.5253;2.5253;2.5442;2.5442;2.5442;2.5491;2.5491;2.5491,8,3,"Co,Fe,Ni",3.4957;3.4957;3.5105;3.5105;3.5277;3.5277;3.5449;3.5449
2,,,,,11,Fe,"11.000000,0.750856,0.756229",1|16|24|8,1|3|4|3,4,1,1,Co,0.0356,16,3,"Co,Fe,Ni",1.7282;1.7282;1.7533;1.7533;1.7608;1.7608;1.7632;1.7632;1.7652;1.7652;1.7656;1.7656;1.8046;1.8046;1.8494;1.8494,24,4,"Co,Fe,Mn,Ni",2.4636;2.4636;2.4636;2.4687;2.4687;2.4687;2.4720;2.4720;2.4720;2.4897;2.4897;2.4897;2.5200;2.5200;2.5200;2.5243;2.5243;2.5243;2.5274;2.5274;2.5274;2.5438;2.5438;2.5438,8,3,"Co,Fe,Ni",3.4940;3.4940;3.5014;3.5014;3.5442;3.5442;3.5471;3.5471
2,,,,,12,Ni,"12.000000,-0.000507,-0.000372",1|16|24|8,1|3|3|3,4,1,1,Co,0.0154,16,3,"Co,Fe,Ni",1.7422;1.7422;1.7506;1.7506;1.7598;1.7598;1.7615;1.7615;1.7716;1.7716;1.7760;1.7760;1.7766;1.7766;1.7860;1.7860,24,3,"Co,Fe,Ni",2.4687;2.4687;2.4687;2.4849;2.4849;2.4849;2.4901;2.4901;2.4901;2.4968;2.4968;2.4968;2.5025;2.5025;2.5025;2.5072;2.5072;2.5072;2.5101;2.5101;2.5101;2.5332;2.5332;2.5332,8,3,"Co,Mn,Ni",3.5323;3.5323;3.5423;3.5423;3.5428;3.5428;3.5463;3.5463
2,,,,,13,Ni,"13.000000,-0.001758,0.500900",1|16|24|8,1|3|3|3,4,1,1,Mn,0.0041,16,3,"Co,Fe,Ni",1.7582;1.7582;1.7671;1.7671;1.7707;1.7707;1.7744;1.7744;1.7780;1.7780;1.7825;1.7825;1.7964;1.7964;1.7990;1.7990,24,3,"Co,Fe,Ni",2.4878;2.4878;2.4878;2.4989;2.4989;2.4989;2.4994;2.4994;2.4994;2.5035;2.5035;2.5035;2.5097;2.5097;2.5097;2.5129;2.5129;2.5129;2.5189;2.5189;2.5189;2.5243;2.5243;2.5243,8,3,"Co,Fe,Ni",3.5188;3.5188;3.5343;3.5343;3.5423;3.5423;3.5474;3.5474
2,,,,,14,Ni,"14.000000,0.500013,0.001266",1|16|24|8,1|4|3|3,4,1,1,Co,0.0287,16,4,"Co,Fe,Ni,Si",1.7386;1.7386;1.7553;1.7553;1.7668;1.7668;1.7671;1.7671;1.7746;1.7746;1.7912;1.7912;1.7996;1.7996;1.8006;1.8006,24,3,"Co,Fe,Ni",2.4897;2.4897;2.4897;2.5007;2.5007;2.5007;2.5033;2.5033;2.5033;2.5090;2.5090;2.5090;2.5180;2.5180;2.5180;2.5191;2.5191;2.5191;2.5288;2.5288;2.5288;2.5288;2.5288;2.5288,8,3,"Co,Fe,Ni",3.5345;3.5345;3.5412;3.5412;3.5428;3.5428;3.5433;3.5433
2,,,,,15,Ni,"15.000000,-0.000629,0.750199",1|16|24|8,1|4|3|3,4,1,1,Fe,0.0153,16,4,"Co,Fe,Mn,Ni",1.7632;1.7632;1.7707;1.7707;1.7716;1.7716;1.7748;1.7748;1.7788;1.7788;1.7813;1.7813;1.7839;1.7839;1.7846;1.7846,24,3,"Co,Fe,Ni",2.4821;2.4821;2.4821;2.4845;2.4845;2.4845;2.4938;2.4938;2.4938;2.5039;2.5039;2.5039;2.5179;2.5179;2.5179;2.5216;2.5216;2.5216;2.5313;2.5313;2.5313;2.5392;2.5392;2.5392,8,3,"Co,Fe,Ni",3.5276;3.5276;3.5277;3.5277;3.5331;3.5331;3.5451;3.5451
2,,,,,16,Ni,"16.000000,0.502024,0.749081",1|16|24|8,1|3|3|3,4,1,1,Fe,0.0244,16,3,"Co,Fe,Ni",1.7489;1.7489;1.7500;1.7500;1.7645;1.7645;1.7656;1.7656;1.7682;1.7682;1.7816;1.7816;1.7840;1.7840;1.7912;1.7912,24,3,"Co,Fe,Ni",2.4865;2.4865;2.4865;2.4974;2.4974;2.4974;2.5024;2.5024;2.5024;2.5047;2.5047;2.5047;2.5198;2.5198;2.5198;2.5201;2.5201;2.5201;2.5478;2.5478;2.5478;2.5554;2.5554;2.5554,8,3,"Fe,Ni,Si",3.5180;3.5180;3.5276;3.5276;3.5298;3.5298;3.5463;3.5463
2,,,,,17,Ni,"17.000000,0.750357,0.502160",1|16|24|8,1|4|4|3,4,1,1,Ni,0.0488,16,4,"Co,Fe,Mn,Ni",1.7582;1.7582;1.7586;1.7586;1.7606;1.7606;1.7728;1.7728;1.7761;1.7761;1.7969;1.7969;1.8041;1.8041;1.8046;1.8046,24,4,"Co,Fe,Ni,Si",2.4865;2.4865;2.4865;2.4938;2.4938;2.4938;2.4953;2.4953;2.4953;2.5038;2.5038;2.5038;2.5039;2.5039;2.5039;2.5093;2.5093;2.5093;2.5366;2.5366;2.5366;2.5382;2.5382;2.5382,8,3,"Co,Fe,Ni",3.5253;3.5253;3.5327;3.5327;3.5373;3.5373;3.5383;3.5383
2,,,,,18,Ni,"18.000000,0.749139,0.004135",1|16|24|8,1|3|4|2,4,1,1,Co,0.0469,16,3,"Co,Fe,Ni",1.7333;1.7333;1.7409;1.7409;1.7571;1.7571;1.7608;1.7608;1.7671;1.7671;1.7676;1.7676;1.7760;1.7760;1.7926;1.7926,24,4,"Co,Fe,Ni,Si",2.4566;2.4566;2.4566;2.4625;2.4625;2.4625;2.4858;2.4858;2.4858;2.4874;2.4874;2.4874;2.5024;2.5024;2.5024;2.5161;2.5161;2.5161;2.5198;2.5198;2.5198;2.5313;2.5313;2.5313,8,2,"Fe,Ni",3.4926;3.4926;3.5262;3.5262;3.5373;3.5373;3.5416;3.5416
2,,,,,19,Ni,"19.000000,0.251509,0.500836",1|16|24|8,1|4|4|2,4,1,1,Fe,0.0456,16,4,"Co,Fe,Mn,Ni",1.7444;1.7444;1.7622;1.7622;1.7686;1.7686;1.7746;1.7746;1.7777;1.7777;1.7835;1.7835;1.7961;1.7961;1.7964;1.7964,24,4,"Co,Fe,Ni,Si",2.5024;2.5024;2.5024;2.5179;2.5179;2.5179;2.5196;2.5196;2.5196;2.5251;2.5251;2.5251;2.5270;2.5270;2.5270;2.5300;2.5300;2.5300;2.5331;2.5331;2.5331;2.5355;2.5355;2.5355,8,2,"Fe,Ni",3.5053;3.5053;3.5190;3.5190;3.5383;3.5383;3.5409;3.5409
2,,,,,20,Ni,"20.000000,0.747615,0.495863",1|16|24|8,1|4|4|3,4,1,1,Ni,0.0488,16,4,"Co,Fe,Mn,Ni",1.7418;1.7418;1.7526;1.7526;1.7569;1.7569;1.7597;1.7597;1.7780;1.7780;1.7782;1.7782;1.8175;1.8175;1.8494;1.8494,24,4,"Co,Fe,Ni,Si",2.4638;2.4638;2.4638;2.4861;2.4861;2.4861;2.4927;2.4927;2.4927;2.5047;2.5047;2.5047;2.5188;2.5188;2.5188;2.5223;2.5223;2.5223;2.5392;2.5392;2.5392;2.5408;2.5408;2.5408,8,3,"Co,Fe,Ni",3.4926;3.4926;3.5190;3.5190;3.5255;3.5255;3.5444;3.5444
2,,,,,21,Ni,"21.000000,0.250507,0.750689",1|16|24|8,1|2|4|2,4,1,1,Co,0.0303,16,2,"Fe,Ni",1.7307;1.7307;1.7746;1.7746;1.7813;1.7813;1.7839;1.7839;1.7840;1.7840;1.7875;1.7875;1.7910;1.7910;1.8094;1.8094,24,4,"Co,Fe,Mn,Ni",2.4976;2.4976;2.4976;2.5084;2.5084;2.5084;2.5090;2.5090;2.5090;2.5101;2.5101;2.5101;2.5103;2.5103;2.5103;2.5189;2.5189;2.5189;2.5215;2.5215;2.5215;2.5251;2.5251;2.5251,8,2,"Co,Fe",3.5328;3.5328;3.5430;3.5430;3.5442;3.5442;3.5449;3.5449
2,,,,,22,Co,"22.000000,0.501490,-0.002489",1|16|24|8,1|4|3|3,4,1,1,Ni,0.0287,16,4,"Co,Fe,Ni,Si",1.7401;1.7401;1.7571;1.7571;1.7645;1.7645;1.7653;1.7653;1.7818;1.7818;1.7846;1.7846;1.7902;1.7902;1.8105;1.8105,24,3,"Co,Fe,Ni",2.4636;2.4636;2.4636;2.4744;2.4744;2.4744;2.4976;2.4976;2.4976;2.5146;2.5146;2.5146;2.5172;2.5172;2.5172;2.5304;2.5304;2.5304;2.5442;2.5442;2.5442;2.5550;2.5550;2.5550,8,3,"Co,Fe,Ni",3.5145;3.5145;3.5241;3.5241;3.5323;3.5323;3.5326;3.5326
2,,,,,23,Co,"23.000000,0.502138,0.502698",1|16|24|8,1|3|3|3,4,1,1,Fe,0.0239,16,3,"Fe,Ni,Si",1.7418;1.7418;1.7500;1.7500;1.7606;1.7606;1.7744;1.7744;1.7777;1.7777;1.8065;1.8065;1.8079;1.8079;1.8229;1.8229,24,3,"Co,Fe,Ni",2.4856;2.4856;2.4856;2.4861;2.4861;2.4861;2.5084;2.5084;2.5084;2.5200;2.5200;2.5200;2.5328;2.5328;2.5328;2.5380;2.5380;2.5380;2.5388;2.5388;2.5388;2.5491;2.5491;2.5491,8,3,"Co,Mn,Ni",3.5145;3.5145;3.5188;3.5188;3.5191;3.5191;3.5412;3.5412
2,,,,,24,Co,"24.000000,-0.001665,0.001458",1|16|24|8,1|3|3|3,4,1,1,Ni,0.0154,16,3,"Co,Fe,Ni",1.7340;1.7340;1.7485;1.7485;1.7587;1.7587;1.7676;1.7676;1.7728;1.7728;1.7730;1.7730;1.7846;1.7846;1.7851;1.7851,24,3,"Co,Fe,Ni",2.4699;2.4699;2.4699;2.4720;2.4720;2.4720;2.4751;2.4751;2.4751;2.4933;2.4933;2.4933;2.5037;2.5037;2.5037;2.5058;2.5058;2.5058;2.5251;2.5251;2.5251;2.5482;2.5482;2.5482,8,3,"Co,Mn,Ni",3.5241;3.5241;3.5345;3.5345;3.5433;3.5433;3.5474;3.5474
2,,,,,25,Co,"25.000000,0.001050,0.247628",1|16|24|8,1|4|3|3,4,1,1,Co,0.0328,16,4,"Co,Fe,Mn,Ni",1.7443;1.7443;1.7445;1.7445;1.7485;1.7485;1.7513;1.7513;1.7615;1.7615;1.7661;1.7661;1.7950;1.7950;1.7990;1.7990,24,3,"Co,Fe,Ni",2.4628;2.4628;2.4628;2.4816;2.4816;2.4816;2.4848;2.4848;2.4848;2.4858;2.4858;2.4858;2.5188;2.5188;2.5188;2.5211;2.5211;2.5211;2.5270;2.5270;2.5270;2.5366;2.5366;2.5366,8,3,"Fe,Ni,Si",3.5213;3.5213;3.5251;3.5251;3.5331;3.5331;3.5433;3.5433
2,,,,,26,Co,"26.000000,-0.002019,0.251077",1|16|24|8,1|4|3|3,4,1,1,Co,0.0328,16,4,"Co,Fe,Mn,Ni",1.7295;1.7295;1.7444;1.7444;1.7658;1.7658;1.7662;1.7662;1.7703;1.7703;1.7730;1.7730;1.7744;1.7744;1.7860;1.7860,24,3,"Co,Fe,Ni",2.4797;2.4797;2.4797;2.4861;2.4861;2.4861;2.4871;2.4871;2.4871;2.4874;2.4874;2.4874;2.4956;2.4956;2.4956;2.5039;2.5039;2.5039;2.5251;2.5251;2.5251;2.5538;2.5538;2.5538,8,3,"Fe,Ni,Si",3.5034;3.5034;3.5280;3.5280;3.5451;3.5451;3.5457;3.5457
2,,,,,27,Co,"27.000000,0.753872,-0.000464",1|16|24|8,1|3|4|2,4,1,1,Ni,0.0469,16,3,"Co,Fe,Ni",1.7282;1.7282;1.7340;1.7340;1.7422;1.7422;1.7603;1.7603;1.7659;1.7659;1.7733;1.7733;1.7902;1.7902;1.8006;1.8006,24,4,"Co,Fe,Ni,Si",2.4692;2.4692;2.4692;2.4845;2.4845;2.4845;2.4848;2.4848;2.4848;2.4871;2.4871;2.4871;2.5030;2.5030;2.5030;2.5035;2.5035;2.5035;2.5094;2.5094;2.5094;2.5201;2.5201;2.5201,8,2,"Fe,Ni",3.4927;3.4927;3.5185;3.5185;3.5255;3.5255;3.5327;3.5327
2,,,,,28,Co,"28.000000,0.246941,0.251875",1|16|24|8,1|4|4|3,4,1,1,Fe,0.0150,16,4,"Co,Fe,Ni,Si",1.7337;1.7337;1.7443;1.7443;1.7658;1.7658;1.7686;1.7686;1.7725;1.7725;1.7997;1.7997;1.8239;1.8239;1.8292;1.8292,24,4,"Co,Fe,Mn,Ni",2.4958;2.4958;2.4958;2.4989;2.4989;2.4989;2.5037;2.5037;2.5037;2.5072;2.5072;2.5072;2.5151;2.5151;2.5151;2.5288;2.5288;2.5288;2.5388;2.5388;2.5388;2.5550;2.5550;2.5550,8,3,"Co,Fe,Ni",3.4954;3.4954;3.5102;3.5102;3.5128;3.5128;3.5430;3.5430
2,,,,,29,Co,"29.000000,0.250848,0.746435",1|16|24|8,1|2|4|2,4,1,1,Ni,0.0303,16,2,"Fe,Ni",1.7444;1.7444;1.7609;1.7609;1.7792;1.7792;1.7816;1.7816;1.7820;1.7820;1.7839;1.7839;1.7938;1.7938;1.8178;1.8178,24,4,"Co,Fe,Mn,Ni",2.4856;2.4856;2.4856;2.4872;2.4872;2.4872;2.4994;2.4994;2.4994;2.5021;2.5021;2.5021;2.5172;2.5172;2.5172;2.5288;2.5288;2.5288;2.5332;2.5332;2.5332;2.5482;2.5482;2.5482,8,2,"Co,Fe",3.5128;3.5128;3.5277;3.5277;3.5306;3.5306;3.5471;3.5471
2,,,,,30,Co,"30.000000,0.748586,0.751753",1|16|24|8,1|3|4|3,4,1,1,Fe,0.0356,16,3,"Co,Fe,Ni",1.7489;1.7489;1.7489;1.7489;1.7603;1.7603;1.7691;1.7691;1.7728;1.7728;1.7788;1.7788;1.7926;1.7926;1.8175;1.8175,24,4,"Co,Fe,Mn,Ni",2.4744;2.4744;2.4744;2.4861;2.4861;2.4861;2.5007;2.5007;2.5007;2.5025;2.5025;2.5025;2.5058;2.5058;2.5058;2.5098;2.5098;2.5098;2.5129;2.5129;2.5129;2.5160;2.5160;2.5160,8,3,"Co,Fe,Ni",3.5258;3.5258;3.5306;3.5306;3.5328;3.5328;3.5334;3.5334
2,,,,,31,Co,"31.000000,0.752055,0.248157",1|16|24|8,1|4|4|2,4,1,1,Fe,0.0166,16,4,"Co,Fe,Ni,Si",1.7333;1.7333;1.7444;1.7444;1.7590;1.7590;1.7597;1.7597;1.7659;1.7659;1.7661;1.7661;1.7835;1.7835;1.8041;1.8041,24,4,"Co,Fe,Mn,Ni",2.4751;2.4751;2.4751;2.4901;2.4901;2.4901;2.5008;2.5008;2.5008;2.5033;2.5033;2.5033;2.5035;2.5035;2.5035;2.5146;2.5146;2.5146;2.5308;2.5308;2.5308;2.5328;2.5328;2.5328,8,2,"Co,Fe",3.4940;3.4940;3.5102;3.5102;3.5105;3.5105;3.5258;3.5258
3,,,,,0,Si,"0.000000,0.007677,0.494702",1|14|24|2,1|4|4|1,4,1,1,Co,0.0939,14,4,"Co,Cr,Fe,Ni",1.7033;1.7033;1.7235;1.7235;1.7288;1.7288;1.7392;1.7392;1.8127;1.8127;1.8483;1.8483;1.8633;1.8633,24,4,"Co,Fe,Ni,Si",2.4519;2.4519;2.4519;2.4608;2.4608;2.4608;2.4671;2.4671;2.4671;2.4967;2.4967;2.4967;2.5277;2.5277;2.5277;2.5637;2.5637;2.5637;2.5814;2.5814;2.5814;2.5829;2.5829;2.5829,2,1,Fe,2.8128;2.8128
3,,,,,1,Si,"1.000000,0.744114,0.247519",1|16|2|21,1|4|1|4,4,1,1,Co,0.0686,16,4,"Co,Cr,Fe,Ni",1.7042;1.7042;1.7149;1.7149;1.7691;1.7691;1.7854;1.7854;1.7983;1.7983;1.8037;1.8037;1.8219;1.8219;1.8280;1.8280,2,1,Fe,2.0934;2.0934,21,4,"Co,Fe,Ni,Si",2.4223;2.4223;2.4223;2.4770;2.4770;2.4770;2.4955;2.4955;2.4955;2.5031;2.5031;2.5031;2.5159;2.5159;2.5159;2.5375;2.5375;2.5375;2.5637;2.5637;2.5637
3,,,,,2,Cr,"2.000000,0.248203,0.000562",1|1|16|21,1|1|3|3,4,1,1,Ni,0.0358,1,1,Fe,0.3672,16,3,"Co,Fe,Ni",1.7572;1.7572;1.7722;1.7722;1.7827;1.7827;1.8011;1.8011;1.8013;1.8013;1.8061;1.8061;1.8153;1.8153;1.9047;1.9047,21,3,"Co,Fe,Ni",2.5031;2.5031;2.5031;2.5132;2.5132;2.5132;2.5155;2.5155;2.5155;2.5176;2.5176;2.5176;2.5356;2.5356;2.5356;2.5379;2.5379;2.5379;2.5456;2.5456;2.5456
3,,,,,3,Cr,"3.000000,0.744979,0.503215",1|16|21|2,1|3|3|1,4,1,1,Fe,0.0164,16,3,"Co,Ni,Si",1.7231;1.7231;1.7327;1.7327;1.7494;1.7494;1.7540;1.7540;1.7805;1.7805;1.7874;1.7874;1.8219;1.8219;1.8633;1.8633,21,3,"Co,Fe,Ni",2.4780;2.4780;2.4780;2.4800;2.4800;2.4800;2.4856;2.4856;2.4856;2.4900;2.4900;2.4900;2.5169;2.5169;2.5169;2.5180;2.5180;2.5180;2.5468;2.5468;2.5468,2,1,Fe,3.3954;3.3954
3,,,,,4,Fe,"4.000000,0.000339,0.003922",1|14|2|24,1|4|1|4,4,1,1,Fe,0.6847,14,4,"Co,Cr,Fe,Ni",1.7572;1.7572;1.7588;1.7588;1.7679;1.7679;1.7929;1.7929;1.7950;1.7950;1.8050;1.8050;1.8163;1.8163,2,1,Fe,2.1244;2.1244,24,4,"Co,Fe,Ni,Si",2.4962;2.4962;2.4962;2.4987;2.4987;2.4987;2.5159;2.5159;2.5159;2.5196;2.5196;2.5196;2.5284;2.5284;2.5284;2.5366;2.5366;2.5366;2.5676;2.5676;2.5676;2.5854;2.5854;2.5854
3,,,,,5,Fe,"5.000000,0.504281,0.004635",1|2|16|24,1|1|4|4,4,1,1,Ni,0.0553,2,1,Fe,1.4483;1.4483,16,4,"Co,Cr,Fe,Ni",1.7120;1.7120;1.7499;1.7499;1.7541;1.7541;1.7615;1.7615;1.7796;1.7796;1.8076;1.8076;1.8153;1.8153;1.8180;1.8180,24,4,"Co,Fe,Ni,Si",2.4223;2.4223;2.4223;2.4888;2.4888;2.4888;2.4986;2.4986;2.4986;2.5137;2.5137;2.5137;2.5189;2.5189;2.5189;2.5192;2.5192;2.5192;2.5239;2.5239;2.5239;2.5915;2.5915;2.5915
3,,,,,6,Fe,"6.000000,-0.000919,4.100000",1|2|8|8,1|2|4|3,4,1,1,Fe,0.6847,2,2,"Fe,Ni",1.0741;1.1104,8,4,"Co,Cr,Fe,Ni",1.9032;1.9032;1.9047;1.9047;1.9321;1.9321;1.9369;1.9369,8,3,"Co,Fe,Si",2.0612;2.0612;2.0846;2.0846;2.0934;2.0934;2.1122;2.1122
3,,,,,7,Fe,"7.000000,0.000945,0.749009",14|26|3|8,4|4|1|3,4,14,4,"Co,Fe,Ni,Si",1.7276;1.7276;1.7662;1.7662;1.7829;1.7829;1.8058;1.8058;1.8127;1.8127;1.8163;1.8163;1.8230;1.8230,26,4,"Co,Cr,Fe,Ni",2.5009;2.5009;2.5029;2.5029;2.5029;2.5031;2.5031;2.5031;2.5062;2.5062;2.5062;2.5149;2.5149;2.5149;2.5180;2.5180;2.5180;2.5221;2.5221;2.5221;2.5302;2.5302;2.5302;2.5438;2.5438;2.5438,3,1,Fe,2.7694;2.7694;2.7694,8,3,"Co,Fe,Ni",3.5140;3.5140;3.5193;3.5193;3.5234;3.5234;3.5502;3.5502
3,,,,,8,Fe,"8.000000,-0.002302,0.255827",1|1|14|24,1|1|3|4,4,1,1,Ni,0.0367,1,1,Fe,1.1104,14,3,"Co,Fe,Si",1.7033;1.7033;1.7387;1.7387;1.7481;1.7481;1.7950;1.7950;1.7983;1.7983;1.8066;1.8066;1.8180;1.8180,24,4,"Co,Cr,Fe,Ni",2.4911;2.4911;2.4911;2.4917;2.4917;2.4917;2.5103;2.5103;2.5103;2.5169;2.5169;2.5169;2.5373;2.5373;2.5373;2.5456;2.5456;2.5456;2.5521;2.5521;2.5521;2.5688;2.5688;2.5688
3,,,,,9,Fe,"9.000000,-9.700000,-5.000000",2|4|8|2,2|2|2|1,4,2,2,"Cr,Ni",0.3315;0.3672,4,2,"Fe,Ni",1.4155;1.4155;1.4483;1.4483,8,2,"Co,Fe",1.8088;1.8088;1.8192;1.8192;1.8382;1.8382;1.8397;1.8397,2,1,Fe,2.1244;2.1244
3,,,,,10,Fe,"10.000000,0.747127,0.504064",1|16|21|2,1|3|3|1,4,1,1,Cr,0.0164,16,3,"Co,Ni,Si",1.7267;1.7267;1.7383;1.7383;1.7478;1.7478;1.7648;1.7648;1.7654;1.7654;1.7930;1.7930;1.8280;1.8280;1.8483;1.8483,21,3,"Co,Fe,Ni",2.4921;2.4921;2.4921;2.4928;2.4928;2.4928;2.4949;2.4949;2.4949;2.4964;2.4964;2.4964;2.5029;2.5029;2.5029;2.5103;2.5103;2.5103;2.5403;2.5403;2.5403,2,1,Fe,3.3925;3.3925
3,,,,,11,Fe,"11.000000,0.745727,-0.000764",1|14|2|21,1|4|1|3,4,1,1,Co,0.0406,14,4,"Co,Fe,Ni,Si",1.7120;1.7120;1.7441;1.7441;1.7691;1.7691;1.7806;1.7806;1.8016;1.8016;1.8049;1.8049;1.8050;1.8050,2,1,Fe,1.9321;1.9321,21,3,"Co,Fe,Ni",2.4848;2.4848;2.4848;2.4886;2.4886;2.4886;2.4973;2.4973;2.4973;2.4988;2.4988;2.4988;2.5307;2.5307;2.5307;2.5438;2.5438;2.5438;2.5521;2.5521;2.5521
3,,,,,12,Fe,"12.000000,0.258122,0.747971",1|16|21|3,1|4|4|1,4,1,1,Co,0.0955,16,4,"Co,Cr,Fe,Ni",1.6963;1.6963;1.7005;1.7005;1.7736;1.7736;1.7782;1.7782;1.8013;1.8013;1.8029;1.8029;1.8192;1.8192;1.8230;1.8230,21,4,"Co,Fe,Ni,Si",2.4623;2.4623;2.4623;2.4691;2.4691;2.4691;2.4701;2.4701;2.4701;2.5239;2.5239;2.5239;2.5277;2.5277;2.5277;2.5537;2.5537;2.5537;2.5854;2.5854;2.5854,3,1,Fe,3.1129;3.1129;3.1129
3,,,,,13,Fe,"13.000000,0.254160,0.253999",1|18|2|21,1|4|1|4,4,1,1,Co,0.0358,18,4,"Co,Cr,Fe,Ni",1.7421;1.7421;1.7469;1.7469;1.7586;1.7586;1.7692;1.7692;1.8030;1.8030;1.8061;1.8061;1.8119;1.8119;1.8180;1.8180;1.8397;1.8397,2,1,Fe,2.1122;2.1122,21,4,"Co,Fe,Ni,Si",2.4519;2.4519;2.4519;2.4535;2.4535;2.4535;2.4824;2.4824;2.4824;2.5137;2.5137;2.5137;2.5230;2.5230;2.5230;2.5284;2.5284;2.5284;2.5427;2.5427;2.5427
3,,,,,14,Ni,"14.000000,0.498203,0.498915",1|16|24|8,1|4|4|4,4,1,1,Ni,0.0300,16,4,"Co,Cr,Fe,Ni",1.7484;1.7484;1.7494;1.7494;1.7538;1.7538;1.7608;1.7608;1.7648;1.7648;1.7683;1.7683;1.7858;1.7858;1.7962;1.7962,24,4,"Co,Fe,Ni,Si",2.4535;2.4535;2.4535;2.4623;2.4623;2.4623;2.4860;2.4860;2.4860;2.4862;2.4862;2.4862;2.5031;2.5031;2.5031;2.5172;2.5172;2.5172;2.5197;2.5197;2.5197;2.5286;2.5286;2.5286,8,4,"Co,Fe,Ni,Si",3.4771;3.4771;3.5222;3.5222;3.5297;3.5297;3.5586;3.5586
3,,,,,15,Ni,"15.000000,0.499677,-0.001645",1|2|16|24,1|1|4|4,4,1,1,Fe,0.0553,2,1,Fe,1.4155;1.4155,16,4,"Co,Cr,Fe,Ni",1.7441;1.7441;1.7470;1.7470;1.7624;1.7624;1.7728;1.7728;1.7816;1.7816;1.7827;1.7827;1.7990;1.7990;1.8062;1.8062,24,4,"Co,Fe,Ni,Si",2.4691;2.4691;2.4691;2.4770;2.4770;2.4770;2.5072;2.5072;2.5072;2.5090;2.5090;2.5090;2.5100;2.5100;2.5100;2.5230;2.5230;2.5230;2.5369;2.5369;2.5369;2.5435;2.5435;2.5435
3,,,,,16,Ni,"16.000000,0.501903,0.500977",1|16|24|8,1|4|4|4,4,1,1,Ni,0.0300,16,4,"Co,Cr,Fe,Ni",1.7231;1.7231;1.7383;1.7383;1.7715;1.7715;1.7746;1.7746;1.7751;1.7751;1.7800;1.7800;1.7818;1.7818;1.7825;1.7825,24,4,"Co,Fe,Ni,Si",2.4573;2.4573;2.4573;2.4701;2.4701;2.4701;2.4824;2.4824;2.4824;2.4884;2.4884;2.4884;2.4955;2.4955;2.4955;2.5113;2.5113;2.5113;2.5148;2.5148;2.5148;2.5371;2.5371;2.5371,8,4,"Co,Fe,Ni,Si",3.5034;3.5034;3.5034;3.5034;3.5366;3.5366;3.5440;3.5440
3,,,,,17,Ni,"17.000000,-0.001442,0.250750",1|1|14|24,1|1|3|4,4,1,1,Fe,0.0367,1,1,Fe,1.0741,14,3,"Co,Fe,Si",1.7392;1.7392;1.7448;1.7448;1.7588;1.7588;1.7843;1.7843;1.7998;1.7998;1.8037;1.8037;1.8119;1.8119,24,4,"Co,Cr,Fe,Ni",2.5120;2.5120;2.5120;2.5125;2.5125;2.5125;2.5155;2.5155;2.5155;2.5155;2.5155;2.5155;2.5307;2.5307;2.5307;2.5389;2.5389;2.5389;2.5403;2.5403;2.5403;2.5468;2.5468;2.5468
3,,,,,18,Ni,"18.000000,0.502242,0.251840",1|16|3|24,1|4|1|4,4,1,1,Co,0.0128,16,4,"Co,Fe,Ni,Si",1.7149;1.7149;1.7586;1.7586;1.7608;1.7608;1.7615;1.7615;1.7706;1.7706;1.7734;1.7734;1.7751;1.7751;1.8062;1.8062,3,1,Fe,2.2934;2.2934;2.2934,24,4,"Co,Cr,Fe,Ni",2.4800;2.4800;2.4800;2.4949;2.4949;2.4949;2.4973;2.4973;2.4973;2.5029;2.5029;2.5029;2.5084;2.5084;2.5084;2.5101;2.5101;2.5101;2.5346;2.5346;2.5346;2.5356;2.5356;2.5356
3,,,,,19,Ni,"19.000000,0.498016,0.751001",1|16|3|24,1|3|1|4,4,1,1,Co,0.0111,16,3,"Co,Fe,Ni",1.7005;1.7005;1.7596;1.7596;1.7624;1.7624;1.7818;1.7818;1.7821;1.7821;1.7960;1.7960;1.7962;1.7962;1.8076;1.8076,3,1,Fe,2.2655;2.2655;2.2655,24,4,"Co,Cr,Fe,Ni",2.4886;2.4886;2.4886;2.4900;2.4900;2.4900;2.4901;2.4901;2.4901;2.4964;2.4964;2.4964;2.5042;2.5042;2.5042;2.5042;2.5042;2.5042;2.5046;2.5046;2.5046;2.5132;2.5132;2.5132
3,,,,,20,Ni,"20.000000,0.250789,0.499139",1|16|21|2,1|4|3|1,4,1,1,Co,0.0072,16,4,"Co,Fe,Ni,Si",1.7235;1.7235;1.7469;1.7469;1.7538;1.7538;1.7724;1.7724;1.7736;1.7736;1.7800;1.7800;1.7804;1.7804;1.8051;1.8051,21,3,"Co,Fe,Ni",2.4911;2.4911;2.4911;2.4943;2.4943;2.4943;2.5046;2.5046;2.5046;2.5101;2.5101;2.5101;2.5120;2.5120;2.5120;2.5149;2.5149;2.5149;2.5226;2.5226;2.5226,2,1,Fe,3.3528;3.3528
3,,,,,21,Ni,"21.000000,0.253243,0.000950",1|1|14|2,1|1|3|1,4,1,1,Cr,0.0358,1,1,Fe,0.3315,14,3,"Co,Fe,Ni",1.7470;1.7470;1.7693;1.7693;1.7796;1.7796;1.7929;1.7929;1.8029;1.8029;1.8030;1.8030;1.8046;1.8046,2,1,Fe,1.9369;1.9369
3,,,,,22,Ni,"22.000000,0.749418,0.749365",1|14|21|3,1|4|4|1,4,1,1,Co,0.0311,14,4,"Co,Cr,Fe,Ni",1.7478;1.7478;1.7540;1.7540;1.7648;1.7648;1.7806;1.7806;1.7821;1.7821;1.7829;1.7829;1.7862;1.7862,21,4,"Co,Fe,Ni,Si",2.4884;2.4884;2.4884;2.4910;2.4910;2.4910;2.5100;2.5100;2.5100;2.5172;2.5172;2.5172;2.5192;2.5192;2.5192;2.5366;2.5366;2.5366;2.5814;2.5814;2.5814,3,1,Fe,3.0573;3.0573;3.0573
3,,,,,23,Co,"23.000000,-0.003847,0.501158",1|14|24|2,1|4|4|1,4,1,1,Si,0.0939,14,4,"Co,Cr,Fe,Ni",1.7481;1.7481;1.7654;1.7654;1.7662;1.7662;1.7805;1.7805;1.7843;1.7843;1.8051;1.8051;1.8105;1.8105,24,4,"Co,Fe,Ni,Si",2.4710;2.4710;2.4710;2.4845;2.4845;2.4845;2.4910;2.4910;2.4910;2.4922;2.4922;2.4922;2.5375;2.5375;2.5375;2.5427;2.5427;2.5427;2.5537;2.5537;2.5537;2.5576;2.5576;2.5576,2,1,Fe,2.8584;2.8584
3,,,,,24,Co,"24.000000,0.503721,0.250820",1|16|3|24,1|4|1|4,4,1,1,Ni,0.0128,16,4,"Co,Fe,Ni,Si",1.7042;1.7042;1.7541;1.7541;1.7629;1.7629;1.7683;1.7683;1.7692;1.7692;1.7811;1.7811;1.7825;1.7825;1.7990;1.7990,3,1,Fe,2.2943;2.2943;2.2943,24,4,"Co,Cr,Fe,Ni",2.4780;2.4780;2.4780;2.4848;2.4848;2.4848;2.4928;2.4928;2.4928;2.5106;2.5106;2.5106;2.5154;2.5154;2.5154;2.5220;2.5220;2.5220;2.5226;2.5226;2.5226;2.5379;2.5379;2.5379
3,,,,,25,Co,"25.000000,0.497430,0.749551",1|16|3|24,1|3|1|4,4,1,1,Ni,0.0111,16,3,"Co,Fe,Ni",1.6963;1.6963;1.7636;1.7636;1.7715;1.7715;1.7728;1.7728;1.7858;1.7858;1.7862;1.7862;1.7918;1.7918;1.8180;1.8180,3,1,Fe,2.2711;2.2711;2.2711,24,4,"Co,Cr,Fe,Ni",2.4856;2.4856;2.4856;2.4921;2.4921;2.4921;2.4939;2.4939;2.4939;2.4943;2.4943;2.4943;2.4946;2.4946;2.4946;2.4988;2.4988;2.4988;2.5144;2.5144;2.5144;2.5176;2.5176;2.5176
3,,,,,26,Co,"26.000000,0.751014,-0.002943",1|16|21|2,1|4|3|1,4,1,1,Fe,0.0406,16,4,"Co,Fe,Ni,Si",1.7499;1.7499;1.7648;1.7648;1.7679;1.7679;1.7816;1.7816;1.7854;1.7854;1.7862;1.7862;1.8200;1.8200;1.9032;1.9032,21,3,"Co,Fe,Ni",2.5042;2.5042;2.5042;2.5062;2.5062;2.5062;2.5144;2.5144;2.5144;2.5155;2.5155;2.5155;2.5220;2.5220;2.5220;2.5346;2.5346;2.5346;2.5373;2.5373;2.5373,2,1,Fe,3.1971;3.1971
3,,,,,27,Co,"27.000000,0.251552,0.498472",1|16|21|2,1|4|3|1,4,1,1,Ni,0.0072,16,4,"Co,Fe,Ni,Si",1.7288;1.7288;1.7421;1.7421;1.7484;1.7484;1.7746;1.7746;1.7756;1.7756;1.7773;1.7773;1.7782;1.7782;1.8105;1.8105,21,3,"Co,Fe,Ni",2.4917;2.4917;2.4917;2.4939;2.4939;2.4939;2.5029;2.5029;2.5029;2.5042;2.5042;2.5042;2.5125;2.5125;2.5125;2.5154;2.5154;2.5154;2.5221;2.5221;2.5221,2,1,Fe,3.3516;3.3516
3,,,,,28,Co,"28.000000,0.252454,0.249270",1|18|2|21,1|4|1|4,4,1,1,Fe,0.0358,18,4,"Co,Cr,Fe,Ni",1.7693;1.7693;1.7706;1.7706;1.7722;1.7722;1.7756;1.7756;1.7804;1.7804;1.7811;1.7811;1.7998;1.7998;1.8066;1.8066;1.8088;1.8088,2,1,Fe,2.0846;2.0846,21,4,"Co,Fe,Ni,Si",2.4671;2.4671;2.4671;2.4860;2.4860;2.4860;2.4962;2.4962;2.4962;2.4986;2.4986;2.4986;2.5072;2.5072;2.5072;2.5148;2.5148;2.5148;2.5576;2.5576;2.5576
3,,,,,29,Co,"29.000000,0.752422,0.252486",1|16|2|21,1|4|1|4,4,1,1,Si,0.0686,16,4,"Co,Cr,Fe,Ni",1.7387;1.7387;1.7448;1.7448;1.7629;1.7629;1.7734;1.7734;1.7874;1.7874;1.7930;1.7930;1.8049;1.8049;1.8200;1.8200,2,1,Fe,2.0612;2.0612,21,4,"Co,Fe,Ni,Si",2.4710;2.4710;2.4710;2.4888;2.4888;2.4888;2.4967;2.4967;2.4967;2.4987;2.4987;2.4987;2.5113;2.5113;2.5113;2.5197;2.5197;2.5197;2.5435;2.5435;2.5435
3,,,,,30,Co,"30.000000,0.746194,0.746393",1|14|21|3,1|4|4|1,4,1,1,Ni,0.0311,14,4,"Co,Cr,Fe,Ni",1.7267;1.7267;1.7327;1.7327;1.7596;1.7596;1.7636;1.7636;1.7862;1.7862;1.8016;1.8016;1.8058;1.8058,21,4,"Co,Fe,Ni,Si",2.4573;2.4573;2.4573;2.4862;2.4862;2.4862;2.4922;2.4922;2.4922;2.5090;2.5090;2.5090;2.5189;2.5189;2.5189;2.5676;2.5676;2.5676;2.5829;2.5829;2.5829,3,1,Fe,3.0878;3.0878;3.0878
3,,,,,31,Co,"31.000000,0.244656,0.747794",1|16|21|3,1|4|4|1,4,1,1,Fe,0.0955,16,4,"Co,Cr,Fe,Ni",1.7276;1.7276;1.7724;1.7724;1.7773;1.7773;1.7918;1.7918;1.7960;1.7960;1.8011;1.8011;1.8046;1.8046;1.8382;1.8382,21,4,"Co,Fe,Ni,Si",2.4608;2.4608;2.4608;2.4845;2.4845;2.4845;2.5196;2.5196;2.5196;2.5286;2.5286;2.5286;2.5369;2.5369;2.5369;2.5371;2.5371;2.5371;2.5915;2.5915;2.5915,3,1,Fe,3.0584;3.0584;3.0584
4,,,,,0,Al,"0.000000,0.248243,0.748338",1|16|24|8,1|3|3|2,4,1,1,Fe,0.0152,16,3,"Co,Fe,Ni",1.7789;1.7789;1.7814;1.7814;1.7870;1.7870;1.8058;1.8058;1.8109;1.8109;1.8234;1.8234;1.8251;1.8251;1.8490;1.8490,24,3,"Co,Fe,Ni",2.4979;2.4979;2.4979;2.5103;2.5103;2.5103;2.5135;2.5135;2.5135;2.5325;2.5325;2.5325;2.5527;2.5527;2.5527;2.5737;2.5737;2.5737;2.5751;2.5751;2.5751;2.5974;2.5974;2.5974,8,2,"Co,Ni",3.5217;3.5217;3.5303;3.5303;3.5415;3.5415;3.5434;3.5434
4,,,,,1,Si,"1.000000,0.745713,0.252399",1|16|24|8,1|3|3|2,4,1,1,Co,0.0521,16,3,"Co,Fe,Ni",1.7427;1.7427;1.7428;1.7428;1.7453;1.7453;1.7557;1.7557;1.7727;1.7727;1.7824;1.7824;1.8105;1.8105;1.8254;1.8254,24,3,"Co,Fe,Ni",2.4419;2.4419;2.4419;2.4422;2.4422;2.4422;2.4923;2.4923;2.4923;2.5077;2.5077;2.5077;2.5139;2.5139;2.5139;2.5179;2.5179;2.5179;2.5259;2.5259;2.5259;2.5296;2.5296;2.5296,8,2,"Co,Ni",3.5151;3.5151;3.5358;3.5358;3.5413;3.5413;3.5585;3.5585
4,,,,,2,Fe,"2.000000,0.505589,0.007221",1|16|24|8,1|3|5|2,4,1,1,Co,0.0846,16,3,"Co,Fe,Ni",1.7228;1.7228;1.7252;1.7252;1.7361;1.7361;1.7683;1.7683;1.8162;1.8162;1.8244;1.8244;1.8274;1.8274;1.8345;1.8345,24,5,"Al,Co,Fe,Ni,Si",2.4419;2.4419;2.4419;2.4578;2.4578;2.4578;2.5183;2.5183;2.5183;2.5321;2.5321;2.5321;2.5622;2.5622;2.5622;2.5709;2.5709;2.5709;2.5826;2.5826;2.5826;2.5974;2.5974;2.5974,8,2,"Co,Fe",3.4546;3.4546;3.5115;3.5115;3.5121;3.5121;3.5172;3.5172
4,,,,,3,Fe,"3.000000,0.502544,0.492902",1|16|24|8,1|3|5|3,4,1,1,Fe,0.0767,16,3,"Co,Fe,Ni",1.7187;1.7187;1.7298;1.7298;1.7824;1.7824;1.7856;1.7856;1.7915;1.7915;1.8254;1.8254;1.8310;1.8310;1.8422;1.8422,24,5,"Al,Co,Fe,Ni,Si",2.4422;2.4422;2.4422;2.4920;2.4920;2.4920;2.4929;2.4929;2.4929;2.5040;2.5040;2.5040;2.5417;2.5417;2.5417;2.5625;2.5625;2.5625;2.5705;2.5705;2.5705;2.5737;2.5737;2.5737,8,3,"Co,Fe,Ni",3.4546;3.4546;3.5214;3.5214;3.5396;3.5396;3.5474;3.5474
4,,,,,4,Fe,"4.000000,-0.002756,0.007332",1|16|24|8,1|3|5|3,4,1,1,Co,0.0322,16,3,"Co,Fe,Ni",1.7072;1.7072;1.7323;1.7323;1.7442;1.7442;1.7902;1.7902;1.7971;1.7971;1.8074;1.8074;1.8409;1.8409;1.8509;1.8509,24,5,"Al,Co,Fe,Ni,Si",2.4579;2.4579;2.4579;2.4831;2.4831;2.4831;2.4941;2.4941;2.4941;2.5077;2.5077;2.5077;2.5160;2.5160;2.5160;2.5369;2.5369;2.5369;2.5751;2.5751;2.5751;2.5781;2.5781;2.5781,8,3,"Co,Fe,Ni",3.4623;3.4623;3.5017;3.5017;3.5121;3.5121;3.5645;3.5645
4,,,,,5,Fe,"5.000000,0.496232,0.501602",1|16|24|8,1|3|5|3,4,1,1,Fe,0.0767,16,3,"Co,Fe,Ni",1.7460;1.7460;1.7692;1.7692;1.7799;1.7799;1.7811;1.7811;1.7816;1.7816;1.7920;1.7920;1.8276;1.8276;1.8309;1.8309,24,5,"Al,Co,Fe,Ni,Si",2.4947;2.4947;2.4947;2.4979;2.4979;2.4979;2.5042;2.5042;2.5042;2.5150;2.5150;2.5150;2.5179;2.5179;2.5179;2.5308;2.5308;2.5308;2.5513;2.5513;2.5513;2.5676;2.5676;2.5676,8,3,"Co,Fe,Ni",3.5172;3.5172;3.5293;3.5293;3.5512;3.5512;3.5589;3.5589
4,,,,,6,Fe,"6.000000,0.507064,0.751886",1|16|24|8,1|3|3|3,4,1,1,Ni,0.0445,16,3,"Al,Co,Fe",1.7505;1.7505;1.7648;1.7648;1.7731;1.7731;1.7816;1.7816;1.8162;1.8162;1.8361;1.8361;1.8422;1.8422;1.8490;1.8490,24,3,"Co,Fe,Ni",2.4635;2.4635;2.4635;2.5029;2.5029;2.5029;2.5222;2.5222;2.5222;2.5245;2.5245;2.5245;2.5604;2.5604;2.5604;2.5647;2.5647;2.5647;2.5808;2.5808;2.5808;2.5865;2.5865;2.5865,8,3,"Co,Fe,Ni",3.4696;3.4696;3.5079;3.5079;3.5413;3.5413;3.5522;3.5522
4,,,,,7,Fe,"7.000000,-0.001919,0.747103",1|16|24|8,1|4|3|3,4,1,1,Co,0.0395,16,4,"Al,Co,Fe,Ni",1.7347;1.7347;1.7433;1.7433;1.7600;1.7600;1.7870;1.7870;1.7994;1.7994;1.7998;1.7998;1.8187;1.8187;1.8509;1.8509,24,3,"Co,Fe,Ni",2.4923;2.4923;2.4923;2.4946;2.4946;2.4946;2.5156;2.5156;2.5156;2.5309;2.5309;2.5309;2.5378;2.5378;2.5378;2.5553;2.5553;2.5553;2.5559;2.5559;2.5559;2.5577;2.5577;2.5577,8,3,"Co,Fe,Ni",3.5079;3.5079;3.5294;3.5294;3.5509;3.5509;3.5548;3.5548
4,,,,,8,Fe,"8.000000,0.248788,0.004708",1|16|24|8,1|4|3|3,4,1,1,Ni,0.0162,16,4,"Al,Co,Fe,Ni",1.7458;1.7458;1.7477;1.7477;1.7833;1.7833;1.7971;1.7971;1.7978;1.7978;1.8152;1.8152;1.8234;1.8234;1.8345;1.8345,24,3,"Co,Fe,Ni",2.4754;2.4754;2.4754;2.4967;2.4967;2.4967;2.5035;2.5035;2.5035;2.5119;2.5119;2.5119;2.5577;2.5577;2.5577;2.5579;2.5579;2.5579;2.5772;2.5772;2.5772;2.5808;2.5808;2.5808,8,3,"Co,Fe,Ni",3.5077;3.5077;3.5105;3.5105;3.5410;3.5410;3.5568;3.5568
4,,,,,9,Fe,"9.000000,0.746680,0.001812",1|16|24|8,1|3|3|2,4,1,1,Co,0.0470,16,3,"Co,Fe,Si",1.7228;1.7228;1.7588;1.7588;1.7743;1.7743;1.7824;1.7824;1.7890;1.7890;1.7902;1.7902;1.7961;1.7961;1.8164;1.8164,24,3,"Co,Fe,Ni",2.4635;2.4635;2.4635;2.4974;2.4974;2.4974;2.4979;2.4979;2.4979;2.5015;2.5015;2.5015;2.5165;2.5165;2.5165;2.5213;2.5213;2.5213;2.5237;2.5237;2.5237;2.5553;2.5553;2.5553,8,2,"Fe,Ni",3.5247;3.5247;3.5247;3.5247;3.5466;3.5466;3.5568;3.5568
4,,,,,10,Fe,"10.000000,0.752027,0.497356",1|16|24|8,1|4|3|3,4,1,1,Ni,0.0033,16,4,"Co,Fe,Ni,Si",1.7427;1.7427;1.7573;1.7573;1.7655;1.7655;1.7661;1.7661;1.7725;1.7725;1.7824;1.7824;1.7932;1.7932;1.8276;1.8276,24,3,"Co,Fe,Ni",2.4754;2.4754;2.4754;2.4922;2.4922;2.4922;2.4946;2.4946;2.4946;2.4995;2.4995;2.4995;2.5147;2.5147;2.5147;2.5203;2.5203;2.5203;2.5222;2.5222;2.5222;2.5445;2.5445;2.5445,8,3,"Co,Fe,Ni",3.5141;3.5141;3.5247;3.5247;3.5364;3.5364;3.5703;3.5703
4,,,,,11,Fe,"11.000000,0.250031,0.749502",1|16|24|8,1|3|3|2,4,1,1,Al,0.0152,16,3,"Co,Fe,Ni",1.7870;1.7870;1.7898;1.7898;1.7930;1.7930;1.7998;1.7998;1.8026;1.8026;1.8152;1.8152;1.8361;1.8361;1.8379;1.8379,24,3,"Co,Fe,Ni",2.4947;2.4947;2.4947;2.4986;2.4986;2.4986;2.5251;2.5251;2.5251;2.5473;2.5473;2.5473;2.5559;2.5559;2.5559;2.5705;2.5705;2.5705;2.5781;2.5781;2.5781;2.5826;2.5826;2.5826,8,2,"Co,Ni",3.5344;3.5344;3.5431;3.5431;3.5497;3.5497;3.5516;3.5516
4,,,,,12,Ni,"12.000000,-0.001974,0.499660",1|16|24|8,1|3|5|2,4,1,1,Ni,0.0402,16,3,"Co,Fe,Ni",1.7540;1.7540;1.7573;1.7573;1.7600;1.7600;1.7694;1.7694;1.7707;1.7707;1.7792;1.7792;1.7949;1.7949;1.8131;1.8131,24,5,"Al,Co,Fe,Ni,Si",2.4785;2.4785;2.4785;2.4871;2.4871;2.4871;2.4979;2.4979;2.4979;2.5103;2.5103;2.5103;2.5139;2.5139;2.5139;2.5184;2.5184;2.5184;2.5251;2.5251;2.5251;2.5319;2.5319;2.5319,8,2,"Co,Fe",3.5017;3.5017;3.5339;3.5339;3.5396;3.5396;3.5589;3.5589
4,,,,,13,Ni,"13.000000,-0.000858,0.494119",1|16|24|8,1|3|5|2,4,1,1,Ni,0.0402,16,3,"Co,Fe,Ni",1.7300;1.7300;1.7554;1.7554;1.7622;1.7622;1.7655;1.7655;1.7712;1.7712;1.7994;1.7994;1.8052;1.8052;1.8103;1.8103,24,5,"Al,Co,Fe,Ni,Si",2.4756;2.4756;2.4756;2.4850;2.4850;2.4850;2.4923;2.4923;2.4923;2.4986;2.4986;2.4986;2.5123;2.5123;2.5123;2.5210;2.5210;2.5210;2.5325;2.5325;2.5325;2.5473;2.5473;2.5473,8,2,"Co,Fe",3.4623;3.4623;3.4945;3.4945;3.5474;3.5474;3.5512;3.5512
4,,,,,14,Ni,"14.000000,0.499936,0.249698",1|16|24|8,1|4|3|3,4,1,1,Ni,0.0152,16,4,"Co,Fe,Ni,Si",1.7252;1.7252;1.7298;1.7298;1.7557;1.7557;1.7856;1.7856;1.7915;1.7915;1.7920;1.7920;1.8020;1.8020;1.8028;1.8028,24,3,"Co,Fe,Ni",2.4967;2.4967;2.4967;2.4974;2.4974;2.4974;2.4982;2.4982;2.4982;2.5077;2.5077;2.5077;2.5147;2.5147;2.5147;2.5171;2.5171;2.5171;2.5226;2.5226;2.5226;2.5299;2.5299;2.5299,8,3,"Co,Fe,Ni",3.5413;3.5413;3.5519;3.5519;3.5629;3.5629;3.5661;3.5661
4,,,,,15,Ni,"15.000000,0.501395,0.251263",1|16|24|8,1|4|3|3,4,1,1,Ni,0.0152,16,4,"Co,Fe,Ni,Si",1.7187;1.7187;1.7361;1.7361;1.7453;1.7453;1.7811;1.7811;1.7917;1.7917;1.7960;1.7960;1.8027;1.8027;1.8132;1.8132,24,3,"Co,Fe,Ni",2.4979;2.4979;2.4979;2.4995;2.4995;2.4995;2.5019;2.5019;2.5019;2.5073;2.5073;2.5073;2.5119;2.5119;2.5119;2.5134;2.5134;2.5134;2.5230;2.5230;2.5230;2.5296;2.5296;2.5296,8,3,"Co,Fe,Ni",3.5496;3.5496;3.5522;3.5522;3.5557;3.5557;3.5704;3.5704
4,,,,,16,Ni,"16.000000,0.501027,0.750321",1|16|24|8,1|3|3|3,4,1,1,Fe,0.0445,16,3,"Al,Co,Fe",1.7605;1.7605;1.7692;1.7692;1.7930;1.7930;1.8058;1.8058;1.8077;1.8077;1.8162;1.8162;1.8274;1.8274;1.8310;1.8310,24,3,"Co,Fe,Ni",2.5015;2.5015;2.5015;2.5221;2.5221;2.5221;2.5411;2.5411;2.5411;2.5418;2.5418;2.5418;2.5445;2.5445;2.5445;2.5468;2.5468;2.5468;2.5480;2.5480;2.5480;2.5579;2.5579;2.5579,8,3,"Co,Fe,Ni",3.5127;3.5127;3.5496;3.5496;3.5509;3.5509;3.5519;3.5519
4,,,,,17,Ni,"17.000000,0.250211,0.002940",1|16|24|8,1|4|3|3,4,1,1,Fe,0.0162,16,4,"Al,Co,Fe,Ni",1.7584;1.7584;1.7604;1.7604;1.7728;1.7728;1.8026;1.8026;1.8074;1.8074;1.8080;1.8080;1.8109;1.8109;1.8244;1.8244,24,3,"Co,Fe,Ni",2.4915;2.4915;2.4915;2.4982;2.4982;2.4982;2.5134;2.5134;2.5134;2.5196;2.5196;2.5196;2.5418;2.5418;2.5418;2.5559;2.5559;2.5559;2.5647;2.5647;2.5647;2.5756;2.5756;2.5756,8,3,"Co,Fe,Ni",3.5204;3.5204;3.5230;3.5230;3.5466;3.5466;3.5512;3.5512
4,,,,,18,Ni,"18.000000,0.752487,0.497358",1|16|24|8,1|4|3|3,4,1,1,Fe,0.0033,16,4,"Co,Fe,Ni,Si",1.7428;1.7428;1.7540;1.7540;1.7622;1.7622;1.7661;1.7661;1.7725;1.7725;1.7856;1.7856;1.7932;1.7932;1.8309;1.8309,24,3,"Co,Fe,Ni",2.4731;2.4731;2.4731;2.4898;2.4898;2.4898;2.4923;2.4923;2.4923;2.5019;2.5019;2.5019;2.5171;2.5171;2.5171;2.5180;2.5180;2.5180;2.5245;2.5245;2.5245;2.5468;2.5468;2.5468,8,3,"Co,Fe,Ni",3.5141;3.5141;3.5247;3.5247;3.5331;3.5331;3.5670;3.5670
4,,,,,19,Ni,"19.000000,0.247078,0.497872",1|16|24|8,1|3|3|2,4,1,1,Co,0.0340,16,3,"Al,Fe,Ni",1.7600;1.7600;1.7621;1.7621;1.7712;1.7712;1.7792;1.7792;1.7799;1.7799;1.7814;1.7814;1.7898;1.7898;1.8254;1.8254,24,3,"Co,Fe,Ni",2.4902;2.4902;2.4902;2.4979;2.4979;2.4979;2.5156;2.5156;2.5156;2.5296;2.5296;2.5296;2.5299;2.5299;2.5299;2.5480;2.5480;2.5480;2.5499;2.5499;2.5499;2.5865;2.5865;2.5865,8,2,"Fe,Ni",3.5077;3.5077;3.5204;3.5204;3.5331;3.5331;3.5364;3.5364
4,,,,,20,Ni,"20.000000,0.247571,0.250419",1|16|24|8,1|3|3|4,4,1,1,Ni,0.0173,16,3,"Co,Fe,Ni",1.7477;1.7477;1.7600;1.7600;1.7602;1.7602;1.7604;1.7604;1.7630;1.7630;1.7746;1.7746;1.8028;1.8028;1.8132;1.8132,24,3,"Co,Fe,Ni",2.4831;2.4831;2.4831;2.4850;2.4850;2.4850;2.5040;2.5040;2.5040;2.5062;2.5062;2.5062;2.5150;2.5150;2.5150;2.5184;2.5184;2.5184;2.5321;2.5321;2.5321;2.5414;2.5414;2.5414,8,4,"Al,Co,Fe,Si",3.5387;3.5387;3.5415;3.5415;3.5497;3.5497;3.5585;3.5585
4,,,,,21,Ni,"21.000000,0.249972,0.250161",1|16|24|8,1|3|3|4,4,1,1,Ni,0.0173,16,3,"Co,Fe,Ni",1.7458;1.7458;1.7584;1.7584;1.7621;1.7621;1.7647;1.7647;1.7773;1.7773;1.7856;1.7856;1.7918;1.7918;1.7960;1.7960,24,3,"Co,Fe,Ni",2.4929;2.4929;2.4929;2.4941;2.4941;2.4941;2.4986;2.4986;2.4986;2.5042;2.5042;2.5042;2.5171;2.5171;2.5171;2.5183;2.5183;2.5183;2.5280;2.5280;2.5280;2.5319;2.5319;2.5319,8,4,"Al,Co,Fe,Si",3.5413;3.5413;3.5434;3.5434;3.5516;3.5516;3.5559;3.5559
4,,,,,22,Co,"22.000000,-0.002882,0.002802",1|16|24|8,1|3|5|3,4,1,1,Fe,0.0322,16,3,"Co,Fe,Ni",1.7394;1.7394;1.7432;1.7432;1.7646;1.7646;1.7890;1.7890;1.7978;1.7978;1.8080;1.8080;1.8087;1.8087;1.8187;1.8187,24,5,"Al,Co,Fe,Ni,Si",2.4799;2.4799;2.4799;2.4920;2.4920;2.4920;2.5062;2.5062;2.5062;2.5129;2.5129;2.5129;2.5171;2.5171;2.5171;2.5296;2.5296;2.5296;2.5527;2.5527;2.5527;2.5559;2.5559;2.5559,8,3,"Co,Fe,Ni",3.4945;3.4945;3.5115;3.5115;3.5339;3.5339;3.5633;3.5633
4,,,,,23,Co,"23.000000,0.498312,-0.002186",1|16|24|8,1|3|5|2,4,1,1,Fe,0.0846,16,3,"Co,Fe,Ni",1.7505;1.7505;1.7605;1.7605;1.7728;1.7728;1.7743;1.7743;1.7833;1.7833;1.7915;1.7915;1.8027;1.8027;1.8203;1.8203,24,5,"Al,Co,Fe,Ni,Si",2.4986;2.4986;2.4986;2.5135;2.5135;2.5135;2.5259;2.5259;2.5259;2.5280;2.5280;2.5280;2.5414;2.5414;2.5414;2.5417;2.5417;2.5417;2.5518;2.5518;2.5518;2.5599;2.5599;2.5599,8,2,"Co,Fe",3.5214;3.5214;3.5293;3.5293;3.5633;3.5633;3.5645;3.5645
4,,,,,24,Co,"24.000000,0.001177,0.247334",1|16|24|8,1|4|3|3,4,1,1,Co,0.0292,16,4,"Co,Fe,Ni,Si",1.7072;1.7072;1.7394;1.7394;1.7554;1.7554;1.7602;1.7602;1.7773;1.7773;1.7787;1.7787;1.7949;1.7949;1.8254;1.8254,24,3,"Co,Fe,Ni",2.4754;2.4754;2.4754;2.4763;2.4763;2.4763;2.4915;2.4915;2.4915;2.4979;2.4979;2.4979;2.5165;2.5165;2.5165;2.5180;2.5180;2.5180;2.5203;2.5203;2.5203;2.5237;2.5237;2.5237,8,3,"Co,Fe,Ni",3.5480;3.5480;3.5548;3.5548;3.5629;3.5629;3.5704;3.5704
4,,,,,25,Co,"25.000000,-0.007254,0.748535",1|16|24|8,1|4|3|3,4,1,1,Fe,0.0395,16,4,"Al,Co,Fe,Ni",1.6965;1.6965;1.7052;1.7052;1.7707;1.7707;1.8087;1.8087;1.8103;1.8103;1.8251;1.8251;1.8379;1.8379;1.8409;1.8409,24,3,"Co,Fe,Ni",2.4731;2.4731;2.4731;2.4754;2.4754;2.4754;2.4971;2.4971;2.4971;2.5213;2.5213;2.5213;2.5499;2.5499;2.5499;2.5723;2.5723;2.5723;2.5756;2.5756;2.5756;2.5772;2.5772;2.5772,8,3,"Co,Fe,Ni",3.4696;3.4696;3.5127;3.5127;3.5400;3.5400;3.5480;3.5480
4,,,,,26,Co,"26.000000,-0.000847,0.250891",1|16|24|8,1|4|3|3,4,1,1,Co,0.0292,16,4,"Co,Fe,Ni,Si",1.7300;1.7300;1.7323;1.7323;1.7642;1.7642;1.7646;1.7646;1.7694;1.7694;1.7746;1.7746;1.7918;1.7918;1.8105;1.8105,24,3,"Co,Fe,Ni",2.4838;2.4838;2.4838;2.4898;2.4898;2.4898;2.4902;2.4902;2.4902;2.4922;2.4922;2.4922;2.5035;2.5035;2.5035;2.5163;2.5163;2.5163;2.5196;2.5196;2.5196;2.5237;2.5237;2.5237,8,3,"Co,Fe,Ni",3.5294;3.5294;3.5400;3.5400;3.5557;3.5557;3.5661;3.5661
4,,,,,27,Co,"27.000000,0.753091,0.003297",1|16|24|8,1|3|3|2,4,1,1,Fe,0.0470,16,3,"Co,Fe,Si",1.7432;1.7432;1.7442;1.7442;1.7480;1.7480;1.7683;1.7683;1.7727;1.7727;1.8055;1.8055;1.8203;1.8203;1.8260;1.8260,24,3,"Co,Fe,Ni",2.4763;2.4763;2.4763;2.4838;2.4838;2.4838;2.4971;2.4971;2.4971;2.5029;2.5029;2.5029;2.5226;2.5226;2.5226;2.5230;2.5230;2.5230;2.5309;2.5309;2.5309;2.5411;2.5411;2.5411,8,2,"Fe,Ni",3.5141;3.5141;3.5141;3.5141;3.5410;3.5410;3.5512;3.5512
4,,,,,28,Co,"28.000000,0.251827,0.498266",1|16|24|8,1|3|3|2,4,1,1,Ni,0.0340,16,3,"Al,Fe,Ni",1.7460;1.7460;1.7630;1.7630;1.7647;1.7647;1.7789;1.7789;1.7870;1.7870;1.7915;1.7915;1.8052;1.8052;1.8131;1.8131,24,3,"Co,Fe,Ni",2.5073;2.5073;2.5073;2.5077;2.5077;2.5077;2.5163;2.5163;2.5163;2.5221;2.5221;2.5221;2.5237;2.5237;2.5237;2.5378;2.5378;2.5378;2.5604;2.5604;2.5604;2.5723;2.5723;2.5723,8,2,"Fe,Ni",3.5105;3.5105;3.5230;3.5230;3.5670;3.5670;3.5703;3.5703
4,,,,,29,Co,"29.000000,0.752194,0.249055",1|16|24|8,1|3|3|2,4,1,1,Si,0.0521,16,3,"Co,Fe,Ni",1.7480;1.7480;1.7588;1.7588;1.7642;1.7642;1.7661;1.7661;1.7661;1.7661;1.7787;1.7787;1.7917;1.7917;1.8020;1.8020,24,3,"Co,Fe,Ni",2.4578;2.4578;2.4578;2.4579;2.4579;2.4579;2.4756;2.4756;2.4756;2.4799;2.4799;2.4799;2.4920;2.4920;2.4920;2.4979;2.4979;2.4979;2.5417;2.5417;2.5417;2.5676;2.5676;2.5676,8,2,"Co,Ni",3.5386;3.5386;3.5387;3.5387;3.5535;3.5535;3.5559;3.5559
4,,,,,30,Co,"30.000000,0.755262,0.749464",1|16|24|8,1|3|3|4,4,1,1,Co,0.0223,16,3,"Co,Fe,Ni",1.6965;1.6965;1.7347;1.7347;1.7731;1.7731;1.7932;1.7932;1.7932;1.7932;1.7961;1.7961;1.8055;1.8055;1.8162;1.8162,24,3,"Co,Fe,Ni",2.4871;2.4871;2.4871;2.4920;2.4920;2.4920;2.5160;2.5160;2.5160;2.5210;2.5210;2.5210;2.5513;2.5513;2.5513;2.5518;2.5518;2.5518;2.5622;2.5622;2.5622;2.5625;2.5625;2.5625,8,4,"Al,Co,Fe,Si",3.5217;3.5217;3.5344;3.5344;3.5358;3.5358;3.5535;3.5535
4,,,,,31,Co,"31.000000,0.754039,0.746568",1|16|24|8,1|3|3|4,4,1,1,Co,0.0223,16,3,"Co,Fe,Ni",1.7052;1.7052;1.7433;1.7433;1.7648;1.7648;1.7725;1.7725;1.7725;1.7725;1.8077;1.8077;1.8164;1.8164;1.8260;1.8260,24,3,"Co,Fe,Ni",2.4785;2.4785;2.4785;2.5123;2.5123;2.5123;2.5129;2.5129;2.5129;2.5308;2.5308;2.5308;2.5369;2.5369;2.5369;2.5417;2.5417;2.5417;2.5599;2.5599;2.5599;2.5709;2.5709;2.5709,8,4,"Al,Co,Fe,Si",3.5151;3.5151;3.5303;3.5303;3.5386;3.5386;3.5431;3.5431
5,,,,,0,Ti,"0.000000,0.484522,0.756880",1|16|24|8,1|4|3|2,4,1,1,Co,0.0982,16,4,"Co,Fe,Ni,Ti",1.6663;1.6663;1.7263;1.7263;1.7471;1.7471;1.8216;1.8216;1.8336;1.8336;1.9254;1.9254;1.9299;1.9299;1.9339;1.9339,24,3,"Co,Fe,Ni",2.4248;2.4248;2.4248;2.4582;2.4582;2.4582;2.4984;2.4984;2.4984;2.5277;2.5277;2.5277;2.5802;2.5802;2.5802;2.6396;2.6396;2.6396;2.6451;2.6451;2.6451;2.6819;2.6819;2.6819,8,2,"Co,Ni",3.4280;3.4280;3.4429;3.4429;3.5201;3.5201;3.5447;3.5447
5,,,,,1,Ti,"1.000000,0.753714,0.751531",1|16|24|8,1|4|3|3,4,1,1,Fe,0.0209,16,4,"Co,Fe,Ni,Ti",1.7692;1.7692;1.8070;1.8070;1.8189;1.8189;1.8218;1.8218;1.8570;1.8570;1.8628;1.8628;1.8677;1.8677;1.9339;1.9339,24,3,"Co,Fe,Ni",2.4696;2.4696;2.4696;2.5503;2.5503;2.5503;2.5552;2.5552;2.5552;2.5859;2.5859;2.5859;2.5891;2.5891;2.5891;2.6071;2.6071;2.6071;2.6087;2.6087;2.6087;2.6615;2.6615;2.6615,8,3,"Co,Cu,Fe",3.5239;3.5239;3.5255;3.5255;3.5718;3.5718;3.5841;3.5841
5,,,,,2,Fe,"2.000000,0.010910,0.008015",1|8|8|24,1|3|3|5,4,1,1,Co,0.1401,8,3,"Cu,Fe,Ni",1.7048;1.7048;1.7234;1.7234;1.7247;1.7247;1.7312;1.7312,8,3,"Co,Fe,Ni",1.8432;1.8432;1.8495;1.8495;1.8731;1.8731;1.8738;1.8738,24,5,"Co,Cu,Fe,Ni,Ti",2.4275;2.4275;2.4275;2.4559;2.4559;2.4559;2.4920;2.4920;2.4920;2.5032;2.5032;2.5032;2.5338;2.5338;2.5338;2.5630;2.5630;2.5630;2.5969;2.5969;2.5969;2.6087;2.6087;2.6087
5,,,,,3,Fe,"3.000000,0.006406,0.492955",1|16|24|8,1|4|5|3,4,1,1,Fe,0.0598,16,4,"Co,Cu,Fe,Ni",1.7426;1.7426;1.7476;1.7476;1.7484;1.7484;1.7495;1.7495;1.8392;1.8392;1.8452;1.8452;1.8561;1.8561;1.8595;1.8595,24,5,"Co,Cu,Fe,Ni,Ti",2.4618;2.4618;2.4618;2.4874;2.4874;2.4874;2.5143;2.5143;2.5143;2.5481;2.5481;2.5481;2.5519;2.5519;2.5519;2.5547;2.5547;2.5547;2.5891;2.5891;2.5891;2.6065;2.6065;2.6065,8,3,"Co,Fe,Ni",3.4725;3.4725;3.4957;3.4957;3.5412;3.5412;3.5789;3.5789
5,,,,,4,Fe,"4.000000,0.007063,0.501274",1|16|24|8,1|4|5|3,4,1,1,Fe,0.0598,16,4,"Co,Cu,Fe,Ni",1.7428;1.7428;1.7433;1.7433;1.7796;1.7796;1.7856;1.7856;1.8023;1.8023;1.8092;1.8092;1.8624;1.8624;1.8643;1.8643,24,5,"Co,Cu,Fe,Ni,Ti",2.4677;2.4677;2.4677;2.5011;2.5011;2.5011;2.5087;2.5087;2.5087;2.5262;2.5262;2.5262;2.5503;2.5503;2.5503;2.5675;2.5675;2.5675;2.5926;2.5926;2.5926;2.5973;2.5973;2.5973,8,3,"Co,Fe,Ni",3.4920;3.4920;3.5194;3.5194;3.5320;3.5320;3.5356;3.5356
5,,,,,5,Fe,"5.000000,0.493067,0.488098",1|16|24|8,1|4|5|2,4,1,1,Ni,0.1149,16,4,"Co,Fe,Ni,Ti",1.6922;1.6922;1.7175;1.7175;1.7487;1.7487;1.7501;1.7501;1.8294;1.8294;1.8315;1.8315;1.8568;1.8568;1.9254;1.9254,24,5,"Co,Cu,Fe,Ni,Ti",2.4308;2.4308;2.4308;2.4593;2.4593;2.4593;2.4947;2.4947;2.4947;2.5437;2.5437;2.5437;2.5546;2.5546;2.5546;2.5858;2.5858;2.5858;2.6615;2.6615;2.6615;2.6735;2.6735;2.6735,8,2,"Co,Fe",3.4061;3.4061;3.4899;3.4899;3.4920;3.4920;3.4957;3.4957
5,,,,,6,Fe,"6.000000,0.747555,0.497602",1|16|24|8,1|4|4|2,4,1,1,Co,0.0490,16,4,"Cu,Fe,Ni,Ti",1.7706;1.7706;1.7837;1.7837;1.8171;1.8171;1.8189;1.8189;1.8294;1.8294;1.8394;1.8394;1.8595;1.8595;1.8643;1.8643,24,4,"Co,Cu,Ni,Ti",2.5292;2.5292;2.5292;2.5350;2.5350;2.5350;2.5435;2.5435;2.5435;2.5469;2.5469;2.5469;2.5642;2.5642;2.5642;2.5899;2.5899;2.5899;2.6047;2.6047;2.6047;2.6451;2.6451;2.6451,8,2,"Fe,Ni",3.4853;3.4853;3.5732;3.5732;3.5761;3.5761;3.5763;3.5763
5,,,,,7,Fe,"7.000000,0.250958,0.002046",1|16|24|8,1|3|4|2,4,1,1,Ni,0.0338,16,3,"Co,Fe,Ni",1.7247;1.7247;1.7345;1.7345;1.7660;1.7660;1.7681;1.7681;1.7893;1.7893;1.8066;1.8066;1.8073;1.8073;1.8128;1.8128,24,4,"Co,Cu,Ni,Ti",2.4248;2.4248;2.4248;2.4950;2.4950;2.4950;2.5035;2.5035;2.5035;2.5097;2.5097;2.5097;2.5141;2.5141;2.5141;2.5155;2.5155;2.5155;2.5229;2.5229;2.5229;2.5287;2.5287;2.5287,8,2,"Fe,Ni",3.5272;3.5272;3.5667;3.5667;3.5863;3.5863;3.5864;3.5864
5,,,,,8,Fe,"8.000000,0.750150,0.010855",1|16|12|12,1|4|3|3,4,1,1,Ni,0.0878,16,4,"Co,Cu,Fe,Ti",1.6688;1.6688;1.7148;1.7148;1.7903;1.7903;1.7981;1.7981;1.8363;1.8363;1.8528;1.8528;1.8570;1.8570;1.8731;1.8731,12,3,"Co,Cu,Ni",2.4820;2.4820;2.4820;2.4918;2.4918;2.4918;2.5027;2.5027;2.5027;2.5112;2.5112;2.5112,12,3,"Co,Ni,Ti",2.6140;2.6140;2.6140;2.6201;2.6201;2.6201;2.6368;2.6368;2.6368;2.6396;2.6396;2.6396
5,,,,,9,Fe,"9.000000,0.252682,0.749651",1|16|24|8,1|4|3|4,4,1,1,Co,0.0602,16,4,"Co,Fe,Ni,Ti",1.6663;1.6663;1.7365;1.7365;1.7623;1.7623;1.7770;1.7770;1.7866;1.7866;1.8073;1.8073;1.8261;1.8261;1.8352;1.8352,24,3,"Co,Fe,Ni",2.4930;2.4930;2.4930;2.4984;2.4984;2.4984;2.5087;2.5087;2.5087;2.5174;2.5174;2.5174;2.5338;2.5338;2.5338;2.5437;2.5437;2.5437;2.5547;2.5547;2.5547;2.5906;2.5906;2.5906,8,4,"Co,Fe,Ni,Ti",3.5733;3.5733;3.5752;3.5752;3.5841;3.5841;3.5879;3.5879
5,,,,,10,Fe,"10.000000,0.753015,0.243882",1|16|24|8,1|4|3|4,4,1,1,Cu,0.0603,16,4,"Co,Cu,Fe,Ni",1.6688;1.6688;1.7566;1.7566;1.7681;1.7681;1.7877;1.7877;1.8094;1.8094;1.8171;1.8171;1.8341;1.8341;1.8511;1.8511,24,3,"Co,Fe,Ni",2.4640;2.4640;2.4640;2.5032;2.5032;2.5032;2.5165;2.5165;2.5165;2.5519;2.5519;2.5519;2.5546;2.5546;2.5546;2.5600;2.5600;2.5600;2.5965;2.5965;2.5965;2.5973;2.5973;2.5973,8,4,"Co,Fe,Ni,Ti",3.5049;3.5049;3.5255;3.5255;3.5576;3.5576;3.5876;3.5876
5,,,,,11,Fe,"11.000000,0.753193,0.754409",1|16|3|21,1|4|1|3,4,1,1,Ti,0.0209,16,4,"Co,Fe,Ni,Ti",1.7485;1.7485;1.8110;1.8110;1.8256;1.8256;1.8363;1.8363;1.8394;1.8394;1.8595;1.8595;1.8882;1.8882;1.9299;1.9299,3,1,Co,2.4579;2.4579;2.4579,21,3,"Co,Fe,Ni",2.5670;2.5670;2.5670;2.5675;2.5675;2.5675;2.5690;2.5690;2.5690;2.5898;2.5898;2.5898;2.5969;2.5969;2.5969;2.6065;2.6065;2.6065;2.6735;2.6735;2.6735
5,,,,,12,Ni,"12.000000,0.499272,0.502867",1|16|24|8,1|4|5|2,4,1,1,Fe,0.1149,16,4,"Co,Fe,Ni,Ti",1.7512;1.7512;1.7837;1.7837;1.7886;1.7886;1.7929;1.7929;1.7939;1.7939;1.7983;1.7983;1.8216;1.8216;1.8231;1.8231,24,5,"Co,Cu,Fe,Ni,Ti",2.4984;2.4984;2.4984;2.5364;2.5364;2.5364;2.5375;2.5375;2.5375;2.5423;2.5423;2.5423;2.5552;2.5552;2.5552;2.5656;2.5656;2.5656;2.5670;2.5670;2.5670;2.5965;2.5965;2.5965,8,2,"Co,Fe",3.5117;3.5117;3.5356;3.5356;3.5412;3.5412;3.5650;3.5650
5,,,,,13,Ni,"13.000000,0.497706,0.248271",1|16|24|8,1|4|3|4,4,1,1,Co,0.0300,16,4,"Co,Cu,Fe,Ni",1.6887;1.6887;1.7175;1.7175;1.7536;1.7536;1.7731;1.7731;1.7917;1.7917;1.7951;1.7951;1.8231;1.8231;1.8341;1.8341,24,3,"Co,Fe,Ni",2.4820;2.4820;2.4820;2.4980;2.4980;2.4980;2.5032;2.5032;2.5032;2.5035;2.5035;2.5035;2.5036;2.5036;2.5036;2.5315;2.5315;2.5315;2.5350;2.5350;2.5350;2.5433;2.5433;2.5433,8,4,"Co,Cu,Ni,Ti",3.5201;3.5201;3.5401;3.5401;3.5620;3.5620;3.5740;3.5740
5,,,,,14,Ni,"14.000000,0.004853,0.248632",1|16|24|8,1|4|3|2,4,1,1,Cu,0.0230,16,4,"Co,Cu,Fe,Ni",1.7234;1.7234;1.7484;1.7484;1.7495;1.7495;1.7866;1.7866;1.8092;1.8092;1.8094;1.8094;1.8331;1.8331;1.8479;1.8479,24,3,"Co,Fe,Ni",2.4617;2.4617;2.4617;2.4927;2.4927;2.4927;2.4950;2.4950;2.4950;2.5027;2.5027;2.5027;2.5209;2.5209;2.5209;2.5281;2.5281;2.5281;2.5630;2.5630;2.5630;2.5642;2.5642;2.5642,8,2,"Co,Ni",3.5238;3.5238;3.5401;3.5401;3.5658;3.5658;3.5718;3.5718
5,,,,,15,Ni,"15.000000,0.005284,0.749806",1|16|24|8,1|3|3|4,4,1,1,Co,0.0159,16,3,"Co,Fe,Ti",1.7169;1.7169;1.7399;1.7399;1.7770;1.7770;1.7796;1.7796;1.8070;1.8070;1.8110;1.8110;1.8392;1.8392;1.8495;1.8495,24,3,"Co,Fe,Ni",2.5019;2.5019;2.5019;2.5287;2.5287;2.5287;2.5302;2.5302;2.5302;2.5352;2.5352;2.5352;2.5517;2.5517;2.5517;2.5899;2.5899;2.5899;2.6140;2.6140;2.6140;2.6219;2.6219;2.6219,8,4,"Co,Cu,Ni,Ti",3.4429;3.4429;3.5135;3.5135;3.5718;3.5718;3.5791;3.5791
5,,,,,16,Ni,"16.000000,0.248249,0.005914",1|16|24|8,1|3|4|2,4,1,1,Fe,0.0338,16,3,"Co,Fe,Ni",1.7048;1.7048;1.7383;1.7383;1.7407;1.7407;1.7543;1.7543;1.7947;1.7947;1.8078;1.8078;1.8339;1.8339;1.8352;1.8352,24,4,"Co,Cu,Ni,Ti",2.4582;2.4582;2.4582;2.4617;2.4617;2.4617;2.4823;2.4823;2.4823;2.4980;2.4980;2.4980;2.5038;2.5038;2.5038;2.5206;2.5206;2.5206;2.5352;2.5352;2.5352;2.5563;2.5563;2.5563,8,2,"Fe,Ni",3.4996;3.4996;3.5391;3.5391;3.5777;3.5777;3.5779;3.5779
5,,,,,17,Ni,"17.000000,0.750241,-0.001410",1|16|24|8,1|4|4|3,4,1,1,Fe,0.0878,16,4,"Co,Cu,Fe,Ti",1.7485;1.7485;1.7566;1.7566;1.7692;1.7692;1.7856;1.7856;1.8012;1.8012;1.8026;1.8026;1.8518;1.8518;1.8738;1.8738,24,4,"Co,Cu,Ni,Ti",2.5433;2.5433;2.5433;2.5517;2.5517;2.5517;2.5525;2.5525;2.5525;2.5581;2.5581;2.5581;2.5630;2.5630;2.5630;2.5726;2.5726;2.5726;2.5749;2.5749;2.5749;2.5802;2.5802;2.5802,8,3,"Co,Fe,Ni",3.5243;3.5243;3.5732;3.5732;3.5777;3.5777;3.5863;3.5863
5,,,,,18,Ni,"18.000000,0.249687,0.494647",1|16|24|8,1|3|4|3,4,1,1,Ni,0.0395,16,3,"Co,Fe,Ni",1.7433;1.7433;1.7476;1.7476;1.7487;1.7487;1.7595;1.7595;1.7613;1.7613;1.7939;1.7939;1.8261;1.8261;1.8277;1.8277,24,4,"Co,Cu,Ni,Ti",2.4743;2.4743;2.4743;2.4927;2.4927;2.4927;2.5031;2.5031;2.5031;2.5036;2.5036;2.5036;2.5243;2.5243;2.5243;2.5267;2.5267;2.5267;2.5277;2.5277;2.5277;2.5302;2.5302;2.5302,8,3,"Co,Fe,Ni",3.4996;3.4996;3.5272;3.5272;3.5763;3.5763;3.5795;3.5795
5,,,,,19,Ni,"19.000000,0.249690,0.500164",1|16|24|8,1|3|4|3,4,1,1,Ni,0.0395,16,3,"Co,Fe,Ni",1.7428;1.7428;1.7484;1.7484;1.7501;1.7501;1.7866;1.7866;1.7882;1.7882;1.7929;1.7929;1.7990;1.7990;1.8008;1.8008,24,4,"Co,Cu,Ni,Ti",2.4959;2.4959;2.4959;2.4984;2.4984;2.4984;2.4984;2.4984;2.4984;2.5019;2.5019;2.5019;2.5022;2.5022;2.5022;2.5209;2.5209;2.5209;2.5311;2.5311;2.5311;2.5315;2.5315;2.5315,8,3,"Co,Fe,Ni",3.5391;3.5391;3.5667;3.5667;3.5761;3.5761;3.5799;3.5799
5,,,,,20,Ni,"20.000000,0.248263,0.248675",1|16|24|8,1|4|3|3,4,1,1,Co,0.0382,16,4,"Co,Cu,Fe,Ni",1.7383;1.7383;1.7484;1.7484;1.7613;1.7613;1.7660;1.7660;1.7702;1.7702;1.7754;1.7754;1.7917;1.7917;1.8008;1.8008,24,3,"Co,Fe,Ni",2.4275;2.4275;2.4275;2.4593;2.4593;2.4593;2.4618;2.4618;2.4618;2.4716;2.4716;2.4716;2.4921;2.4921;2.4921;2.5011;2.5011;2.5011;2.5656;2.5656;2.5656;2.5669;2.5669;2.5669,8,3,"Co,Cu,Fe",3.5576;3.5576;3.5720;3.5720;3.5733;3.5733;3.5868;3.5868
5,,,,,21,Co,"21.000000,0.492433,0.000717",1|16|24|8,1|4|5|3,4,1,1,Co,0.0995,16,4,"Co,Fe,Ni,Ti",1.7345;1.7345;1.7471;1.7471;1.7543;1.7543;1.7731;1.7731;1.7979;1.7979;1.8139;1.8139;1.8518;1.8518;1.8528;1.8528,24,5,"Co,Cu,Fe,Ni,Ti",2.4669;2.4669;2.4669;2.4921;2.4921;2.4921;2.4930;2.4930;2.4930;2.5341;2.5341;2.5341;2.5600;2.5600;2.5600;2.5637;2.5637;2.5637;2.5690;2.5690;2.5690;2.5859;2.5859;2.5859,8,3,"Co,Fe,Ni",3.4590;3.4590;3.4899;3.4899;3.5465;3.5465;3.5650;3.5650
5,,,,,22,Co,"22.000000,-0.001217,-0.007274",1|16|24|8,1|4|5|2,4,1,1,Fe,0.1401,16,4,"Co,Cu,Fe,Ni",1.7344;1.7344;1.7399;1.7399;1.7856;1.7856;1.7903;1.7903;1.7947;1.7947;1.8128;1.8128;1.8331;1.8331;1.8398;1.8398,24,5,"Co,Cu,Fe,Ni,Ti",2.4579;2.4579;2.4579;2.4696;2.4696;2.4696;2.4733;2.4733;2.4733;2.5165;2.5165;2.5165;2.5174;2.5174;2.5174;2.5669;2.5669;2.5669;2.5766;2.5766;2.5766;2.5951;2.5951;2.5951,8,2,"Co,Fe",3.5194;3.5194;3.5465;3.5465;3.5789;3.5789;3.5864;3.5864
5,,,,,23,Co,"23.000000,0.499820,0.012443",1|16|12|12,1|4|4|3,4,1,1,Co,0.0995,16,4,"Co,Fe,Ni,Ti",1.6887;1.6887;1.7139;1.7139;1.7893;1.7893;1.7981;1.7981;1.8012;1.8012;1.8078;1.8078;1.8336;1.8336;1.8984;1.8984,12,4,"Co,Cu,Fe,Ni",2.4453;2.4453;2.4453;2.4640;2.4640;2.4640;2.4671;2.4671;2.4671;2.4716;2.4716;2.4716,12,3,"Co,Fe,Ti",2.5898;2.5898;2.5898;2.5906;2.5906;2.5906;2.6071;2.6071;2.6071;2.6313;2.6313;2.6313
5,,,,,24,Co,"24.000000,0.007338,0.750642",1|16|24|8,1|3|3|4,4,1,1,Ni,0.0159,16,3,"Co,Fe,Ti",1.7021;1.7021;1.7344;1.7344;1.7623;1.7623;1.7856;1.7856;1.8218;1.8218;1.8256;1.8256;1.8432;1.8432;1.8452;1.8452,24,3,"Co,Fe,Ni",2.4959;2.4959;2.4959;2.5141;2.5141;2.5141;2.5206;2.5206;2.5206;2.5243;2.5243;2.5243;2.5581;2.5581;2.5581;2.6047;2.6047;2.6047;2.6201;2.6201;2.6201;2.6366;2.6366;2.6366,8,4,"Co,Cu,Ni,Ti",3.4280;3.4280;3.4988;3.4988;3.5658;3.5658;3.5732;3.5732
5,,,,,25,Co,"25.000000,0.495409,0.251771",1|16|24|8,1|4|3|4,4,1,1,Ni,0.0300,16,4,"Co,Cu,Fe,Ni",1.6922;1.6922;1.7139;1.7139;1.7373;1.7373;1.7754;1.7754;1.7979;1.7979;1.7983;1.7983;1.8115;1.8115;1.8511;1.8511,24,3,"Co,Fe,Ni",2.4743;2.4743;2.4743;2.4978;2.4978;2.4978;2.5022;2.5022;2.5022;2.5038;2.5038;2.5038;2.5097;2.5097;2.5097;2.5112;2.5112;2.5112;2.5292;2.5292;2.5292;2.5726;2.5726;2.5726,8,4,"Co,Cu,Ni,Ti",3.5238;3.5238;3.5447;3.5447;3.5456;3.5456;3.5489;3.5489
5,,,,,26,Co,"26.000000,0.494429,0.747398",1|16|24|8,1|4|3|2,4,1,1,Ti,0.0982,16,4,"Co,Fe,Ni,Ti",1.7365;1.7365;1.7512;1.7512;1.7967;1.7967;1.8139;1.8139;1.8568;1.8568;1.8595;1.8595;1.8628;1.8628;1.8984;1.8984,24,3,"Co,Fe,Ni",2.4984;2.4984;2.4984;2.5229;2.5229;2.5229;2.5267;2.5267;2.5267;2.5469;2.5469;2.5469;2.5563;2.5563;2.5563;2.5749;2.5749;2.5749;2.5837;2.5837;2.5837;2.6368;2.6368;2.6368,8,2,"Co,Ni",3.4988;3.4988;3.5135;3.5135;3.5489;3.5489;3.5740;3.5740
5,,,,,27,Co,"27.000000,0.748020,0.490774",1|16|24|8,1|4|4|2,4,1,1,Fe,0.0490,16,4,"Cu,Fe,Ni,Ti",1.7217;1.7217;1.7681;1.7681;1.7886;1.7886;1.8315;1.8315;1.8561;1.8561;1.8624;1.8624;1.8677;1.8677;1.8882;1.8882,24,4,"Co,Cu,Ni,Ti",2.4978;2.4978;2.4978;2.5032;2.5032;2.5032;2.5073;2.5073;2.5073;2.5281;2.5281;2.5281;2.5837;2.5837;2.5837;2.6219;2.6219;2.6219;2.6366;2.6366;2.6366;2.6819;2.6819;2.6819,8,2,"Fe,Ni",3.4364;3.4364;3.5243;3.5243;3.5795;3.5795;3.5799;3.5799
5,,,,,28,Co,"28.000000,0.253573,0.248945",1|16|24|8,1|4|3|3,4,1,1,Ni,0.0382,16,4,"Co,Cu,Fe,Ni",1.7373;1.7373;1.7407;1.7407;1.7536;1.7536;1.7595;1.7595;1.7681;1.7681;1.7866;1.7866;1.7990;1.7990;1.8084;1.8084,24,3,"Co,Fe,Ni",2.4308;2.4308;2.4308;2.4453;2.4453;2.4453;2.4559;2.4559;2.4559;2.4669;2.4669;2.4669;2.4874;2.4874;2.4874;2.5262;2.5262;2.5262;2.5375;2.5375;2.5375;2.5951;2.5951;2.5951,8,3,"Co,Cu,Fe",3.5486;3.5486;3.5746;3.5746;3.5752;3.5752;3.5876;3.5876
5,,,,,29,Co,"29.000000,0.244305,0.749847",1|16|24|8,1|4|3|4,4,1,1,Fe,0.0602,16,4,"Co,Fe,Ni,Ti",1.7021;1.7021;1.7169;1.7169;1.7263;1.7263;1.7882;1.7882;1.7967;1.7967;1.8066;1.8066;1.8277;1.8277;1.8339;1.8339,24,3,"Co,Fe,Ni",2.4677;2.4677;2.4677;2.4733;2.4733;2.4733;2.4920;2.4920;2.4920;2.5143;2.5143;2.5143;2.5341;2.5341;2.5341;2.5423;2.5423;2.5423;2.5858;2.5858;2.5858;2.6313;2.6313;2.6313,8,4,"Co,Fe,Ni,Ti",3.5239;3.5239;3.5277;3.5277;3.5720;3.5720;3.5746;3.5746
5,,,,,30,Cu,"30.000000,0.001813,0.249644",1|16|24|8,1|4|3|2,4,1,1,Ni,0.0230,16,4,"Co,Cu,Fe,Ni",1.7312;1.7312;1.7426;1.7426;1.7702;1.7702;1.7877;1.7877;1.8023;1.8023;1.8084;1.8084;1.8260;1.8260;1.8398;1.8398,24,3,"Co,Fe,Ni",2.4823;2.4823;2.4823;2.4918;2.4918;2.4918;2.5031;2.5031;2.5031;2.5073;2.5073;2.5073;2.5155;2.5155;2.5155;2.5311;2.5311;2.5311;2.5435;2.5435;2.5435;2.5525;2.5525;2.5525,8,2,"Co,Ni",3.5456;3.5456;3.5620;3.5620;3.5732;3.5732;3.5791;3.5791
5,,,,,31,Cu,"31.000000,0.747599,0.250329",1|16|24|8,1|4|3|4,4,1,1,Fe,0.0603,16,4,"Co,Cu,Fe,Ni",1.7148;1.7148;1.7217;1.7217;1.7706;1.7706;1.7951;1.7951;1.8026;1.8026;1.8115;1.8115;1.8260;1.8260;1.8479;1.8479,24,3,"Co,Fe,Ni",2.4671;2.4671;2.4671;2.4947;2.4947;2.4947;2.5364;2.5364;2.5364;2.5481;2.5481;2.5481;2.5630;2.5630;2.5630;2.5637;2.5637;2.5637;2.5766;2.5766;2.5766;2.5926;2.5926;2.5926,8,4,"Co,Fe,Ni,Ti",3.5486;3.5486;3.5511;3.5511;3.5718;3.5718;3.5868;3.5868
6,,,,,0,Si,"0.000000,0.506347,0.505372",1|16|24|8,1|4|4|2,4,1,1,Fe,0.0420,16,4,"Co,Fe,Mn,Ni",1.7131;1.7131;1.7163;1.7163;1.7412;1.7412;1.7414;1.7414;1.8144;1.8144;1.8170;1.8170;1.8251;1.8251;1.8306;1.8306,24,4,"Co,Fe,Mn,Ni",2.4671;2.4671;2.4671;2.4854;2.4854;2.4854;2.4930;2.4930;2.4930;2.4962;2.4962;2.4962;2.5141;2.5141;2.5141;2.5227;2.5227;2.5227;2.5485;2.5485;2.5485;2.5520;2.5520;2.5520,8,2,"Fe,Ni",3.4753;3.4753;3.4788;3.4788;3.4889;3.4889;3.5007;3.5007
6,,,,,1,Si,"1.000000,0.245057,0.004940",1|16|24|8,1|3|4|2,4,1,1,Co,0.0534,16,3,"Co,Fe,Ni",1.7306;1.7306;1.7360;1.7360;1.7377;1.7377;1.7608;1.7608;1.7908;1.7908;1.8048;1.8048;1.8057;1.8057;1.8076;1.8076,24,4,"Co,Fe,Mn,Ni",2.4516;2.4516;2.4516;2.4725;2.4725;2.4725;2.4862;2.4862;2.4862;2.4891;2.4891;2.4891;2.5309;2.5309;2.5309;2.5353;2.5353;2.5353;2.5452;2.5452;2.5452;2.5625;2.5625;2.5625,8,2,"Co,Fe",3.4673;3.4673;3.4781;3.4781;3.4993;3.4993;3.5062;3.5062
6,,,,,2,Mn,"2.000000,0.506771,0.247975",1|16|24|8,1|5|4|3,4,1,1,Co,0.0487,16,5,"Co,Fe,Mn,Ni,Si",1.6866;1.6866;1.7205;1.7205;1.7571;1.7571;1.7605;1.7605;1.7958;1.7958;1.8139;1.8139;1.8144;1.8144;1.8396;1.8396,24,4,"Co,Fe,Ni,Si",2.4685;2.4685;2.4685;2.4781;2.4781;2.4781;2.4905;2.4905;2.4905;2.4974;2.4974;2.4974;2.5264;2.5264;2.5264;2.5271;2.5271;2.5271;2.5309;2.5309;2.5309;2.5440;2.5440;2.5440,8,3,"Co,Fe,Ni",3.4720;3.4720;3.4939;3.4939;3.5069;3.5069;3.5223;3.5223
6,,,,,3,Mn,"3.000000,0.743772,0.246694",1|16|24|8,1|4|3|3,4,1,1,Fe,0.0380,16,4,"Co,Fe,Mn,Ni",1.6866;1.6866;1.7342;1.7342;1.7492;1.7492;1.7600;1.7600;1.7855;1.7855;1.7861;1.7861;1.8026;1.8026;1.8204;1.8204,24,3,"Fe,Ni,Si",2.4695;2.4695;2.4695;2.4700;2.4700;2.4700;2.4854;2.4854;2.4854;2.4973;2.4973;2.4973;2.5223;2.5223;2.5223;2.5278;2.5278;2.5278;2.5300;2.5300;2.5300;2.5459;2.5459;2.5459,8,3,"Co,Fe,Ni",3.4717;3.4717;3.4876;3.4876;3.5005;3.5005;3.5260;3.5260
6,,,,,4,Fe,"4.000000,0.498982,-0.001653",1|16|24|8,1|5|4|3,4,1,1,Ni,0.0044,16,5,"Co,Fe,Mn,Ni,Si",1.7341;1.7341;1.7495;1.7495;1.7605;1.7605;1.7624;1.7624;1.7678;1.7678;1.8034;1.8034;1.8076;1.8076;1.8104;1.8104,24,4,"Co,Fe,Mn,Ni",2.4700;2.4700;2.4700;2.4950;2.4950;2.4950;2.4991;2.4991;2.4991;2.5024;2.5024;2.5024;2.5058;2.5058;2.5058;2.5061;2.5061;2.5061;2.5071;2.5071;2.5071;2.5386;2.5386;2.5386,8,3,"Fe,Ni,Si",3.4753;3.4753;3.4939;3.4939;3.5428;3.5428;3.5442;3.5442
6,,,,,5,Fe,"5.000000,-0.001745,0.500463",1|16|24|8,1|3|4|3,4,1,1,Ni,0.0159,16,3,"Co,Fe,Ni",1.7421;1.7421;1.7595;1.7595;1.7626;1.7626;1.7724;1.7724;1.7784;1.7784;1.7846;1.7846;1.7859;1.7859;1.8000;1.8000,24,4,"Co,Fe,Mn,Ni",2.4832;2.4832;2.4832;2.4887;2.4887;2.4887;2.4912;2.4912;2.4912;2.4952;2.4952;2.4952;2.5073;2.5073;2.5073;2.5098;2.5098;2.5098;2.5226;2.5226;2.5226;2.5459;2.5459;2.5459,8,3,"Fe,Ni,Si",3.5007;3.5007;3.5158;3.5158;3.5236;3.5236;3.5380;3.5380
6,,,,,6,Fe,"6.000000,0.501090,0.502680",1|16|24|8,1|4|4|2,4,1,1,Si,0.0420,16,4,"Co,Fe,Mn,Ni",1.7315;1.7315;1.7534;1.7534;1.7599;1.7599;1.7785;1.7785;1.7790;1.7790;1.7927;1.7927;1.7958;1.7958;1.8056;1.8056,24,4,"Co,Fe,Mn,Ni",2.4973;2.4973;2.4973;2.5000;2.5000;2.5000;2.5071;2.5071;2.5071;2.5084;2.5084;2.5084;2.5086;2.5086;2.5086;2.5089;2.5089;2.5089;2.5121;2.5121;2.5121;2.5330;2.5330;2.5330,8,2,"Fe,Ni",3.4939;3.4939;3.4974;3.4974;3.5261;3.5261;3.5380;3.5380
6,,,,,7,Fe,"7.000000,-0.005330,0.248202",1|16|24|8,1|4|4|2,4,1,1,Ni,0.0354,16,4,"Co,Fe,Mn,Ni",1.7460;1.7460;1.7516;1.7516;1.7556;1.7556;1.7678;1.7678;1.7784;1.7784;1.7855;1.7855;1.8059;1.8059;1.8305;1.8305,24,4,"Co,Fe,Ni,Si",2.4632;2.4632;2.4632;2.4659;2.4659;2.4659;2.4725;2.4725;2.4725;2.4926;2.4926;2.4926;2.4988;2.4988;2.4988;2.5259;2.5259;2.5259;2.5283;2.5283;2.5283;2.5307;2.5307;2.5307,8,2,"Co,Mn",3.4720;3.4720;3.5091;3.5091;3.5197;3.5197;3.5202;3.5202
6,,,,,8,Fe,"8.000000,0.752400,-0.001304",1|16|24|8,1|4|4|3,4,1,1,Co,0.0126,16,4,"Co,Fe,Mn,Ni",1.7227;1.7227;1.7390;1.7390;1.7492;1.7492;1.7654;1.7654;1.7687;1.7687;1.7702;1.7702;1.8034;1.8034;1.8061;1.8061,24,4,"Co,Fe,Mn,Ni",2.4632;2.4632;2.4632;2.4781;2.4781;2.4781;2.4782;2.4782;2.4782;2.4919;2.4919;2.4919;2.4950;2.4950;2.4950;2.4992;2.4992;2.4992;2.5048;2.5048;2.5048;2.5176;2.5176;2.5176,8,3,"Co,Ni,Si",3.4990;3.4990;3.5062;3.5062;3.5151;3.5151;3.5452;3.5452
6,,,,,9,Fe,"9.000000,0.251166,0.496789",1|16|24|8,1|4|4|3,4,1,1,Co,0.0177,16,4,"Co,Fe,Ni,Si",1.7065;1.7065;1.7371;1.7371;1.7765;1.7765;1.7790;1.7790;1.7914;1.7914;1.8000;1.8000;1.8118;1.8118;1.8170;1.8170,24,4,"Co,Fe,Mn,Ni",2.4995;2.4995;2.4995;2.5016;2.5016;2.5016;2.5072;2.5072;2.5072;2.5116;2.5116;2.5116;2.5264;2.5264;2.5264;2.5300;2.5300;2.5300;2.5307;2.5307;2.5307;2.5327;2.5327;2.5327,8,3,"Co,Ni,Si",3.4673;3.4673;3.5032;3.5032;3.5320;3.5320;3.5572;3.5572
6,,,,,10,Fe,"10.000000,0.748537,0.249118",1|16|24|8,1|4|3|3,4,1,1,Mn,0.0380,16,4,"Co,Fe,Mn,Ni",1.7205;1.7205;1.7516;1.7516;1.7654;1.7654;1.7682;1.7682;1.7688;1.7688;1.7761;1.7761;1.7849;1.7849;1.7864;1.7864,24,3,"Fe,Ni,Si",2.4939;2.4939;2.4939;2.4962;2.4962;2.4962;2.5056;2.5056;2.5056;2.5061;2.5061;2.5061;2.5086;2.5086;2.5086;2.5097;2.5097;2.5097;2.5098;2.5098;2.5098;2.5153;2.5153;2.5153,8,3,"Co,Fe,Ni",3.4881;3.4881;3.5043;3.5043;3.5343;3.5343;3.5571;3.5571
6,,,,,11,Fe,"11.000000,0.248049,0.748790",1|16|24|8,1|4|3|3,4,1,1,Fe,0.0151,16,4,"Co,Fe,Ni,Si",1.7422;1.7422;1.7654;1.7654;1.7694;1.7694;1.7765;1.7765;1.7920;1.7920;1.7943;1.7943;1.7982;1.7982;1.8057;1.8057,24,3,"Fe,Ni,Si",2.4913;2.4913;2.4913;2.4952;2.4952;2.4952;2.4971;2.4971;2.4971;2.5000;2.5000;2.5000;2.5071;2.5071;2.5071;2.5076;2.5076;2.5076;2.5110;2.5110;2.5110;2.5141;2.5141;2.5141,8,3,"Co,Fe,Ni",3.4827;3.4827;3.5081;3.5081;3.5135;3.5135;3.5282;3.5282
6,,,,,12,Fe,"12.000000,0.251882,0.250361",1|16|24|8,1|5|3|2,4,1,1,Co,0.0397,16,5,"Co,Fe,Mn,Ni,Si",1.7306;1.7306;1.7371;1.7371;1.7481;1.7481;1.7662;1.7662;1.7664;1.7664;1.7956;1.7956;1.8139;1.8139;1.8305;1.8305,24,3,"Fe,Ni,Si",2.4948;2.4948;2.4948;2.4991;2.4991;2.4991;2.5071;2.5071;2.5071;2.5121;2.5121;2.5121;2.5149;2.5149;2.5149;2.5226;2.5226;2.5226;2.5239;2.5239;2.5239;2.5520;2.5520;2.5520,8,2,"Fe,Mn",3.5005;3.5005;3.5135;3.5135;3.5207;3.5207;3.5343;3.5343
6,,,,,13,Fe,"13.000000,0.248355,0.750913",1|16|24|8,1|4|3|3,4,1,1,Fe,0.0151,16,4,"Co,Fe,Ni,Si",1.7444;1.7444;1.7545;1.7545;1.7804;1.7804;1.7908;1.7908;1.7914;1.7914;1.7922;1.7922;1.7943;1.7943;1.7959;1.7959,24,3,"Fe,Ni,Si",2.4823;2.4823;2.4823;2.4880;2.4880;2.4880;2.4950;2.4950;2.4950;2.4955;2.4955;2.4955;2.5073;2.5073;2.5073;2.5089;2.5089;2.5089;2.5227;2.5227;2.5227;2.5231;2.5231;2.5231,8,3,"Co,Fe,Ni",3.4977;3.4977;3.5101;3.5101;3.5207;3.5207;3.5303;3.5303
6,,,,,14,Ni,"14.000000,0.000938,-0.000777",1|16|24|8,1|4|4|2,4,1,1,Ni,0.0098,16,4,"Co,Fe,Ni,Si",1.7377;1.7377;1.7536;1.7536;1.7556;1.7556;1.7609;1.7609;1.7617;1.7617;1.7687;1.7687;1.7740;1.7740;1.7765;1.7765,24,4,"Co,Fe,Mn,Ni",2.4581;2.4581;2.4581;2.4823;2.4823;2.4823;2.4841;2.4841;2.4841;2.4913;2.4913;2.4913;2.5149;2.5149;2.5149;2.5153;2.5153;2.5153;2.5190;2.5190;2.5190;2.5278;2.5278;2.5278,8,2,"Fe,Ni",3.5158;3.5158;3.5229;3.5229;3.5415;3.5415;3.5442;3.5442
6,,,,,15,Ni,"15.000000,0.001149,0.000595",1|16|24|8,1|4|4|2,4,1,1,Ni,0.0098,16,4,"Co,Fe,Ni,Si",1.7360;1.7360;1.7460;1.7460;1.7512;1.7512;1.7633;1.7633;1.7633;1.7633;1.7702;1.7702;1.7750;1.7750;1.7837;1.7837,24,4,"Co,Fe,Mn,Ni",2.4660;2.4660;2.4660;2.4880;2.4880;2.4880;2.4919;2.4919;2.4919;2.4971;2.4971;2.4971;2.5071;2.5071;2.5071;2.5097;2.5097;2.5097;2.5111;2.5111;2.5111;2.5223;2.5223;2.5223,8,2,"Fe,Ni",3.5132;3.5132;3.5236;3.5236;3.5400;3.5400;3.5428;3.5428
6,,,,,16,Ni,"16.000000,0.498602,-0.001160",1|16|24|8,1|5|4|3,4,1,1,Fe,0.0044,16,5,"Co,Fe,Mn,Ni,Si",1.7375;1.7375;1.7460;1.7460;1.7571;1.7571;1.7650;1.7650;1.7659;1.7659;1.8048;1.8048;1.8061;1.8061;1.8131;1.8131,24,4,"Co,Fe,Mn,Ni",2.4695;2.4695;2.4695;2.4948;2.4948;2.4948;2.4955;2.4955;2.4955;2.5056;2.5056;2.5056;2.5068;2.5068;2.5068;2.5076;2.5076;2.5076;2.5102;2.5102;2.5102;2.5343;2.5343;2.5343,8,3,"Fe,Ni,Si",3.4788;3.4788;3.4974;3.4974;3.5400;3.5400;3.5415;3.5415
6,,,,,17,Ni,"17.000000,-0.003425,0.498980",1|16|24|8,1|3|4|3,4,1,1,Fe,0.0159,16,3,"Co,Fe,Ni",1.7477;1.7477;1.7525;1.7525;1.7620;1.7620;1.7678;1.7678;1.7727;1.7727;1.7733;1.7733;1.7978;1.7978;1.8118;1.8118,24,4,"Co,Fe,Mn,Ni",2.4845;2.4845;2.4845;2.4879;2.4879;2.4879;2.4903;2.4903;2.4903;2.4939;2.4939;2.4939;2.5110;2.5110;2.5110;2.5231;2.5231;2.5231;2.5239;2.5239;2.5239;2.5300;2.5300;2.5300,8,3,"Fe,Ni,Si",3.4889;3.4889;3.5132;3.5132;3.5229;3.5229;3.5261;3.5261
6,,,,,18,Ni,"18.000000,-0.000430,0.249028",1|16|24|8,1|4|4|2,4,1,1,Fe,0.0354,16,4,"Co,Fe,Mn,Ni",1.7512;1.7512;1.7609;1.7609;1.7620;1.7620;1.7709;1.7709;1.7724;1.7724;1.7864;1.7864;1.7956;1.7956;1.8204;1.8204,24,4,"Co,Fe,Ni,Si",2.4516;2.4516;2.4516;2.4919;2.4919;2.4919;2.4945;2.4945;2.4945;2.4993;2.4993;2.4993;2.5016;2.5016;2.5016;2.5050;2.5050;2.5050;2.5129;2.5129;2.5129;2.5194;2.5194;2.5194,8,2,"Co,Mn",3.5069;3.5069;3.5144;3.5144;3.5145;3.5145;3.5546;3.5546
6,,,,,19,Ni,"19.000000,0.500189,0.748323",1|16|24|8,1|4|4|2,4,1,1,Co,0.0286,16,4,"Co,Fe,Ni,Si",1.7131;1.7131;1.7315;1.7315;1.7624;1.7624;1.7659;1.7659;1.7922;1.7922;1.7940;1.7940;1.7943;1.7943;1.8146;1.8146,24,4,"Co,Fe,Ni,Si",2.4814;2.4814;2.4814;2.4881;2.4881;2.4881;2.5072;2.5072;2.5072;2.5091;2.5091;2.5091;2.5094;2.5094;2.5094;2.5152;2.5152;2.5152;2.5176;2.5176;2.5176;2.5625;2.5625;2.5625,8,2,"Co,Mn",3.5118;3.5118;3.5223;3.5223;3.5300;3.5300;3.5365;3.5365
6,,,,,20,Ni,"20.000000,0.747474,0.500050",1|16|24|8,1|5|4|2,4,1,1,Ni,0.0298,16,5,"Co,Fe,Mn,Ni,Si",1.7163;1.7163;1.7534;1.7534;1.7688;1.7688;1.7727;1.7727;1.7763;1.7763;1.7846;1.7846;1.7861;1.7861;1.7931;1.7931,24,4,"Co,Fe,Mn,Ni",2.4685;2.4685;2.4685;2.4814;2.4814;2.4814;2.4861;2.4861;2.4861;2.4988;2.4988;2.4988;2.4989;2.4989;2.4989;2.5090;2.5090;2.5090;2.5194;2.5194;2.5194;2.5358;2.5358;2.5358,8,2,"Co,Fe",3.5046;3.5046;3.5151;3.5151;3.5320;3.5320;3.5458;3.5458
6,,,,,21,Ni,"21.000000,0.751005,0.502317",1|16|24|8,1|5|4|2,4,1,1,Ni,0.0298,16,5,"Co,Fe,Mn,Ni,Si",1.7412;1.7412;1.7477;1.7477;1.7595;1.7595;1.7600;1.7600;1.7765;1.7765;1.7785;1.7785;1.7849;1.7849;1.8026;1.8026,24,4,"Co,Fe,Mn,Ni",2.4570;2.4570;2.4570;2.4881;2.4881;2.4881;2.4926;2.4926;2.4926;2.4974;2.4974;2.4974;2.5053;2.5053;2.5053;2.5066;2.5066;2.5066;2.5129;2.5129;2.5129;2.5380;2.5380;2.5380,8,2,"Co,Fe",3.4884;3.4884;3.4990;3.4990;3.5455;3.5455;3.5572;3.5572
6,,,,,22,Ni,"22.000000,0.752265,0.751993",1|16|24|8,1|3|3|2,4,1,1,Co,0.0261,16,3,"Co,Fe,Ni",1.7285;1.7285;1.7364;1.7364;1.7390;1.7390;1.7600;1.7600;1.7763;1.7763;1.7860;1.7860;1.7901;1.7901;1.7940;1.7940,24,3,"Fe,Ni,Si",2.4671;2.4671;2.4671;2.4841;2.4841;2.4841;2.4903;2.4903;2.4903;2.4912;2.4912;2.4912;2.4919;2.4919;2.4919;2.5024;2.5024;2.5024;2.5068;2.5068;2.5068;2.5071;2.5071;2.5071,8,2,"Fe,Mn",3.4876;3.4876;3.5043;3.5043;3.5282;3.5282;3.5303;3.5303
6,,,,,23,Co,"23.000000,0.500076,0.246533",1|16|24|8,1|5|4|3,4,1,1,Mn,0.0487,16,5,"Co,Fe,Mn,Ni,Si",1.7342;1.7342;1.7460;1.7460;1.7495;1.7495;1.7664;1.7664;1.7682;1.7682;1.7922;1.7922;1.8056;1.8056;1.8251;1.8251,24,4,"Co,Fe,Ni,Si",2.4858;2.4858;2.4858;2.4891;2.4891;2.4891;2.4995;2.4995;2.4995;2.5048;2.5048;2.5048;2.5090;2.5090;2.5090;2.5170;2.5170;2.5170;2.5172;2.5172;2.5172;2.5380;2.5380;2.5380,8,3,"Co,Fe,Ni",3.4835;3.4835;3.5118;3.5118;3.5197;3.5197;3.5546;3.5546
6,,,,,24,Co,"24.000000,-0.003764,0.747598",1|16|24|8,1|3|4|3,4,1,1,Co,0.0537,16,3,"Co,Fe,Ni",1.7165;1.7165;1.7364;1.7364;1.7421;1.7421;1.7525;1.7525;1.7740;1.7740;1.7837;1.7837;1.7920;1.7920;1.7943;1.7943,24,4,"Co,Fe,Ni,Si",2.4570;2.4570;2.4570;2.4658;2.4658;2.4658;2.4782;2.4782;2.4782;2.4861;2.4861;2.4861;2.5151;2.5151;2.5151;2.5327;2.5327;2.5327;2.5353;2.5353;2.5353;2.5374;2.5374;2.5374,8,3,"Co,Fe,Ni",3.5144;3.5144;3.5202;3.5202;3.5264;3.5264;3.5300;3.5300
6,,,,,25,Co,"25.000000,0.500718,0.752350",1|16|24|8,1|4|4|2,4,1,1,Ni,0.0286,16,4,"Co,Fe,Ni,Si",1.7341;1.7341;1.7375;1.7375;1.7414;1.7414;1.7599;1.7599;1.7901;1.7901;1.7959;1.7959;1.7982;1.7982;1.8104;1.8104,24,4,"Co,Fe,Ni,Si",2.4918;2.4918;2.4918;2.4928;2.4928;2.4928;2.4950;2.4950;2.4950;2.4989;2.4989;2.4989;2.5053;2.5053;2.5053;2.5300;2.5300;2.5300;2.5321;2.5321;2.5321;2.5452;2.5452;2.5452,8,2,"Co,Mn",3.4835;3.4835;3.4939;3.4939;3.5264;3.5264;3.5403;3.5403
6,,,,,26,Co,"26.000000,0.003232,0.750458",1|16|24|8,1|3|4|3,4,1,1,Co,0.0537,16,3,"Co,Fe,Ni",1.7422;1.7422;1.7444;1.7444;1.7536;1.7536;1.7626;1.7626;1.7633;1.7633;1.7659;1.7659;1.7733;1.7733;1.7860;1.7860,24,4,"Co,Fe,Ni,Si",2.4862;2.4862;2.4862;2.4868;2.4868;2.4868;2.4878;2.4878;2.4878;2.4940;2.4940;2.4940;2.4992;2.4992;2.4992;2.5066;2.5066;2.5066;2.5116;2.5116;2.5116;2.5358;2.5358;2.5358,8,3,"Co,Fe,Ni",3.5091;3.5091;3.5145;3.5145;3.5365;3.5365;3.5403;3.5403
6,,,,,27,Co,"27.000000,0.249209,0.498341",1|16|24|8,1|4|4|3,4,1,1,Fe,0.0177,16,4,"Co,Fe,Ni,Si",1.7173;1.7173;1.7481;1.7481;1.7654;1.7654;1.7804;1.7804;1.7859;1.7859;1.7927;1.7927;1.7978;1.7978;1.8306;1.8306,24,4,"Co,Fe,Mn,Ni",2.4940;2.4940;2.4940;2.4993;2.4993;2.4993;2.5094;2.5094;2.5094;2.5151;2.5151;2.5151;2.5170;2.5170;2.5170;2.5283;2.5283;2.5283;2.5321;2.5321;2.5321;2.5440;2.5440;2.5440,8,3,"Co,Ni,Si",3.4781;3.4781;3.5142;3.5142;3.5455;3.5455;3.5458;3.5458
6,,,,,28,Co,"28.000000,0.250576,-0.000200",1|16|24|8,1|3|4|2,4,1,1,Si,0.0534,16,3,"Co,Fe,Ni",1.7545;1.7545;1.7650;1.7650;1.7662;1.7662;1.7678;1.7678;1.7694;1.7694;1.7750;1.7750;1.7765;1.7765;1.7969;1.7969,24,4,"Co,Fe,Mn,Ni",2.4858;2.4858;2.4858;2.4878;2.4878;2.4878;2.4918;2.4918;2.4918;2.5050;2.5050;2.5050;2.5091;2.5091;2.5091;2.5259;2.5259;2.5259;2.5271;2.5271;2.5271;2.5374;2.5374;2.5374,8,2,"Co,Fe",3.5032;3.5032;3.5142;3.5142;3.5382;3.5382;3.5452;3.5452
6,,,,,29,Co,"29.000000,0.753385,-0.002798",1|16|24|8,1|4|4|3,4,1,1,Fe,0.0126,16,4,"Co,Fe,Mn,Ni",1.7121;1.7121;1.7285;1.7285;1.7600;1.7600;1.7617;1.7617;1.7633;1.7633;1.7761;1.7761;1.8104;1.8104;1.8131;1.8131,24,4,"Co,Fe,Mn,Ni",2.4658;2.4658;2.4658;2.4659;2.4659;2.4659;2.4868;2.4868;2.4868;2.4905;2.4905;2.4905;2.4928;2.4928;2.4928;2.4945;2.4945;2.4945;2.5152;2.5152;2.5152;2.5172;2.5172;2.5172,8,3,"Co,Ni,Si",3.4884;3.4884;3.4993;3.4993;3.5046;3.5046;3.5382;3.5382
6,,,,,30,Co,"30.000000,0.248352,0.254716",1|16|24|8,1|5|3|2,4,1,1,Fe,0.0397,16,5,"Co,Fe,Mn,Ni,Si",1.7065;1.7065;1.7173;1.7173;1.7608;1.7608;1.7709;1.7709;1.7922;1.7922;1.7969;1.7969;1.8059;1.8059;1.8396;1.8396,24,3,"Fe,Ni,Si",2.4832;2.4832;2.4832;2.4845;2.4845;2.4845;2.5084;2.5084;2.5084;2.5111;2.5111;2.5111;2.5190;2.5190;2.5190;2.5343;2.5343;2.5343;2.5386;2.5386;2.5386;2.5485;2.5485;2.5485,8,2,"Fe,Mn",3.4827;3.4827;3.4977;3.4977;3.5260;3.5260;3.5571;3.5571
6,,,,,31,Co,"31.000000,0.755116,0.754313",1|16|24|8,1|3|3|2,4,1,1,Ni,0.0261,16,3,"Co,Fe,Ni",1.7121;1.7121;1.7165;1.7165;1.7227;1.7227;1.7659;1.7659;1.7765;1.7765;1.7931;1.7931;1.8104;1.8104;1.8146;1.8146,24,3,"Fe,Ni,Si",2.4581;2.4581;2.4581;2.4660;2.4660;2.4660;2.4879;2.4879;2.4879;2.4887;2.4887;2.4887;2.4930;2.4930;2.4930;2.5058;2.5058;2.5058;2.5102;2.5102;2.5102;2.5330;2.5330;2.5330,8,2,"Fe,Mn",3.4717;3.4717;3.4881;3.4881;3.5081;3.5081;3.5101;3.5101
7,,,,,0,Al,"0.000000,-0.009674,-0.008739",1|16|21|3,1|5|3|1,4,1,1,Ni,0.0836,16,5,"Al,Co,Cu,Fe,Ni",1.7026;1.7026;1.7533;1.7533;1.7754;1.7754;1.7814;1.7814;1.8271;1.8271;1.8345;1.8345;1.9125;1.9125;1.9355;1.9355,21,3,"Co,Cu,Ni",2.4448;2.4448;2.4448;2.4488;2.4488;2.4488;2.4937;2.4937;2.4937;2.5091;2.5091;2.5091;2.5260;2.5260;2.5260;2.5523;2.5523;2.5523;2.6064;2.6064;2.6064,3,1,Al,2.7530;2.7530;2.7530
7,,,,,1,Al,"1.000000,-0.010562,0.509565",1|8|8|24,1|2|3|4,4,1,1,Ni,0.1151,8,2,"Fe,Ni",1.6775;1.6775;1.7230;1.7230;1.7291;1.7291;1.7309;1.7309,8,3,"Co,Cu,Ni",1.8541;1.8541;1.8602;1.8602;1.8655;1.8655;1.8698;1.8698,24,4,"Al,Co,Cu,Ni",2.4520;2.4520;2.4520;2.4927;2.4927;2.4927;2.4992;2.4992;2.4992;2.5393;2.5393;2.5393;2.5729;2.5729;2.5729;2.5752;2.5752;2.5752;2.5888;2.5888;2.5888;2.6857;2.6857;2.6857
7,,,,,2,Al,"2.000000,0.497737,0.501159",1|16|3|21,1|4|1|3,4,1,1,Cu,0.0582,16,4,"Co,Cu,Fe,Ni",1.7425;1.7425;1.7822;1.7822;1.7911;1.7911;1.8154;1.8154;1.8265;1.8265;1.8268;1.8268;1.8319;1.8319;1.8373;1.8373,3,1,Al,2.4034;2.4034;2.4034,21,3,"Co,Cu,Ni",2.5257;2.5257;2.5257;2.5326;2.5326;2.5326;2.5357;2.5357;2.5357;2.5499;2.5499;2.5499;2.5737;2.5737;2.5737;2.5864;2.5864;2.5864;2.5935;2.5935;2.5935
7,,,,,3,Al,"3.000000,0.257631,-0.004504",1|16|24|8,1|4|3|3,4,1,1,Co,0.0338,16,4,"Al,Co,Fe,Ni",1.6828;1.6828;1.7521;1.7521;1.7799;1.7799;1.8073;1.8073;1.8419;1.8419;1.8717;1.8717;1.8769;1.8769;1.9355;1.9355,24,3,"Cu,Fe,Ni",2.4597;2.4597;2.4597;2.4693;2.4693;2.4693;2.5409;2.5409;2.5409;2.5416;2.5416;2.5416;2.5596;2.5596;2.5596;2.5725;2.5725;2.5725;2.5945;2.5945;2.5945;2.6126;2.6126;2.6126,8,3,"Co,Fe,Ni",3.4949;3.4949;3.4956;3.4956;3.5244;3.5244;3.5296;3.5296
7,,,,,4,Al,"4.000000,0.265666,0.258951",1|16|6|18,1|4|2|3,4,1,1,Co,0.1730,16,4,"Al,Co,Cu,Ni",1.6691;1.6691;1.7568;1.7568;1.7573;1.7573;1.7581;1.7581;1.8534;1.8534;1.8769;1.8769;1.8958;1.8958;1.9179;1.9179,6,2,"Al,Cu",2.4034;2.4034;2.4034;2.4529;2.4529;2.4529,18,3,"Al,Fe,Ni",2.5603;2.5603;2.5603;2.5738;2.5738;2.5738;2.5807;2.5807;2.5807;2.6696;2.6696;2.6696;2.6857;2.6857;2.6857;2.7530;2.7530;2.7530
7,,,,,5,Fe,"5.000000,0.507232,-0.006551",1|16|24|8,1|5|4|3,4,1,1,Ni,0.0275,16,5,"Al,Co,Cu,Fe,Ni",1.7175;1.7175;1.7224;1.7224;1.7251;1.7251;1.7646;1.7646;1.7916;1.7916;1.8073;1.8073;1.8265;1.8265;1.8311;1.8311,24,4,"Al,Co,Cu,Ni",2.4158;2.4158;2.4158;2.4631;2.4631;2.4631;2.4870;2.4870;2.4870;2.5079;2.5079;2.5079;2.5432;2.5432;2.5432;2.5679;2.5679;2.5679;2.5807;2.5807;2.5807;2.6718;2.6718;2.6718,8,3,"Al,Cu,Ni",3.4921;3.4921;3.4978;3.4978;3.5064;3.5064;3.5616;3.5616
7,,,,,6,Fe,"6.000000,-0.007037,0.745096",1|16|24|8,1|3|4|3,4,1,1,Ni,0.0719,16,3,"Al,Co,Ni",1.6775;1.6775;1.7343;1.7343;1.7533;1.7533;1.7701;1.7701;1.8066;1.8066;1.8076;1.8076;1.8456;1.8456;1.8590;1.8590,24,4,"Al,Co,Fe,Ni",2.4444;2.4444;2.4444;2.4685;2.4685;2.4685;2.5091;2.5091;2.5091;2.5171;2.5171;2.5171;2.5178;2.5178;2.5178;2.5545;2.5545;2.5545;2.6123;2.6123;2.6123;2.6126;2.6126;2.6126,8,3,"Cu,Fe,Ni",3.5157;3.5157;3.5361;3.5361;3.5450;3.5450;3.5910;3.5910
7,,,,,7,Fe,"7.000000,0.507379,0.745678",1|16|24|8,1|5|4|3,4,1,1,Ni,0.0853,16,5,"Al,Co,Cu,Fe,Ni",1.7118;1.7118;1.7276;1.7276;1.7425;1.7425;1.7464;1.7464;1.7646;1.7646;1.7673;1.7673;1.8659;1.8659;1.8842;1.8842,24,4,"Al,Co,Fe,Ni",2.4534;2.4534;2.4534;2.4705;2.4705;2.4705;2.4836;2.4836;2.4836;2.4870;2.4870;2.4870;2.5416;2.5416;2.5416;2.5436;2.5436;2.5436;2.5524;2.5524;2.5524;2.5754;2.5754;2.5754,8,3,"Cu,Fe,Ni",3.5157;3.5157;3.5306;3.5306;3.5552;3.5552;3.5655;3.5655
7,,,,,8,Fe,"8.000000,0.744420,-0.001299",1|16|24|8,1|5|3|3,4,1,1,Co,0.0472,16,5,"Al,Co,Cu,Fe,Ni",1.7175;1.7175;1.7354;1.7354;1.7449;1.7449;1.7504;1.7504;1.7670;1.7670;1.7814;1.7814;1.7962;1.7962;1.8443;1.8443,24,3,"Cu,Fe,Ni",2.4794;2.4794;2.4794;2.4836;2.4836;2.4836;2.5070;2.5070;2.5070;2.5171;2.5171;2.5171;2.5536;2.5536;2.5536;2.5545;2.5545;2.5545;2.5676;2.5676;2.5676;2.5781;2.5781;2.5781,8,3,"Al,Co,Ni",3.5218;3.5218;3.5244;3.5244;3.5478;3.5478;3.5507;3.5507
7,,,,,9,Ni,"9.000000,-0.000855,-0.001136",1|16|21|3,1|5|3|1,4,1,1,Al,0.0836,16,5,"Al,Co,Cu,Fe,Ni",1.7551;1.7551;1.7709;1.7709;1.7790;1.7790;1.8076;1.8076;1.8397;1.8397;1.8443;1.8443;1.8481;1.8481;1.8717;1.8717,21,3,"Co,Cu,Ni",2.4833;2.4833;2.4833;2.5137;2.5137;2.5137;2.5233;2.5233;2.5233;2.5282;2.5282;2.5282;2.5322;2.5322;2.5322;2.5333;2.5333;2.5333;2.5432;2.5432;2.5432,3,1,Al,2.6696;2.6696;2.6696
7,,,,,10,Ni,"10.000000,0.503452,-0.006214",1|16|24|8,1|5|4|3,4,1,1,Fe,0.0275,16,5,"Al,Co,Cu,Fe,Ni",1.7267;1.7267;1.7449;1.7449;1.7498;1.7498;1.7673;1.7673;1.7799;1.7799;1.7880;1.7880;1.8037;1.8037;1.8244;1.8244,24,4,"Al,Co,Cu,Ni",2.4371;2.4371;2.4371;2.4843;2.4843;2.4843;2.4891;2.4891;2.4891;2.5044;2.5044;2.5044;2.5249;2.5249;2.5249;2.5603;2.5603;2.5603;2.5854;2.5854;2.5854;2.6504;2.6504;2.6504,8,3,"Al,Cu,Ni",3.4946;3.4946;3.5084;3.5084;3.5252;3.5252;3.5890;3.5890
7,,,,,11,Ni,"11.000000,0.003373,0.501850",1|16|24|8,1|4|4|3,4,1,1,Al,0.1151,16,4,"Co,Cu,Fe,Ni",1.7343;1.7343;1.7528;1.7528;1.7642;1.7642;1.7848;1.7848;1.8031;1.8031;1.8115;1.8115;1.8238;1.8238;1.8290;1.8290,24,4,"Al,Co,Cu,Ni",2.4785;2.4785;2.4785;2.5038;2.5038;2.5038;2.5226;2.5226;2.5226;2.5425;2.5425;2.5425;2.5628;2.5628;2.5628;2.5738;2.5738;2.5738;2.6036;2.6036;2.6036;2.6101;2.6101;2.6101,8,3,"Al,Cu,Ni",3.4871;3.4871;3.5399;3.5399;3.5793;3.5793;3.6043;3.6043
7,,,,,12,Ni,"12.000000,0.495715,0.244694",1|2|14|24,1|1|5|4,4,1,1,Cu,0.0983,2,1,Al,1.6691;1.6691,14,5,"Al,Co,Cu,Fe,Ni",1.7880;1.7880;1.7916;1.7916;1.8193;1.8193;1.8265;1.8265;1.8358;1.8358;1.8414;1.8414;1.8905;1.8905,24,4,"Al,Co,Fe,Ni",2.4683;2.4683;2.4683;2.4693;2.4693;2.4693;2.5171;2.5171;2.5171;2.5537;2.5537;2.5537;2.5874;2.5874;2.5874;2.5884;2.5884;2.5884;2.5961;2.5961;2.5961;2.6116;2.6116;2.6116
7,,,,,13,Ni,"13.000000,0.000921,0.248670",1|16|24|8,1|4|4|3,4,1,1,Cu,0.0240,16,4,"Al,Co,Cu,Ni",1.7482;1.7482;1.7677;1.7677;1.7790;1.7790;1.8031;1.8031;1.8345;1.8345;1.8386;1.8386;1.8602;1.8602;1.9179;1.9179,24,4,"Al,Co,Fe,Ni",2.5369;2.5369;2.5369;2.5452;2.5452;2.5452;2.5523;2.5523;2.5523;2.5607;2.5607;2.5607;2.5676;2.5676;2.5676;2.5691;2.5691;2.5691;2.5945;2.5945;2.5945;2.5966;2.5966;2.5966,8,3,"Cu,Fe,Ni",3.5341;3.5341;3.5361;3.5361;3.5667;3.5667;3.5826;3.5826
7,,,,,14,Ni,"14.000000,-0.000184,0.752422",1|16|24|8,1|3|4|3,4,1,1,Fe,0.0719,16,3,"Al,Co,Ni",1.7026;1.7026;1.7309;1.7309;1.7551;1.7551;1.7848;1.7848;1.7941;1.7941;1.8095;1.8095;1.8191;1.8191;1.8547;1.8547,24,4,"Al,Co,Fe,Ni",2.5096;2.5096;2.5096;2.5162;2.5162;2.5162;2.5174;2.5174;2.5174;2.5177;2.5177;2.5177;2.5404;2.5404;2.5404;2.5405;2.5405;2.5405;2.5409;2.5409;2.5409;2.5536;2.5536;2.5536,8,3,"Cu,Fe,Ni",3.5258;3.5258;3.5341;3.5341;3.5655;3.5655;3.6001;3.6001
7,,,,,15,Ni,"15.000000,0.497050,0.751397",1|16|24|8,1|5|4|3,4,1,1,Fe,0.0853,16,5,"Al,Co,Cu,Fe,Ni",1.7251;1.7251;1.7267;1.7267;1.7696;1.7696;1.7822;1.7822;1.7857;1.7857;1.7908;1.7908;1.8076;1.8076;1.8210;1.8210,24,4,"Al,Co,Fe,Ni",2.4597;2.4597;2.4597;2.4780;2.4780;2.4780;2.4935;2.4935;2.4935;2.5070;2.5070;2.5070;2.5170;2.5170;2.5170;2.5256;2.5256;2.5256;2.5528;2.5528;2.5528;2.5691;2.5691;2.5691,8,3,"Cu,Fe,Ni",3.5132;3.5132;3.5510;3.5510;3.5910;3.5910;3.6001;3.6001
7,,,,,16,Ni,"16.000000,0.750754,0.500189",1|16|24|8,1|4|3|3,4,1,1,Ni,0.0295,16,4,"Al,Co,Cu,Ni",1.7291;1.7291;1.7755;1.7755;1.7779;1.7779;1.7838;1.7838;1.8158;1.8158;1.8212;1.8212;1.8290;1.8290;1.8319;1.8319,24,3,"Cu,Fe,Ni",2.4685;2.4685;2.4685;2.4870;2.4870;2.4870;2.4968;2.4968;2.4968;2.5404;2.5404;2.5404;2.5523;2.5523;2.5523;2.5691;2.5691;2.5691;2.5742;2.5742;2.5742;2.5874;2.5874;2.5874,8,3,"Co,Fe,Ni",3.5037;3.5037;3.5507;3.5507;3.5818;3.5818;3.5932;3.5932
7,,,,,17,Ni,"17.000000,0.247035,0.504836",1|16|24|8,1|4|3|3,4,1,1,Co,0.0114,16,4,"Al,Co,Cu,Ni",1.7430;1.7430;1.7568;1.7568;1.7642;1.7642;1.7894;1.7894;1.8129;1.8129;1.8154;1.8154;1.8655;1.8655;1.8718;1.8718,24,3,"Cu,Fe,Ni",2.5170;2.5170;2.5170;2.5171;2.5171;2.5171;2.5174;2.5174;2.5174;2.5357;2.5357;2.5357;2.5436;2.5436;2.5436;2.5452;2.5452;2.5452;2.5884;2.5884;2.5884;2.6269;2.6269;2.6269,8,3,"Al,Co,Ni",3.4949;3.4949;3.5189;3.5189;3.5878;3.5878;3.5932;3.5932
7,,,,,18,Ni,"18.000000,0.751496,0.504262",1|16|24|8,1|4|3|3,4,1,1,Ni,0.0295,16,4,"Al,Co,Cu,Ni",1.7230;1.7230;1.7548;1.7548;1.7806;1.7806;1.7870;1.7870;1.8067;1.8067;1.8238;1.8238;1.8373;1.8373;1.8503;1.8503,24,3,"Cu,Fe,Ni",2.4444;2.4444;2.4444;2.4705;2.4705;2.4705;2.5162;2.5162;2.5162;2.5212;2.5212;2.5212;2.5528;2.5528;2.5528;2.5691;2.5691;2.5691;2.5909;2.5909;2.5909;2.6116;2.6116;2.6116,8,3,"Co,Fe,Ni",3.4748;3.4748;3.5218;3.5218;3.5764;3.5764;3.5878;3.5878
7,,,,,19,Ni,"19.000000,0.746990,0.244480",1|16|24|8,1|4|4|3,4,1,1,Cu,0.0833,16,4,"Co,Cu,Fe,Ni",1.7287;1.7287;1.7504;1.7504;1.7973;1.7973;1.8193;1.8193;1.8212;1.8212;1.8386;1.8386;1.8503;1.8503;1.8610;1.8610,24,4,"Al,Cu,Fe,Ni",2.4870;2.4870;2.4870;2.5044;2.5044;2.5044;2.5260;2.5260;2.5260;2.5333;2.5333;2.5333;2.5442;2.5442;2.5442;2.5729;2.5729;2.5729;2.5737;2.5737;2.5737;2.6036;2.6036;2.6036,8,3,"Al,Co,Ni",3.4858;3.4858;3.4868;3.4868;3.5171;3.5171;3.5868;3.5868
7,,,,,20,Ni,"20.000000,0.247541,0.759391",1|16|24|8,1|4|4|3,4,1,1,Ni,0.0717,16,4,"Al,Co,Fe,Ni",1.6828;1.6828;1.7064;1.7064;1.7941;1.7941;1.8076;1.8076;1.8129;1.8129;1.8134;1.8134;1.8456;1.8456;1.8842;1.8842,24,4,"Al,Cu,Fe,Ni",2.4833;2.4833;2.4833;2.4891;2.4891;2.4891;2.4937;2.4937;2.4937;2.5079;2.5079;2.5079;2.5425;2.5425;2.5425;2.5752;2.5752;2.5752;2.5864;2.5864;2.5864;2.6168;2.6168;2.6168,8,3,"Al,Co,Ni",3.5200;3.5200;3.5596;3.5596;3.5923;3.5923;3.6130;3.6130
7,,,,,21,Ni,"21.000000,0.249710,0.749579",1|16|24|8,1|4|4|3,4,1,1,Ni,0.0717,16,4,"Al,Co,Fe,Ni",1.7430;1.7430;1.7436;1.7436;1.7521;1.7521;1.7759;1.7759;1.7908;1.7908;1.8095;1.8095;1.8590;1.8590;1.8659;1.8659,24,4,"Al,Cu,Fe,Ni",2.5038;2.5038;2.5038;2.5249;2.5249;2.5249;2.5257;2.5257;2.5257;2.5393;2.5393;2.5393;2.5432;2.5432;2.5432;2.5432;2.5432;2.5432;2.5523;2.5523;2.5523;2.5569;2.5569;2.5569,8,3,"Al,Co,Ni",3.4965;3.4965;3.5324;3.5324;3.5764;3.5764;3.6118;3.6118
7,,,,,22,Ni,"22.000000,0.748564,0.750637",1|16|24|8,1|3|4|2,4,1,1,Co,0.0473,16,3,"Co,Fe,Ni",1.7200;1.7200;1.7464;1.7464;1.7548;1.7548;1.7670;1.7670;1.7701;1.7701;1.7838;1.7838;1.8191;1.8191;1.8210;1.8210,24,4,"Al,Cu,Fe,Ni",2.4448;2.4448;2.4448;2.4520;2.4520;2.4520;2.4631;2.4631;2.4631;2.4843;2.4843;2.4843;2.4858;2.4858;2.4858;2.5282;2.5282;2.5282;2.5357;2.5357;2.5357;2.5628;2.5628;2.5628,8,2,"Cu,Ni",3.5171;3.5171;3.5612;3.5612;3.6118;3.6118;3.6130;3.6130
7,,,,,23,Co,"23.000000,0.245457,0.504767",1|16|24|8,1|4|3|3,4,1,1,Ni,0.0114,16,4,"Al,Co,Cu,Ni",1.7436;1.7436;1.7528;1.7528;1.7573;1.7573;1.7888;1.7888;1.8134;1.8134;1.8268;1.8268;1.8541;1.8541;1.8832;1.8832,24,3,"Cu,Fe,Ni",2.5091;2.5091;2.5091;2.5096;2.5096;2.5096;2.5256;2.5256;2.5256;2.5274;2.5274;2.5274;2.5369;2.5369;2.5369;2.5524;2.5524;2.5524;2.5961;2.5961;2.5961;2.6348;2.6348;2.6348,8,3,"Al,Co,Ni",3.4956;3.4956;3.5195;3.5195;3.5764;3.5764;3.5818;3.5818
7,,,,,24,Co,"24.000000,0.254402,-0.001086",1|16|24|8,1|4|3|3,4,1,1,Al,0.0338,16,4,"Al,Co,Fe,Ni",1.7064;1.7064;1.7759;1.7759;1.8037;1.8037;1.8163;1.8163;1.8311;1.8311;1.8481;1.8481;1.8534;1.8534;1.9125;1.9125,24,3,"Cu,Fe,Ni",2.4683;2.4683;2.4683;2.4935;2.4935;2.4935;2.5387;2.5387;2.5387;2.5405;2.5405;2.5405;2.5592;2.5592;2.5592;2.5607;2.5607;2.5607;2.5754;2.5754;2.5754;2.6123;2.6123;2.6123,8,3,"Co,Fe,Ni",3.5189;3.5189;3.5195;3.5195;3.5478;3.5478;3.5533;3.5533
7,,,,,25,Co,"25.000000,0.745112,-0.007887",1|16|24|8,1|5|3|3,4,1,1,Fe,0.0472,16,5,"Al,Co,Cu,Fe,Ni",1.6885;1.6885;1.7200;1.7200;1.7224;1.7224;1.7498;1.7498;1.7754;1.7754;1.7973;1.7973;1.8397;1.8397;1.8428;1.8428,24,3,"Cu,Fe,Ni",2.4534;2.4534;2.4534;2.4780;2.4780;2.4780;2.5170;2.5170;2.5170;2.5177;2.5177;2.5177;2.5178;2.5178;2.5178;2.5537;2.5537;2.5537;2.5966;2.5966;2.5966;2.6068;2.6068;2.6068,8,3,"Al,Co,Ni",3.4748;3.4748;3.5037;3.5037;3.5296;3.5296;3.5533;3.5533
7,,,,,26,Co,"26.000000,0.743670,0.755022",1|16|24|8,1|3|4|2,4,1,1,Ni,0.0473,16,3,"Co,Fe,Ni",1.6885;1.6885;1.7118;1.7118;1.7354;1.7354;1.7857;1.7857;1.7870;1.7870;1.8066;1.8066;1.8158;1.8158;1.8547;1.8547,24,4,"Al,Cu,Fe,Ni",2.4158;2.4158;2.4158;2.4371;2.4371;2.4371;2.4488;2.4488;2.4488;2.4833;2.4833;2.4833;2.4992;2.4992;2.4992;2.5322;2.5322;2.5322;2.5326;2.5326;2.5326;2.6101;2.6101;2.6101,8,2,"Cu,Ni",3.4858;3.4858;3.5306;3.5306;3.5764;3.5764;3.5923;3.5923
7,,,,,27,Co,"27.000000,0.242344,0.253602",1|16|24|8,1|4|4|2,4,1,1,Al,0.1730,16,4,"Al,Co,Cu,Ni",1.7259;1.7259;1.7482;1.7482;1.7888;1.7888;1.7894;1.7894;1.8163;1.8163;1.8358;1.8358;1.8419;1.8419;1.9259;1.9259,24,4,"Al,Cu,Fe,Ni",2.4785;2.4785;2.4785;2.5233;2.5233;2.5233;2.5499;2.5499;2.5499;2.5888;2.5888;2.5888;2.6005;2.6005;2.6005;2.6064;2.6064;2.6064;2.6504;2.6504;2.6504;2.6718;2.6718;2.6718,8,2,"Cu,Ni",3.5155;3.5155;3.5200;3.5200;3.5324;3.5324;3.5868;3.5868
7,,,,,28,Cu,"28.000000,0.505556,0.503101",1|16|24|6,1|4|4|3,4,1,1,Al,0.0582,16,4,"Co,Cu,Fe,Ni",1.7276;1.7276;1.7696;1.7696;1.7755;1.7755;1.7806;1.7806;1.8032;1.8032;1.8414;1.8414;1.8718;1.8718;1.8832;1.8832,24,4,"Al,Co,Cu,Ni",2.4529;2.4529;2.4529;2.4833;2.4833;2.4833;2.4858;2.4858;2.4858;2.5442;2.5442;2.5442;2.5569;2.5569;2.5569;2.5625;2.5625;2.5625;2.6005;2.6005;2.6005;2.6168;2.6168;2.6168,6,3,"Al,Fe,Ni",3.4921;3.4921;3.4946;3.4946;3.5035;3.5035
7,,,,,29,Cu,"29.000000,0.004022,0.247494",1|16|24|8,1|4|4|3,4,1,1,Ni,0.0240,16,4,"Al,Co,Cu,Ni",1.7259;1.7259;1.7709;1.7709;1.7903;1.7903;1.8115;1.8115;1.8271;1.8271;1.8610;1.8610;1.8698;1.8698;1.8958;1.8958,24,4,"Al,Co,Fe,Ni",2.5274;2.5274;2.5274;2.5357;2.5357;2.5357;2.5387;2.5387;2.5387;2.5725;2.5725;2.5725;2.5742;2.5742;2.5742;2.5781;2.5781;2.5781;2.5909;2.5909;2.5909;2.6068;2.6068;2.6068,8,3,"Cu,Fe,Ni",3.5258;3.5258;3.5450;3.5450;3.5601;3.5601;3.5892;3.5892
7,,,,,30,Cu,"30.000000,0.508300,0.249926",1|16|24|8,1|5|4|3,4,1,1,Ni,0.0983,16,5,"Al,Co,Cu,Fe,Ni",1.7287;1.7287;1.7581;1.7581;1.7911;1.7911;1.7990;1.7990;1.8032;1.8032;1.8244;1.8244;1.8265;1.8265;1.9259;1.9259,24,4,"Al,Co,Fe,Ni",2.4794;2.4794;2.4794;2.4968;2.4968;2.4968;2.5170;2.5170;2.5170;2.5212;2.5212;2.5212;2.5592;2.5592;2.5592;2.5596;2.5596;2.5596;2.6269;2.6269;2.6269;2.6348;2.6348;2.6348,8,3,"Cu,Fe,Ni",3.5306;3.5306;3.5510;3.5510;3.5667;3.5667;3.5892;3.5892
7,,,,,31,Cu,"31.000000,0.756782,0.250648",1|16|24|8,1|4|4|3,4,1,1,Ni,0.0833,16,4,"Co,Cu,Fe,Ni",1.7677;1.7677;1.7779;1.7779;1.7903;1.7903;1.7962;1.7962;1.7990;1.7990;1.8067;1.8067;1.8428;1.8428;1.8905;1.8905,24,4,"Al,Cu,Fe,Ni",2.4927;2.4927;2.4927;2.5091;2.5091;2.5091;2.5137;2.5137;2.5137;2.5226;2.5226;2.5226;2.5625;2.5625;2.5625;2.5679;2.5679;2.5679;2.5854;2.5854;2.5854;2.5935;2.5935;2.5935,8,3,"Al,Co,Ni",3.5155;3.5155;3.5306;3.5306;3.5565;3.5565;3.5612;3.5612
8,,,,,0,Si,"0.000000,0.503760,0.009676",1|14|2|24,1|4|1|3,4,1,1,Ni,0.0931,14,4,"Co,Fe,Mn,Ni",1.6874;1.6874;1.7092;1.7092;1.7338;1.7338;1.7719;1.7719;1.8027;1.8027;1.8329;1.8329;1.8337;1.8337,2,1,Si,1.9599;1.9599,24,3,"Co,Fe,Ni",2.4308;2.4308;2.4308;2.4730;2.4730;2.4730;2.4832;2.4832;2.4832;2.4973;2.4973;2.4973;2.5149;2.5149;2.5149;2.5702;2.5702;2.5702;2.5863;2.5863;2.5863;2.6233;2.6233;2.6233
8,,,,,1,Si,"1.000000,0.495321,0.734083",1|16|24|8,1|4|5|3,4,1,1,Fe,0.1285,16,4,"Co,Fe,Ni,Si",1.6727;1.6727;1.6803;1.6803;1.6908;1.6908;1.7887;1.7887;1.8310;1.8310;1.8679;1.8679;1.8790;1.8790;1.9599;1.9599,24,5,"Co,Fe,Mn,Ni,Si",2.4521;2.4521;2.4521;2.4539;2.4539;2.4539;2.4574;2.4574;2.4574;2.4945;2.4945;2.4945;2.5537;2.5537;2.5537;2.6034;2.6034;2.6034;2.6223;2.6223;2.6223;2.6243;2.6243;2.6243,8,3,"Co,Mn,Ni",3.4176;3.4176;3.4643;3.4643;3.5186;3.5186;3.5281;3.5281
8,,,,,2,Si,"2.000000,0.240257,0.500498",1|16|24|8,1|3|5|2,4,1,1,Co,0.0578,16,3,"Co,Fe,Ni",1.7018;1.7018;1.7229;1.7229;1.7417;1.7417;1.7668;1.7668;1.7985;1.7985;1.8212;1.8212;1.8304;1.8304;1.8360;1.8360,24,5,"Co,Fe,Mn,Ni,Si",2.4417;2.4417;2.4417;2.4539;2.4539;2.4539;2.4576;2.4576;2.4576;2.4726;2.4726;2.4726;2.4800;2.4800;2.4800;2.5568;2.5568;2.5568;2.5686;2.5686;2.5686;2.5843;2.5843;2.5843,8,2,"Fe,Mn",3.4763;3.4763;3.4887;3.4887;3.5299;3.5299;3.5306;3.5306
8,,,,,3,Mn,"3.000000,0.497610,0.246867",1|16|24|8,1|4|5|3,4,1,1,Co,0.0525,16,4,"Co,Fe,Ni,Si",1.6874;1.6874;1.7437;1.7437;1.7732;1.7732;1.7786;1.7786;1.7840;1.7840;1.7916;1.7916;1.8024;1.8024;1.8192;1.8192,24,5,"Co,Fe,Mn,Ni,Si",2.4539;2.4539;2.4539;2.4761;2.4761;2.4761;2.5105;2.5105;2.5105;2.5265;2.5265;2.5265;2.5291;2.5291;2.5291;2.5329;2.5329;2.5329;2.5843;2.5843;2.5843;2.5875;2.5875;2.5875,8,3,"Fe,Ni,Si",3.4643;3.4643;3.5193;3.5193;3.5467;3.5467;3.5493;3.5493
8,,,,,4,Mn,"4.000000,0.753196,0.507108",1|16|24|8,1|3|5|3,4,1,1,Fe,0.0708,16,3,"Co,Fe,Ni",1.7227;1.7227;1.7458;1.7458;1.7548;1.7548;1.7747;1.7747;1.7852;1.7852;1.8249;1.8249;1.8308;1.8308;1.8441;1.8441,24,5,"Co,Fe,Mn,Ni,Si",2.4574;2.4574;2.4574;2.4631;2.4631;2.4631;2.4651;2.4651;2.4651;2.5267;2.5267;2.5267;2.5351;2.5351;2.5351;2.5376;2.5376;2.5376;2.5690;2.5690;2.5690;2.5875;2.5875;2.5875,8,3,"Co,Ni,Si",3.4746;3.4746;3.4763;3.4763;3.5068;3.5068;3.5180;3.5180
8,,,,,5,Fe,"5.000000,0.000215,0.246276",1|16|24|8,1|3|5|3,4,1,1,Ni,0.0502,16,3,"Co,Fe,Ni",1.7394;1.7394;1.7448;1.7448;1.7699;1.7699;1.7771;1.7771;1.7815;1.7815;1.7842;1.7842;1.8057;1.8057;1.8122;1.8122,24,5,"Co,Fe,Mn,Ni,Si",2.4718;2.4718;2.4718;2.4789;2.4789;2.4789;2.4798;2.4798;2.4798;2.4800;2.4800;2.4800;2.4941;2.4941;2.4941;2.5280;2.5280;2.5280;2.5492;2.5492;2.5492;2.5690;2.5690;2.5690,8,3,"Co,Mn,Ni",3.5258;3.5258;3.5380;3.5380;3.5493;3.5493;3.5637;3.5637
8,,,,,6,Fe,"6.000000,0.498505,0.751899",1|16|24|8,1|4|5|3,4,1,1,Si,0.1285,16,4,"Co,Fe,Ni,Si",1.7055;1.7055;1.7410;1.7410;1.7991;1.7991;1.8062;1.8062;1.8068;1.8068;1.8091;1.8091;1.8329;1.8329;1.8526;1.8526,24,5,"Co,Fe,Mn,Ni,Si",2.4476;2.4476;2.4476;2.5169;2.5169;2.5169;2.5266;2.5266;2.5266;2.5267;2.5267;2.5267;2.5485;2.5485;2.5485;2.5568;2.5568;2.5568;2.5568;2.5568;2.5568;2.5662;2.5662;2.5662,8,3,"Co,Mn,Ni",3.5193;3.5193;3.5389;3.5389;3.5439;3.5439;3.5479;3.5479
8,,,,,7,Fe,"7.000000,0.251149,0.004145",1|16|24|8,1|4|5|3,4,1,1,Fe,0.0310,16,4,"Co,Fe,Ni,Si",1.7337;1.7337;1.7641;1.7641;1.7653;1.7653;1.7869;1.7869;1.7887;1.7887;1.7943;1.7943;1.8027;1.8027;1.8394;1.8394,24,5,"Co,Fe,Mn,Ni,Si",2.4539;2.4539;2.4539;2.4941;2.4941;2.4941;2.5036;2.5036;2.5036;2.5261;2.5261;2.5261;2.5266;2.5266;2.5266;2.5269;2.5269;2.5269;2.5284;2.5284;2.5284;2.6034;2.6034;2.6034,8,3,"Co,Ni,Si",3.4887;3.4887;3.5091;3.5091;3.5306;3.5306;3.5630;3.5630
8,,,,,8,Fe,"8.000000,0.751352,0.497305",1|16|24|8,1|3|5|3,4,1,1,Mn,0.0708,16,3,"Co,Fe,Ni",1.7156;1.7156;1.7659;1.7659;1.7744;1.7744;1.7870;1.7870;1.7923;1.7923;1.8114;1.8114;1.8157;1.8157;1.8170;1.8170,24,5,"Co,Fe,Mn,Ni,Si",2.4795;2.4795;2.4795;2.4945;2.4945;2.4945;2.4950;2.4950;2.4950;2.5211;2.5211;2.5211;2.5233;2.5233;2.5233;2.5280;2.5280;2.5280;2.5291;2.5291;2.5291;2.5662;2.5662;2.5662,8,3,"Co,Ni,Si",3.4887;3.4887;3.5295;3.5295;3.5337;3.5337;3.5439;3.5439
8,,,,,9,Fe,"9.000000,0.246803,0.004131",1|16|24|8,1|4|5|3,4,1,1,Fe,0.0310,16,4,"Co,Fe,Ni,Si",1.7341;1.7341;1.7577;1.7577;1.7633;1.7633;1.7640;1.7640;1.7668;1.7668;1.8178;1.8178;1.8337;1.8337;1.8391;1.8391,24,5,"Co,Fe,Mn,Ni,Si",2.4718;2.4718;2.4718;2.4761;2.4761;2.4761;2.5044;2.5044;2.5044;2.5049;2.5049;2.5049;2.5068;2.5068;2.5068;2.5257;2.5257;2.5257;2.5485;2.5485;2.5485;2.6243;2.6243;2.6243,8,3,"Co,Ni,Si",3.4883;3.4883;3.5299;3.5299;3.5320;3.5320;3.5401;3.5401
8,,,,,10,Fe,"10.000000,0.751586,0.749386",1|16|24|8,1|4|3|3,4,1,1,Fe,0.0520,16,4,"Fe,Mn,Ni,Si",1.7227;1.7227;1.7523;1.7523;1.7820;1.7820;1.7840;1.7840;1.7910;1.7910;1.7923;1.7923;1.8062;1.8062;1.8310;1.8310,24,3,"Co,Ni,Si",2.5060;2.5060;2.5060;2.5138;2.5138;2.5138;2.5165;2.5165;2.5165;2.5206;2.5206;2.5206;2.5276;2.5276;2.5276;2.5312;2.5312;2.5312;2.5406;2.5406;2.5406;2.5702;2.5702;2.5702,8,3,"Co,Fe,Ni",3.5079;3.5079;3.5117;3.5117;3.5213;3.5213;3.5434;3.5434
8,,,,,11,Fe,"11.000000,0.750202,0.247737",1|16|24|8,1|4|3|2,4,1,1,Co,0.0609,16,4,"Co,Fe,Mn,Ni",1.7594;1.7594;1.7744;1.7744;1.7796;1.7796;1.7842;1.7842;1.7875;1.7875;1.7930;1.7930;1.8024;1.8024;1.8441;1.8441,24,3,"Co,Ni,Si",2.4308;2.4308;2.4308;2.4965;2.4965;2.4965;2.5069;2.5069;2.5069;2.5103;2.5103;2.5103;2.5104;2.5104;2.5104;2.5331;2.5331;2.5331;2.5465;2.5465;2.5465;2.5478;2.5478;2.5478,8,2,"Co,Fe",3.5211;3.5211;3.5434;3.5434;3.5461;3.5461;3.5608;3.5608
8,,,,,12,Fe,"12.000000,0.245006,0.745457",1|16|24|8,1|4|3|2,4,1,1,Ni,0.1279,16,4,"Co,Fe,Ni,Si",1.7304;1.7304;1.7396;1.7396;1.7417;1.7417;1.7826;1.7826;1.7887;1.7887;1.8091;1.8091;1.8391;1.8391;1.8394;1.8394,24,3,"Co,Ni,Si",2.4455;2.4455;2.4455;2.4821;2.4821;2.4821;2.5244;2.5244;2.5244;2.5257;2.5257;2.5257;2.5326;2.5326;2.5326;2.5327;2.5327;2.5327;2.5469;2.5469;2.5469;2.6233;2.6233;2.6233,8,2,"Co,Fe",3.4751;3.4751;3.5072;3.5072;3.5213;3.5213;3.5379;3.5379
8,,,,,13,Fe,"13.000000,0.758133,0.752637",1|16|24|8,1|4|3|3,4,1,1,Fe,0.0520,16,4,"Fe,Mn,Ni,Si",1.7319;1.7319;1.7355;1.7355;1.7447;1.7447;1.7458;1.7458;1.7619;1.7619;1.8157;1.8157;1.8526;1.8526;1.8790;1.8790,24,3,"Co,Ni,Si",2.4570;2.4570;2.4570;2.4648;2.4648;2.4648;2.5041;2.5041;2.5041;2.5118;2.5118;2.5118;2.5341;2.5341;2.5341;2.5806;2.5806;2.5806;2.5863;2.5863;2.5863;2.5900;2.5900;2.5900,8,3,"Co,Fe,Ni",3.4751;3.4751;3.5211;3.5211;3.5308;3.5308;3.5580;3.5580
8,,,,,14,Ni,"14.000000,-0.000306,0.000870",1|16|24|8,1|2|3|3,4,1,1,Co,0.0078,16,2,"Fe,Ni",1.7448;1.7448;1.7633;1.7633;1.7688;1.7688;1.7810;1.7810;1.7933;1.7933;1.7943;1.7943;1.7950;1.7950;1.8336;1.8336,24,3,"Co,Fe,Ni",2.4570;2.4570;2.4570;2.5060;2.5060;2.5060;2.5103;2.5103;2.5103;2.5119;2.5119;2.5119;2.5125;2.5125;2.5125;2.5326;2.5326;2.5326;2.5409;2.5409;2.5409;2.5536;2.5536;2.5536,8,3,"Co,Ni,Si",3.5263;3.5263;3.5400;3.5400;3.5531;3.5531;3.5558;3.5558
8,,,,,15,Ni,"15.000000,0.496724,0.497777",1|16|24|8,1|4|3|3,4,1,1,Co,0.0095,16,4,"Co,Fe,Mn,Si",1.6803;1.6803;1.7374;1.7374;1.7840;1.7840;1.7895;1.7895;1.8068;1.8068;1.8170;1.8170;1.8304;1.8304;1.8308;1.8308,24,3,"Co,Fe,Ni",2.4732;2.4732;2.4732;2.4742;2.4742;2.4742;2.5075;2.5075;2.5075;2.5171;2.5171;2.5171;2.5257;2.5257;2.5257;2.5406;2.5406;2.5406;2.5465;2.5465;2.5465;2.5900;2.5900;2.5900,8,3,"Co,Ni,Si",3.4712;3.4712;3.5322;3.5322;3.5478;3.5478;3.5530;3.5530
8,,,,,16,Ni,"16.000000,0.501385,-0.003222",1|16|24|8,1|5|3|2,4,1,1,Si,0.0931,16,5,"Co,Fe,Mn,Ni,Si",1.7225;1.7225;1.7410;1.7410;1.7786;1.7786;1.7869;1.7869;1.7871;1.7871;1.8178;1.8178;1.8252;1.8252;1.8679;1.8679,24,3,"Co,Fe,Ni",2.4204;2.4204;2.4204;2.5069;2.5069;2.5069;2.5165;2.5165;2.5165;2.5252;2.5252;2.5252;2.5341;2.5341;2.5341;2.5469;2.5469;2.5469;2.5599;2.5599;2.5599;2.5672;2.5672;2.5672,8,2,"Co,Ni",3.5401;3.5401;3.5478;3.5478;3.5558;3.5558;3.5614;3.5614
8,,,,,17,Ni,"17.000000,0.001309,0.750393",1|16|24|8,1|3|5|3,4,1,1,Ni,0.0151,16,3,"Co,Fe,Ni",1.7355;1.7355;1.7396;1.7396;1.7721;1.7721;1.7810;1.7810;1.7820;1.7820;1.7864;1.7864;1.8028;1.8028;1.8430;1.8430,24,5,"Co,Fe,Mn,Ni,Si",2.4651;2.4651;2.4651;2.4726;2.4726;2.4726;2.5044;2.5044;2.5044;2.5233;2.5233;2.5233;2.5256;2.5256;2.5256;2.5261;2.5261;2.5261;2.5304;2.5304;2.5304;2.5488;2.5488;2.5488,8,3,"Fe,Ni,Si",3.5258;3.5258;3.5281;3.5281;3.5341;3.5341;3.5479;3.5479
8,,,,,18,Ni,"18.000000,0.000686,0.253330",1|16|24|8,1|3|5|3,4,1,1,Fe,0.0502,16,3,"Co,Fe,Ni",1.7314;1.7314;1.7620;1.7620;1.7716;1.7716;1.7736;1.7736;1.7875;1.7875;1.7895;1.7895;1.7950;1.7950;1.8031;1.8031,24,5,"Co,Fe,Mn,Ni,Si",2.4413;2.4413;2.4413;2.4417;2.4417;2.4417;2.4950;2.4950;2.4950;2.5049;2.5049;2.5049;2.5175;2.5175;2.5175;2.5269;2.5269;2.5269;2.5351;2.5351;2.5351;2.5866;2.5866;2.5866,8,3,"Co,Mn,Ni",3.5220;3.5220;3.5341;3.5341;3.5467;3.5467;3.5662;3.5662
8,,,,,19,Ni,"19.000000,0.002564,0.748695",1|16|24|8,1|3|5|3,4,1,1,Ni,0.0151,16,3,"Co,Fe,Ni",1.7304;1.7304;1.7447;1.7447;1.7599;1.7599;1.7908;1.7908;1.7910;1.7910;1.7933;1.7933;1.7986;1.7986;1.8343;1.8343,24,5,"Co,Fe,Mn,Ni,Si",2.4576;2.4576;2.4576;2.4631;2.4631;2.4631;2.5068;2.5068;2.5068;2.5155;2.5155;2.5155;2.5211;2.5211;2.5211;2.5284;2.5284;2.5284;2.5405;2.5405;2.5405;2.5636;2.5636;2.5636,8,3,"Fe,Ni,Si",3.5186;3.5186;3.5220;3.5220;3.5380;3.5380;3.5389;3.5389
8,,,,,20,Ni,"20.000000,0.742753,-0.004396",1|16|24|8,1|4|5|2,4,1,1,Ni,0.0726,16,4,"Co,Fe,Ni,Si",1.7092;1.7092;1.7225;1.7225;1.7319;1.7319;1.7523;1.7523;1.7930;1.7930;1.8336;1.8336;1.8392;1.8392;1.8523;1.8523,24,5,"Co,Fe,Mn,Ni,Si",2.4476;2.4476;2.4476;2.5105;2.5105;2.5105;2.5281;2.5281;2.5281;2.5488;2.5488;2.5488;2.5492;2.5492;2.5492;2.5537;2.5537;2.5537;2.5636;2.5636;2.5636;2.5866;2.5866;2.5866,8,2,"Fe,Mn",3.4746;3.4746;3.5091;3.5091;3.5401;3.5401;3.5439;3.5439
8,,,,,21,Ni,"21.000000,0.751822,0.000308",1|16|24|8,1|4|5|2,4,1,1,Ni,0.0726,16,4,"Co,Fe,Ni,Si",1.7594;1.7594;1.7619;1.7619;1.7688;1.7688;1.7719;1.7719;1.7743;1.7743;1.7840;1.7840;1.7871;1.7871;1.8181;1.8181,24,5,"Co,Fe,Mn,Ni,Si",2.4798;2.4798;2.4798;2.5169;2.5169;2.5169;2.5175;2.5175;2.5175;2.5256;2.5256;2.5256;2.5329;2.5329;2.5329;2.5405;2.5405;2.5405;2.5492;2.5492;2.5492;2.6223;2.6223;2.6223,8,2,"Fe,Mn",3.5068;3.5068;3.5320;3.5320;3.5337;3.5337;3.5630;3.5630
8,,,,,22,Ni,"22.000000,0.259570,0.756073",1|16|24|8,1|4|3|2,4,1,1,Fe,0.1279,16,4,"Co,Fe,Ni,Si",1.6908;1.6908;1.7055;1.7055;1.7653;1.7653;1.7668;1.7668;1.8212;1.8212;1.8343;1.8343;1.8430;1.8430;1.8598;1.8598,24,3,"Co,Ni,Si",2.4204;2.4204;2.4204;2.4973;2.4973;2.4973;2.5057;2.5057;2.5057;2.5075;2.5075;2.5075;2.5533;2.5533;2.5533;2.5536;2.5536;2.5536;2.5719;2.5719;2.5719;2.6084;2.6084;2.6084,8,2,"Co,Fe",3.4982;3.4982;3.5117;3.5117;3.5291;3.5291;3.5580;3.5580
8,,,,,23,Co,"23.000000,0.001773,0.501162",1|16|24|8,1|5|3|2,4,1,1,Co,0.0373,16,5,"Co,Fe,Mn,Ni,Si",1.7018;1.7018;1.7433;1.7433;1.7599;1.7599;1.7620;1.7620;1.7721;1.7721;1.7747;1.7747;1.7870;1.7870;1.8122;1.8122,24,3,"Co,Fe,Ni",2.4455;2.4455;2.4455;2.4804;2.4804;2.4804;2.5041;2.5041;2.5041;2.5103;2.5103;2.5103;2.5206;2.5206;2.5206;2.5331;2.5331;2.5331;2.5522;2.5522;2.5522;2.5719;2.5719;2.5719,8,2,"Co,Ni",3.5322;3.5322;3.5378;3.5378;3.5515;3.5515;3.5531;3.5531
8,,,,,24,Co,"24.000000,0.000478,0.001640",1|16|24|8,1|2|3|3,4,1,1,Ni,0.0078,16,2,"Fe,Ni",1.7394;1.7394;1.7577;1.7577;1.7743;1.7743;1.7864;1.7864;1.7887;1.7887;1.7895;1.7895;1.7986;1.7986;1.8392;1.8392,24,3,"Co,Fe,Ni",2.4648;2.4648;2.4648;2.5041;2.5041;2.5041;2.5047;2.5047;2.5047;2.5104;2.5104;2.5104;2.5138;2.5138;2.5138;2.5327;2.5327;2.5327;2.5409;2.5409;2.5409;2.5533;2.5533;2.5533,8,3,"Co,Ni,Si",3.5209;3.5209;3.5455;3.5455;3.5515;3.5515;3.5614;3.5614
8,,,,,25,Co,"25.000000,-0.001187,0.496822",1|16|24|8,1|5|3|2,4,1,1,Co,0.0373,16,5,"Co,Fe,Mn,Ni,Si",1.7229;1.7229;1.7314;1.7314;1.7548;1.7548;1.7637;1.7637;1.7659;1.7659;1.7815;1.7815;1.7908;1.7908;1.8028;1.8028,24,3,"Co,Fe,Ni",2.4439;2.4439;2.4439;2.4821;2.4821;2.4821;2.4965;2.4965;2.4965;2.5036;2.5036;2.5036;2.5118;2.5118;2.5118;2.5276;2.5276;2.5276;2.5455;2.5455;2.5455;2.6084;2.6084;2.6084,8,2,"Co,Ni",3.5209;3.5209;3.5263;3.5263;3.5530;3.5530;3.5587;3.5587
8,,,,,26,Co,"26.000000,0.497524,0.498854",1|16|24|8,1|4|3|3,4,1,1,Ni,0.0095,16,4,"Co,Fe,Mn,Si",1.6727;1.6727;1.7449;1.7449;1.7916;1.7916;1.7953;1.7953;1.7991;1.7991;1.8114;1.8114;1.8249;1.8249;1.8360;1.8360,24,3,"Co,Fe,Ni",2.4826;2.4826;2.4826;2.4836;2.4836;2.4836;2.5057;2.5057;2.5057;2.5182;2.5182;2.5182;2.5244;2.5244;2.5244;2.5312;2.5312;2.5312;2.5478;2.5478;2.5478;2.5806;2.5806;2.5806,8,3,"Co,Ni,Si",3.4787;3.4787;3.5378;3.5378;3.5401;3.5401;3.5587;3.5587
8,,,,,27,Co,"27.000000,0.500927,0.253485",1|16|24|2,1|4|5|1,4,1,1,Mn,0.0525,16,4,"Co,Fe,Ni,Si",1.7338;1.7338;1.7374;1.7374;1.7449;1.7449;1.7674;1.7674;1.7796;1.7796;1.7948;1.7948;1.7961;1.7961;1.8252;1.8252,24,5,"Co,Fe,Mn,Ni,Si",2.4795;2.4795;2.4795;2.5036;2.5036;2.5036;2.5108;2.5108;2.5108;2.5257;2.5257;2.5257;2.5281;2.5281;2.5281;2.5376;2.5376;2.5376;2.5492;2.5492;2.5492;2.5686;2.5686;2.5686,2,1,Si,3.4176;3.4176
8,,,,,28,Co,"28.000000,0.245942,0.494747",1|16|24|8,1|3|5|2,4,1,1,Si,0.0578,16,3,"Co,Fe,Ni",1.7246;1.7246;1.7433;1.7433;1.7556;1.7556;1.7637;1.7637;1.7826;1.7826;1.7895;1.7895;1.7953;1.7953;1.8598;1.8598,24,5,"Co,Fe,Mn,Ni,Si",2.4413;2.4413;2.4413;2.4521;2.4521;2.4521;2.4789;2.4789;2.4789;2.5108;2.5108;2.5108;2.5155;2.5155;2.5155;2.5265;2.5265;2.5265;2.5304;2.5304;2.5304;2.5568;2.5568;2.5568,8,2,"Fe,Mn",3.4883;3.4883;3.4887;3.4887;3.5180;3.5180;3.5295;3.5295
8,,,,,29,Co,"29.000000,0.253269,0.247994",1|16|24|8,1|5|3|3,4,1,1,Co,0.0419,16,5,"Co,Fe,Mn,Ni,Si",1.7337;1.7337;1.7341;1.7341;1.7437;1.7437;1.7556;1.7556;1.7674;1.7674;1.7985;1.7985;1.8031;1.8031;1.8057;1.8057,24,3,"Co,Ni,Si",2.4730;2.4730;2.4730;2.4742;2.4742;2.4742;2.4836;2.4836;2.4836;2.5041;2.5041;2.5041;2.5119;2.5119;2.5119;2.5252;2.5252;2.5252;2.5455;2.5455;2.5455;2.5522;2.5522;2.5522,8,3,"Co,Fe,Ni",3.4982;3.4982;3.5379;3.5379;3.5461;3.5461;3.5621;3.5621
8,,,,,30,Co,"30.000000,0.752451,0.256022",1|16|24|8,1|4|3|2,4,1,1,Fe,0.0609,16,4,"Co,Fe,Mn,Ni",1.7156;1.7156;1.7699;1.7699;1.7716;1.7716;1.7852;1.7852;1.7948;1.7948;1.8181;1.8181;1.8192;1.8192;1.8523;1.8523,24,3,"Co,Ni,Si",2.4439;2.4439;2.4439;2.4804;2.4804;2.4804;2.4832;2.4832;2.4832;2.5171;2.5171;2.5171;2.5182;2.5182;2.5182;2.5409;2.5409;2.5409;2.5409;2.5409;2.5409;2.5599;2.5599;2.5599,8,2,"Co,Fe",3.5079;3.5079;3.5308;3.5308;3.5452;3.5452;3.5621;3.5621
8,,,,,31,Co,"31.000000,0.249223,0.252239",1|16|24|8,1|5|3|3,4,1,1,Co,0.0419,16,5,"Co,Fe,Mn,Ni,Si",1.7246;1.7246;1.7640;1.7640;1.7641;1.7641;1.7668;1.7668;1.7732;1.7732;1.7736;1.7736;1.7771;1.7771;1.7961;1.7961,24,3,"Co,Ni,Si",2.4732;2.4732;2.4732;2.4826;2.4826;2.4826;2.5036;2.5036;2.5036;2.5047;2.5047;2.5047;2.5103;2.5103;2.5103;2.5125;2.5125;2.5125;2.5149;2.5149;2.5149;2.5672;2.5672;2.5672,8,3,"Co,Fe,Ni",3.5072;3.5072;3.5291;3.5291;3.5452;3.5452;3.5608;3.5608
9,,,,,0,Al,"0.000000,0.251498,0.763813",2|3|8|11,1|1|3|2,4,2,1,Al,0.0000;0.0000,3,1,Co,0.1300;0.1300;0.1300,8,3,"Co,Fe,Ni",1.3806;1.3806;1.3937;1.3937;1.4816;1.4816;1.5250;1.5250,11,2,"Co,Fe",1.9959;1.9959;1.9959;2.0015;2.0015;2.0219;2.0219;2.0219;2.0368;2.0368;2.0368
9,,,,,1,Si,"1.000000,0.504585,0.502469",5|8|5|16,2|3|2|3,4,5,2,"Co,Si",0.0000;0.0000;0.0634;0.0634;0.0634,8,3,"Co,Fe,Ni",1.4095;1.4095;1.4111;1.4111;1.4156;1.4156;1.4217;1.4217,5,2,"Fe,Ni",1.8938;1.9318;1.9655;2.0286;2.0286,16,3,"Al,Co,Fe",2.4104;2.4104;2.4140;2.4140;2.4395;2.4395;2.4470;2.4470;2.4713;2.4713;2.4727;2.4727;2.5040;2.5040;2.5155;2.5155
9,,,,,2,Fe,"2.000000,-0.001837,-0.006913",8|6|6|16,1|3|3|3,4,8,1,Fe,0.0000;0.0000;0.0157;0.0157;0.0157;0.0423;0.0423;0.0423,6,3,"Co,Fe,Ni",1.3833;1.3833;1.4153;1.4153;1.4313;1.4313,6,3,"Co,Fe,Ni",1.9491;1.9561;2.0173;2.0173;2.0273;2.0273,16,3,"Al,Co,Fe",2.4119;2.4119;2.4288;2.4288;2.4339;2.4339;2.4546;2.4546;2.4579;2.4579;2.4657;2.4657;2.4851;2.4851;2.5189;2.5189
9,,,,,3,Fe,"3.000000,0.501388,0.001035",5|8|7|16,2|3|3|3,4,5,2,"Fe,Ni",0.0000;0.0000;0.0341;0.0341;0.0341,8,3,"Co,Fe,Ni",1.4405;1.4405;1.4528;1.4528;1.4633;1.4633;1.4687;1.4687,7,3,"Co,Fe,Ni",1.9475;1.9901;1.9901;2.0154;2.0154;2.0607;2.0607,16,3,"Al,Co,Fe",2.4074;2.4074;2.4151;2.4151;2.4322;2.4322;2.4323;2.4323;2.4622;2.4622;2.4721;2.4721;2.5156;2.5156;2.5165;2.5165
9,,,,,4,Fe,"4.000000,0.000105,-0.006480",8|6|6|16,1|3|3|3,4,8,1,Fe,0.0000;0.0000;0.0157;0.0157;0.0157;0.0372;0.0372;0.0372,6,3,"Co,Fe,Ni",1.3805;1.3805;1.4178;1.4178;1.4340;1.4340,6,3,"Co,Fe,Ni",1.9405;1.9646;2.0117;2.0117;2.0327;2.0327,16,3,"Al,Co,Fe",2.4003;2.4003;2.4429;2.4429;2.4436;2.4436;2.4481;2.4481;2.4689;2.4689;2.4711;2.4711;2.4765;2.4765;2.5051;2.5051
9,,,,,5,Fe,"5.000000,0.000798,0.496171",5|6|8|16,2|3|2|3,4,5,2,"Fe,Ni",0.0000;0.0000;0.0365;0.0365;0.0365,6,3,"Co,Fe,Ni",1.4217;1.4217;1.4374;1.4374;1.5051;1.5051,8,2,"Fe,Ni",1.9917;1.9917;1.9944;1.9944;2.0664;2.0664;2.0892;2.0892,16,3,"Al,Co,Fe",2.3863;2.3863;2.4205;2.4205;2.4238;2.4238;2.4636;2.4636;2.4648;2.4648;2.4698;2.4698;2.5196;2.5196;2.5229;2.5229
9,,,,,6,Fe,"6.000000,0.497882,0.256833",5|8|8|16,2|4|2|3,4,5,2,"Fe,Ni",0.0000;0.0000;0.0245;0.0245;0.0245,8,4,"Co,Fe,Ni,Si",1.4111;1.4111;1.4171;1.4171;1.4514;1.4514;1.4687;1.4687,8,2,"Co,Fe",1.9654;1.9654;1.9963;1.9963;2.0111;2.0111;2.0306;2.0306,16,3,"Co,Fe,Ni",2.3611;2.3611;2.4070;2.4070;2.4121;2.4121;2.4320;2.4320;2.4481;2.4481;2.4584;2.4584;2.4979;2.4979;2.5212;2.5212
9,,,,,7,Fe,"7.000000,-0.001573,0.746548",5|10|8|16,2|2|3|3,4,5,2,"Co,Fe",0.0000;0.0000;0.0212;0.0212;0.0212,10,2,"Fe,Ni",1.4153;1.4153;1.4178;1.4178;1.4374;1.4374;1.4550;1.4550;1.4552;1.4552,8,3,"Al,Co,Fe",1.9797;1.9853;1.9853;2.0166;2.0166;2.0219;2.0219;2.0219,16,3,"Co,Fe,Ni",2.4315;2.4315;2.4374;2.4374;2.4496;2.4496;2.4645;2.4645;2.4787;2.4787;2.4943;2.4943;2.5151;2.5151;2.5186;2.5186
9,,,,,8,Fe,"8.000000,-3.000000,-6.000000",8|2|4|6,1|1|2|3,4,8,1,Fe,0.0000;0.0000;0.0372;0.0372;0.0372;0.0423;0.0423;0.0423,2,1,Ni,1.3434;1.3434,4,2,"Co,Fe",1.4550;1.4550;1.4712;1.4712,6,3,"Co,Fe,Ni",1.9405;1.9635;2.0115;2.0115;2.0314;2.0314
9,,,,,9,Fe,"9.000000,0.745444,0.001843",5|8|8|14,2|1|2|3,4,5,2,"Co,Fe",0.0000;0.0000;0.0692;0.0692;0.0692,8,1,Fe,1.4044;1.4044;1.4165;1.4165;1.4452;1.4452;1.4602;1.4602,8,2,"Fe,Ni",1.9475;1.9771;2.0173;2.0173;2.0314;2.0314;2.0327;2.0327,14,3,"Co,Fe,Ni",2.4208;2.4208;2.4331;2.4331;2.4361;2.4361;2.4411;2.4411;2.4584;2.4584;2.4924;2.4924;2.4943;2.4943
9,,,,,10,Fe,"10.000000,0.250385,0.498169",2|3|8|6,1|1|3|4,4,2,1,Fe,0.0000;0.0000,3,1,Ni,0.1071;0.1071;0.1071,8,3,"Al,Co,Fe",1.3581;1.3581;1.3998;1.3998;1.4577;1.4577;1.5250;1.5250,6,4,"Co,Fe,Ni,Si",1.9595;1.9657;1.9917;1.9917;2.0286;2.0286
9,,,,,11,Fe,"11.000000,0.750872,0.497932",5|8|7|14,2|1|4|3,4,5,2,"Fe,Ni",0.0000;0.0000;0.0777;0.0777;0.0777,8,1,Fe,1.4037;1.4037;1.4330;1.4330;1.4439;1.4439;1.4768;1.4768,7,4,"Co,Fe,Ni,Si",1.9655;1.9944;1.9944;2.0269;2.0269;2.0286;2.0286,14,3,"Co,Fe,Ni",2.4168;2.4168;2.4313;2.4313;2.4374;2.4374;2.4481;2.4481;2.4541;2.4541;2.4564;2.4564;2.5100;2.5100
9,,,,,12,Fe,"12.000000,0.752340,0.253413",5|8|7|18,1|3|2|4,4,5,1,Fe,0.0000;0.0000;0.0450;0.0450;0.0450,8,3,"Co,Fe,Ni",1.4037;1.4037;1.4363;1.4363;1.4452;1.4452;1.4578;1.4578,7,2,"Fe,Ni",1.9929;1.9929;1.9929;2.0067;2.0067;2.0306;2.0306,18,4,"Co,Fe,Ni,Si",2.4238;2.4238;2.4395;2.4395;2.4407;2.4407;2.4536;2.4536;2.4657;2.4657;2.4721;2.4721;2.4765;2.4765;2.4862;2.4862;2.4948;2.4948
9,,,,,13,Fe,"13.000000,0.750345,0.747563",5|8|6|18,1|3|2|4,4,5,1,Fe,0.0000;0.0000;0.0564;0.0564;0.0564,8,3,"Co,Fe,Ni",1.4045;1.4045;1.4330;1.4330;1.4464;1.4464;1.4602;1.4602,6,2,"Co,Fe",1.9658;1.9797;1.9808;1.9808;1.9869;1.9869,18,4,"Co,Fe,Ni,Si",2.4140;2.4140;2.4288;2.4288;2.4429;2.4429;2.4615;2.4615;2.4622;2.4622;2.4639;2.4639;2.4648;2.4648;2.4961;2.4961;2.5010;2.5010
9,,,,,14,Fe,"14.000000,0.251754,0.244249",2|3|8|6,1|1|3|2,4,2,1,Fe,0.0000;0.0000,3,1,Co,0.1047;0.1047;0.1047,8,3,"Co,Fe,Ni",1.3643;1.3643;1.3807;1.3807;1.4577;1.4577;1.5061;1.5061,6,2,"Fe,Ni",1.9654;1.9654;1.9891;1.9891;1.9964;1.9964
9,,,,,15,Fe,"15.000000,0.749798,0.246412",5|8|6|18,1|3|2|4,4,5,1,Fe,0.0000;0.0000;0.0450;0.0450;0.0450,8,3,"Co,Fe,Ni",1.4044;1.4044;1.4180;1.4180;1.4439;1.4439;1.4754;1.4754,6,2,"Fe,Ni",1.9871;1.9871;2.0111;2.0111;2.0113;2.0113,18,4,"Co,Fe,Ni,Si",2.4322;2.4322;2.4465;2.4465;2.4466;2.4466;2.4470;2.4470;2.4579;2.4579;2.4636;2.4636;2.4689;2.4689;2.4803;2.4803;2.5018;2.5018
9,,,,,16,Fe,"16.000000,0.745795,0.755094",5|8|6|18,1|3|2|4,4,5,1,Fe,0.0000;0.0000;0.0564;0.0564;0.0564,8,3,"Co,Fe,Ni",1.4044;1.4044;1.4165;1.4165;1.4464;1.4464;1.4768;1.4768,6,2,"Co,Fe",1.9447;1.9510;2.0030;2.0030;2.0166;2.0166,18,4,"Co,Fe,Ni,Si",2.4074;2.4074;2.4104;2.4104;2.4339;2.4339;2.4413;2.4413;2.4481;2.4481;2.4569;2.4569;2.4685;2.4685;2.5196;2.5196;2.5557;2.5557
9,,,,,17,Ni,"17.000000,0.004853,0.493217",5|6|7|16,2|3|2|3,4,5,2,"Fe,Ni",0.0000;0.0000;0.0365;0.0365;0.0365,6,3,"Co,Fe,Ni",1.4398;1.4398;1.4552;1.4552;1.4883;1.4883,7,2,"Fe,Ni",1.9595;2.0269;2.0269;2.0574;2.0574;2.0991;2.0991,16,3,"Al,Co,Fe",2.3500;2.3500;2.4043;2.4043;2.4337;2.4337;2.4407;2.4407;2.4803;2.4803;2.5010;2.5010;2.5077;2.5077;2.5557;2.5557
9,,,,,18,Ni,"18.000000,0.497683,0.004012",5|8|6|16,2|3|3|3,4,5,2,"Fe,Ni",0.0000;0.0000;0.0341;0.0341;0.0341,8,3,"Co,Fe,Ni",1.4464;1.4464;1.4514;1.4514;1.4580;1.4580;1.4702;1.4702,6,3,"Co,Fe,Ni",1.9604;1.9771;2.0311;2.0311;2.0451;2.0451,16,3,"Al,Co,Fe",2.3983;2.3983;2.4005;2.4005;2.4413;2.4413;2.4466;2.4466;2.4826;2.4826;2.4862;2.4862;2.4961;2.4961;2.5021;2.5021
9,,,,,19,Ni,"19.000000,0.001691,0.233996",2|6|4|9,1|1|2|2,4,2,1,Ni,0.0000;0.0000,6,1,Fe,1.3434;1.3434;1.3805;1.3805;1.3833;1.3833,4,2,"Fe,Ni",1.4883;1.4883;1.5051;1.5051,9,2,"Co,Fe",1.9699;1.9699;1.9929;1.9929;1.9929;1.9964;1.9964;2.0113;2.0113
9,,,,,20,Ni,"20.000000,0.500880,0.255930",5|8|8|16,2|4|2|3,4,5,2,"Fe,Ni",0.0000;0.0000;0.0245;0.0245;0.0245,8,4,"Co,Fe,Ni,Si",1.4156;1.4156;1.4226;1.4226;1.4464;1.4464;1.4633;1.4633,8,2,"Co,Fe",1.9871;1.9871;1.9891;1.9891;2.0067;2.0067;2.0203;2.0203,16,3,"Co,Fe,Ni",2.3833;2.3833;2.3907;2.3907;2.4313;2.4313;2.4347;2.4347;2.4361;2.4361;2.4483;2.4483;2.4988;2.4988;2.5144;2.5144
9,,,,,21,Ni,"21.000000,0.243157,0.004041",5|8|7|2,2|3|2|1,4,5,2,"Co,Ni",0.0000;0.0000;0.0723;0.0723;0.0723,8,3,"Al,Co,Fe",1.3806;1.3806;1.3807;1.3807;1.4791;1.4791;1.5048;1.5048,7,2,"Fe,Ni",1.9405;1.9405;1.9561;2.0311;2.0311;2.0607;2.0607,2,1,Ni,2.3354;2.3354
9,,,,,22,Ni,"22.000000,0.262509,0.506169",2|3|8|2,1|1|3|2,4,2,1,Ni,0.0000;0.0000,3,1,Fe,0.1071;0.1071;0.1071,8,3,"Al,Co,Fe",1.3591;1.3591;1.4089;1.4089;1.4816;1.4816;1.5061;1.5061,2,2,"Co,Si",1.8688;1.9318
9,,,,,23,Ni,"23.000000,0.741900,0.503191",5|8|2|4,2|1|2|2,4,5,2,"Fe,Ni",0.0000;0.0000;0.0777;0.0777;0.0777,8,1,Fe,1.4045;1.4045;1.4363;1.4363;1.4464;1.4464;1.4754;1.4754,2,2,"Co,Si",1.8938;1.9567,4,2,"Fe,Ni",2.0664;2.0664;2.0991;2.0991
9,,,,,24,Co,"24.000000,0.496690,0.503684",5|8|5|16,2|3|2|3,4,5,2,"Co,Si",0.0000;0.0000;0.0634;0.0634;0.0634,8,3,"Co,Fe,Ni",1.4028;1.4028;1.4153;1.4153;1.4171;1.4171;1.4226;1.4226,5,2,"Fe,Ni",1.8688;1.9567;1.9657;2.0286;2.0286,16,3,"Al,Co,Fe",2.4153;2.4153;2.4247;2.4247;2.4569;2.4569;2.4577;2.4577;2.4610;2.4610;2.4615;2.4615;2.4948;2.4948;2.5018;2.5018
9,,,,,25,Co,"25.000000,0.501358,0.747958",5|8|8|16,1|4|3|3,4,5,1,Co,0.0000;0.0000;0.0137;0.0137;0.0137,8,4,"Co,Fe,Ni,Si",1.4028;1.4028;1.4095;1.4095;1.4528;1.4528;1.4702;1.4702,8,3,"Al,Co,Fe",1.9510;1.9869;1.9869;1.9959;1.9959;1.9959;2.0285;2.0285,16,3,"Co,Fe,Ni",2.3582;2.3582;2.3785;2.3785;2.4331;2.4331;2.4541;2.4541;2.4635;2.4635;2.4798;2.4798;2.4822;2.4822;2.5307;2.5307
9,,,,,26,Co,"26.000000,-0.003326,0.743765",5|10|8|16,2|2|3|3,4,5,2,"Co,Fe",0.0000;0.0000;0.0212;0.0212;0.0212,10,2,"Fe,Ni",1.4217;1.4217;1.4313;1.4313;1.4340;1.4340;1.4398;1.4398;1.4712;1.4712,8,3,"Al,Co,Fe",1.9658;1.9991;1.9991;2.0030;2.0030;2.0368;2.0368;2.0368,16,3,"Co,Fe,Ni",2.4168;2.4168;2.4300;2.4300;2.4581;2.4581;2.4668;2.4668;2.4704;2.4704;2.4924;2.4924;2.5216;2.5216;2.5359;2.5359
9,,,,,27,Co,"27.000000,0.502125,0.750102",5|8|7|16,1|4|3|3,4,5,1,Co,0.0000;0.0000;0.0137;0.0137;0.0137,8,4,"Co,Fe,Ni,Si",1.4153;1.4153;1.4217;1.4217;1.4405;1.4405;1.4580;1.4580,7,3,"Al,Co,Fe",1.9447;1.9808;1.9808;2.0015;2.0015;2.0349;2.0349,16,3,"Co,Fe,Ni",2.3704;2.3704;2.3808;2.3808;2.4208;2.4208;2.4564;2.4564;2.4676;2.4676;2.4757;2.4757;2.4798;2.4798;2.5286;2.5286
9,,,,,28,Co,"28.000000,0.753948,-0.000529",5|8|7|14,2|1|2|3,4,5,2,"Co,Fe",0.0000;0.0000;0.0692;0.0692;0.0692,8,1,Fe,1.4044;1.4044;1.4180;1.4180;1.4464;1.4464;1.4578;1.4578,7,2,"Fe,Ni",1.9491;1.9635;1.9646;2.0154;2.0154;2.0451;2.0451,14,3,"Co,Fe,Ni",2.3922;2.3922;2.4300;2.4300;2.4315;2.4315;2.4676;2.4676;2.4798;2.4798;2.4988;2.4988;2.5212;2.5212
9,,,,,29,Co,"29.000000,0.252026,0.006597",5|8|9|14,2|3|2|3,4,5,2,"Co,Ni",0.0000;0.0000;0.0723;0.0723;0.0723,8,3,"Al,Co,Fe",1.3643;1.3643;1.3937;1.3937;1.4644;1.4644;1.5196;1.5196,9,2,"Fe,Ni",1.9604;1.9901;1.9901;2.0115;2.0115;2.0117;2.0117;2.0273;2.0273,14,3,"Co,Fe,Ni",2.3860;2.3860;2.4320;2.4320;2.4483;2.4483;2.4798;2.4798;2.4822;2.4822;2.5151;2.5151;2.5359;2.5359
9,,,,,30,Co,"30.000000,0.247739,0.261618",2|3|8|6,1|1|3|2,4,2,1,Co,0.0000;0.0000,3,1,Fe,0.1047;0.1047;0.1047,8,3,"Co,Fe,Ni",1.3581;1.3581;1.4089;1.4089;1.4644;1.4644;1.4791;1.4791,6,2,"Fe,Ni",1.9699;1.9699;1.9963;1.9963;2.0203;2.0203
9,,,,,31,Co,"31.000000,0.247189,0.741973",2|3|4|4,1|1|2|2,4,2,1,Co,0.0000;0.0000,3,1,Al,0.1300;0.1300;0.1300,4,2,"Fe,Ni",1.3591;1.3591;1.3998;1.3998,4,2,"Co,Ni",1.5048;1.5048;1.5196;1.5196
10,,,,,0,Cr,"0.000000,0.502551,0.004456",1|16|24|8,1|5|5|2,4,1,1,Ni,0.0504,16,5,"Co,Cr,Cu,Fe,Ni",1.7537;1.7537;1.7661;1.7661;1.7735;1.7735;1.7754;1.7754;1.7802;1.7802;1.8002;1.8002;1.8011;1.8011;1.8528;1.8528,24,5,"Co,Cr,Cu,Fe,Ni",2.4932;2.4932;2.4932;2.5016;2.5016;2.5016;2.5025;2.5025;2.5025;2.5372;2.5372;2.5372;2.5384;2.5384;2.5384;2.5635;2.5635;2.5635;2.5867;2.5867;2.5867;2.6115;2.6115;2.6115,8,2,"Cr,Cu",3.5404;3.5404;3.5563;3.5563;3.5659;3.5659;3.5663;3.5663
10,,,,,1,Cr,"1.000000,0.004315,0.003810",1|16|24|8,1|4|5|4,4,1,1,Cu,0.0417,16,4,"Co,Cr,Cu,Ni",1.7143;1.7143;1.7621;1.7621;1.7653;1.7653;1.7865;1.7865;1.8170;1.8170;1.8180;1.8180;1.8572;1.8572;1.8869;1.8869,24,5,"Co,Cr,Cu,Fe,Ni",2.4245;2.4245;2.4245;2.4708;2.4708;2.4708;2.4774;2.4774;2.4774;2.4828;2.4828;2.4828;2.5289;2.5289;2.5289;2.5335;2.5335;2.5335;2.5349;2.5349;2.5349;2.5571;2.5571;2.5571,8,4,"Co,Cr,Fe,Ni",3.5022;3.5022;3.5540;3.5540;3.5663;3.5663;3.5690;3.5690
10,,,,,2,Cr,"2.000000,-0.005792,0.740185",1|16|24|8,1|4|4|3,4,1,1,Co,0.0354,16,4,"Co,Cr,Cu,Fe",1.6340;1.6340;1.6977;1.6977;1.7390;1.7390;1.7645;1.7645;1.8047;1.8047;1.8200;1.8200;1.8532;1.8532;1.8869;1.8869,24,4,"Co,Cr,Fe,Ni",2.4477;2.4477;2.4477;2.4816;2.4816;2.4816;2.4877;2.4877;2.4877;2.4969;2.4969;2.4969;2.5390;2.5390;2.5390;2.5620;2.5620;2.5620;2.5718;2.5718;2.5718;2.6249;2.6249;2.6249,8,3,"Cu,Fe,Ni",3.4804;3.4804;3.5046;3.5046;3.5195;3.5195;3.5266;3.5266
10,,,,,3,Cr,"3.000000,0.243773,-0.001485",1|16|24|8,1|5|5|2,4,1,1,Co,0.0567,16,5,"Co,Cr,Cu,Fe,Ni",1.7143;1.7143;1.7397;1.7397;1.7674;1.7674;1.7936;1.7936;1.8036;1.8036;1.8138;1.8138;1.8399;1.8399;1.8528;1.8528,24,5,"Co,Cr,Cu,Fe,Ni",2.5019;2.5019;2.5019;2.5050;2.5050;2.5050;2.5336;2.5336;2.5336;2.5368;2.5368;2.5368;2.5522;2.5522;2.5522;2.5670;2.5670;2.5670;2.5681;2.5681;2.5681;2.5718;2.5718;2.5718,8,2,"Co,Ni",3.5305;3.5305;3.5321;3.5321;3.5617;3.5617;3.5644;3.5644
10,,,,,4,Cr,"4.000000,0.755301,0.245855",1|16|24|8,1|4|5|4,4,1,1,Fe,0.0521,16,4,"Co,Cu,Fe,Ni",1.7391;1.7391;1.7562;1.7562;1.7691;1.7691;1.7780;1.7780;1.7980;1.7980;1.8239;1.8239;1.8287;1.8287;1.8425;1.8425,24,5,"Co,Cr,Cu,Fe,Ni",2.4828;2.4828;2.4828;2.4851;2.4851;2.4851;2.4876;2.4876;2.4876;2.5025;2.5025;2.5025;2.5256;2.5256;2.5256;2.5454;2.5454;2.5454;2.5896;2.5896;2.5896;2.5900;2.5900;2.5900,8,4,"Co,Cr,Fe,Ni",3.4591;3.4591;3.5180;3.5180;3.5353;3.5353;3.5451;3.5451
10,,,,,5,Cr,"5.000000,0.766960,0.762303",1|8|8|18,1|2|2|5,4,1,1,Fe,0.1348,8,2,"Co,Cr",1.6340;1.6340;1.6517;1.6517;1.6934;1.6934;1.7235;1.7235,8,2,"Fe,Ni",1.8740;1.8740;1.8932;1.8932;1.8992;1.8992;1.9019;1.9019,18,5,"Co,Cr,Cu,Fe,Ni",2.3830;2.3830;2.3830;2.4245;2.4245;2.4245;2.4790;2.4790;2.4790;2.5363;2.5363;2.5363;2.5401;2.5401;2.5401;2.5635;2.5635;2.5635
10,,,,,6,Fe,"6.000000,-0.001511,0.493492",1|16|24|8,1|5|5|2,4,1,1,Co,0.0675,16,5,"Co,Cr,Cu,Fe,Ni",1.7159;1.7159;1.7401;1.7401;1.7645;1.7645;1.7729;1.7729;1.7784;1.7784;1.7882;1.7882;1.7933;1.7933;1.7994;1.7994,24,5,"Co,Cr,Cu,Fe,Ni",2.4828;2.4828;2.4828;2.4851;2.4851;2.4851;2.4855;2.4855;2.4855;2.5276;2.5276;2.5276;2.5281;2.5281;2.5281;2.5363;2.5363;2.5363;2.5524;2.5524;2.5524;2.5538;2.5538;2.5538,8,2,"Cr,Cu",3.5022;3.5022;3.5349;3.5349;3.5658;3.5658;3.5761;3.5761
10,,,,,7,Fe,"7.000000,0.501726,0.755543",1|16|24|8,1|4|4|4,4,1,1,Ni,0.0211,16,4,"Cr,Cu,Fe,Ni",1.7314;1.7314;1.7802;1.7802;1.7881;1.7881;1.8145;1.8145;1.8154;1.8154;1.8300;1.8300;1.8317;1.8317;1.8992;1.8992,24,4,"Co,Cr,Fe,Ni",2.4901;2.4901;2.4901;2.5102;2.5102;2.5102;2.5134;2.5134;2.5134;2.5336;2.5336;2.5336;2.5436;2.5436;2.5436;2.5477;2.5477;2.5477;2.5748;2.5748;2.5748;2.5875;2.5875;2.5875,8,4,"Co,Cr,Cu,Ni",3.5266;3.5266;3.5337;3.5337;3.5461;3.5461;3.5461;3.5461
10,,,,,8,Fe,"8.000000,0.747124,0.497141",1|16|24|8,1|4|5|2,4,1,1,Ni,0.0341,16,4,"Co,Cr,Cu,Fe",1.7605;1.7605;1.7768;1.7768;1.7889;1.7889;1.7931;1.7931;1.7980;1.7980;1.7994;1.7994;1.8198;1.8198;1.9019;1.9019,24,5,"Co,Cr,Cu,Fe,Ni",2.4816;2.4816;2.4816;2.5050;2.5050;2.5050;2.5060;2.5060;2.5060;2.5164;2.5164;2.5164;2.5285;2.5285;2.5285;2.5286;2.5286;2.5286;2.5302;2.5302;2.5302;2.5477;2.5477;2.5477,8,2,"Co,Ni",3.5358;3.5358;3.5659;3.5659;3.5711;3.5711;3.5715;3.5715
10,,,,,9,Fe,"9.000000,0.750119,0.250987",1|16|24|8,1|4|5|4,4,1,1,Cr,0.0521,16,4,"Co,Cu,Fe,Ni",1.7605;1.7605;1.7753;1.7753;1.7868;1.7868;1.7915;1.7915;1.7930;1.7930;1.8050;1.8050;1.8054;1.8054;1.8143;1.8143,24,5,"Co,Cr,Cu,Fe,Ni",2.4855;2.4855;2.4855;2.5016;2.5016;2.5016;2.5249;2.5249;2.5249;2.5349;2.5349;2.5349;2.5374;2.5374;2.5374;2.5379;2.5379;2.5379;2.5397;2.5397;2.5397;2.5450;2.5450;2.5450,8,4,"Co,Cr,Fe,Ni",3.4968;3.4968;3.5548;3.5548;3.5718;3.5718;3.5758;3.5758
10,,,,,10,Fe,"10.000000,0.751508,0.751551",1|16|24|8,1|4|5|3,4,1,1,Cr,0.1348,16,4,"Co,Cr,Fe,Ni",1.7390;1.7390;1.7581;1.7581;1.7664;1.7664;1.7813;1.7813;1.7881;1.7881;1.7931;1.7931;1.7965;1.7965;1.8198;1.8198,24,5,"Co,Cr,Cu,Fe,Ni",2.4985;2.4985;2.4985;2.5115;2.5115;2.5115;2.5157;2.5157;2.5157;2.5372;2.5372;2.5372;2.5437;2.5437;2.5437;2.5538;2.5538;2.5538;2.5571;2.5571;2.5571;2.5668;2.5668;2.5668,8,3,"Cr,Cu,Fe",3.5353;3.5353;3.5418;3.5418;3.5564;3.5564;3.5718;3.5718
10,,,,,11,Fe,"11.000000,0.246295,0.744908",1|16|24|2,1|4|5|1,4,1,1,Cu,0.0251,16,4,"Co,Cr,Fe,Ni",1.7480;1.7480;1.7506;1.7506;1.7842;1.7842;1.8047;1.8047;1.8138;1.8138;1.8300;1.8300;1.8359;1.8359;1.8383;1.8383,24,5,"Co,Cr,Cu,Fe,Ni",2.4883;2.4883;2.4883;2.5064;2.5064;2.5064;2.5071;2.5071;2.5071;2.5275;2.5275;2.5275;2.5276;2.5276;2.5276;2.5335;2.5335;2.5335;2.5682;2.5682;2.5682;2.6115;2.6115;2.6115,2,1,Cr,3.4330;3.4330
10,,,,,12,Ni,"12.000000,0.500816,-0.002368",1|16|24|8,1|5|5|2,4,1,1,Cr,0.0504,16,5,"Co,Cr,Cu,Fe,Ni",1.7314;1.7314;1.7515;1.7515;1.7864;1.7864;1.7874;1.7874;1.7888;1.7888;1.8024;1.8024;1.8148;1.8148;1.8399;1.8399,24,5,"Co,Cr,Cu,Fe,Ni",2.5115;2.5115;2.5115;2.5183;2.5183;2.5183;2.5401;2.5401;2.5401;2.5433;2.5433;2.5433;2.5450;2.5450;2.5450;2.5454;2.5454;2.5454;2.5637;2.5637;2.5637;2.5682;2.5682;2.5682,8,2,"Cr,Cu",3.5467;3.5467;3.5540;3.5540;3.5628;3.5628;3.5782;3.5782
10,,,,,13,Ni,"13.000000,0.000614,0.250179",1|16|24|8,1|5|4|4,4,1,1,Cu,0.0324,16,5,"Co,Cr,Cu,Fe,Ni",1.7401;1.7401;1.7562;1.7562;1.7619;1.7619;1.7621;1.7621;1.7895;1.7895;1.7930;1.7930;1.7948;1.7948;1.8069;1.8069,24,4,"Co,Cr,Fe,Ni",2.5019;2.5019;2.5019;2.5083;2.5083;2.5083;2.5200;2.5200;2.5200;2.5207;2.5207;2.5207;2.5210;2.5210;2.5210;2.5302;2.5302;2.5302;2.5335;2.5335;2.5335;2.5402;2.5402;2.5402,8,4,"Co,Cr,Cu,Ni",3.5046;3.5046;3.5334;3.5334;3.5598;3.5598;3.5733;3.5733
10,,,,,14,Ni,"14.000000,0.499840,0.249654",1|16|24|8,1|5|4|3,4,1,1,Cu,0.0183,16,5,"Co,Cr,Cu,Fe,Ni",1.7537;1.7537;1.7844;1.7844;1.7868;1.7868;1.7915;1.7915;1.8024;1.8024;1.8027;1.8027;1.8115;1.8115;1.8287;1.8287,24,4,"Co,Cr,Fe,Ni",2.5050;2.5050;2.5050;2.5146;2.5146;2.5146;2.5146;2.5146;2.5146;2.5369;2.5369;2.5369;2.5389;2.5389;2.5389;2.5402;2.5402;2.5402;2.5491;2.5491;2.5491;2.5681;2.5681;2.5681,8,3,"Cu,Fe,Ni",3.5337;3.5337;3.5522;3.5522;3.5539;3.5539;3.5733;3.5733
10,,,,,15,Ni,"15.000000,0.502652,0.752734",1|16|24|8,1|4|4|4,4,1,1,Fe,0.0211,16,4,"Cr,Cu,Fe,Ni",1.7515;1.7515;1.7813;1.7813;1.7954;1.7954;1.8002;1.8002;1.8118;1.8118;1.8206;1.8206;1.8359;1.8359;1.8932;1.8932,24,4,"Co,Cr,Fe,Ni",2.4995;2.4995;2.4995;2.5197;2.5197;2.5197;2.5246;2.5246;2.5246;2.5286;2.5286;2.5286;2.5322;2.5322;2.5322;2.5522;2.5522;2.5522;2.5653;2.5653;2.5653;2.5780;2.5780;2.5780,8,4,"Co,Cr,Cu,Ni",3.5195;3.5195;3.5391;3.5391;3.5539;3.5539;3.5662;3.5662
10,,,,,16,Ni,"16.000000,0.246084,0.500122",1|16|24|8,1|4|5|4,4,1,1,Ni,0.0155,16,4,"Co,Cu,Fe,Ni",1.7506;1.7506;1.7711;1.7711;1.7729;1.7729;1.7831;1.7831;1.7839;1.7839;1.7933;1.7933;1.8099;1.8099;1.8210;1.8210,24,5,"Co,Cr,Cu,Fe,Ni",2.4760;2.4760;2.4760;2.4877;2.4877;2.4877;2.4933;2.4933;2.4933;2.5083;2.5083;2.5083;2.5308;2.5308;2.5308;2.5491;2.5491;2.5491;2.5780;2.5780;2.5780;2.5875;2.5875;2.5875,8,4,"Co,Cr,Fe,Ni",3.5499;3.5499;3.5633;3.5633;3.5644;3.5644;3.5715;3.5715
10,,,,,17,Ni,"17.000000,0.750127,0.500834",1|16|24|8,1|4|5|2,4,1,1,Fe,0.0341,16,4,"Co,Cr,Cu,Fe",1.7670;1.7670;1.7784;1.7784;1.7868;1.7868;1.7931;1.7931;1.7980;1.7980;1.8146;1.8146;1.8239;1.8239;1.8740;1.8740,24,5,"Co,Cr,Cu,Fe,Ni",2.4477;2.4477;2.4477;2.4825;2.4825;2.4825;2.5246;2.5246;2.5246;2.5313;2.5313;2.5313;2.5335;2.5335;2.5335;2.5389;2.5389;2.5389;2.5398;2.5398;2.5398;2.5436;2.5436;2.5436,8,2,"Co,Ni",3.5499;3.5499;3.5594;3.5594;3.5622;3.5622;3.5652;3.5652
10,,,,,18,Ni,"18.000000,0.248213,0.500502",1|16|24|8,1|4|5|4,4,1,1,Ni,0.0155,16,4,"Co,Cu,Fe,Ni",1.7480;1.7480;1.7683;1.7683;1.7781;1.7781;1.7867;1.7867;1.7882;1.7882;1.7946;1.7946;1.7984;1.7984;1.8235;1.8235,24,5,"Co,Cr,Cu,Fe,Ni",2.4886;2.4886;2.4886;2.4969;2.4969;2.4969;2.5023;2.5023;2.5023;2.5210;2.5210;2.5210;2.5219;2.5219;2.5219;2.5402;2.5402;2.5402;2.5653;2.5653;2.5653;2.5748;2.5748;2.5748,8,4,"Co,Cr,Fe,Ni",3.5617;3.5617;3.5652;3.5652;3.5659;3.5659;3.5711;3.5711
10,,,,,19,Ni,"19.000000,0.246758,0.250684",1|16|24|8,1|4|5|3,4,1,1,Co,0.0459,16,4,"Co,Cr,Cu,Ni",1.7407;1.7407;1.7619;1.7619;1.7795;1.7795;1.7839;1.7839;1.7867;1.7867;1.7979;1.7979;1.8036;1.8036;1.8115;1.8115,24,5,"Co,Cr,Cu,Fe,Ni",2.4774;2.4774;2.4774;2.4828;2.4828;2.4828;2.5189;2.5189;2.5189;2.5247;2.5247;2.5247;2.5374;2.5374;2.5374;2.5384;2.5384;2.5384;2.5477;2.5477;2.5477;2.5637;2.5637;2.5637,8,3,"Cr,Cu,Fe",3.5180;3.5180;3.5345;3.5345;3.5548;3.5548;3.5549;3.5549
10,,,,,20,Co,"20.000000,-0.003026,0.502811",1|16|24|8,1|5|5|2,4,1,1,Fe,0.0675,16,5,"Co,Cr,Cu,Fe,Ni",1.6977;1.6977;1.7266;1.7266;1.7670;1.7670;1.7828;1.7828;1.7831;1.7831;1.7889;1.7889;1.7984;1.7984;1.8069;1.8069,24,5,"Co,Cr,Cu,Fe,Ni",2.4790;2.4790;2.4790;2.4883;2.4883;2.4883;2.4985;2.4985;2.4985;2.5131;2.5131;2.5131;2.5249;2.5249;2.5249;2.5256;2.5256;2.5256;2.5374;2.5374;2.5374;2.5828;2.5828;2.5828,8,2,"Cr,Cu",3.5503;3.5503;3.5649;3.5649;3.5690;3.5690;3.5764;3.5764
10,,,,,21,Co,"21.000000,-0.002967,0.744240",1|16|24|8,1|4|4|3,4,1,1,Cr,0.0354,16,4,"Co,Cr,Cu,Fe",1.6517;1.6517;1.7266;1.7266;1.7581;1.7581;1.7842;1.7842;1.7933;1.7933;1.7991;1.7991;1.8238;1.8238;1.8572;1.8572,24,4,"Co,Cr,Fe,Ni",2.4825;2.4825;2.4825;2.4933;2.4933;2.4933;2.5023;2.5023;2.5023;2.5164;2.5164;2.5164;2.5320;2.5320;2.5320;2.5368;2.5368;2.5368;2.5547;2.5547;2.5547;2.5900;2.5900;2.5900,8,3,"Cu,Fe,Ni",3.5091;3.5091;3.5334;3.5334;3.5391;3.5391;3.5461;3.5461
10,,,,,22,Co,"22.000000,0.250936,0.001896",1|16|24|8,1|5|5|2,4,1,1,Cr,0.0567,16,5,"Co,Cr,Cu,Fe,Ni",1.7424;1.7424;1.7653;1.7653;1.7795;1.7795;1.7888;1.7888;1.7911;1.7911;1.8011;1.8011;1.8177;1.8177;1.8383;1.8383,24,5,"Co,Cr,Cu,Fe,Ni",2.5134;2.5134;2.5134;2.5137;2.5137;2.5137;2.5146;2.5146;2.5146;2.5207;2.5207;2.5207;2.5231;2.5231;2.5231;2.5322;2.5322;2.5322;2.5900;2.5900;2.5900;2.6249;2.6249;2.6249,8,2,"Co,Ni",3.5633;3.5633;3.5659;3.5659;3.5745;3.5745;3.5760;3.5760
10,,,,,23,Co,"23.000000,0.750533,-0.001463",1|16|24|8,1|4|5|4,4,1,1,Co,0.0301,16,4,"Cr,Cu,Fe,Ni",1.6934;1.6934;1.7664;1.7664;1.7691;1.7691;1.7754;1.7754;1.7874;1.7874;1.7908;1.7908;1.8054;1.8054;1.8170;1.8170,24,5,"Co,Cr,Cu,Fe,Ni",2.4901;2.4901;2.4901;2.4995;2.4995;2.4995;2.5320;2.5320;2.5320;2.5369;2.5369;2.5369;2.5390;2.5390;2.5390;2.5402;2.5402;2.5402;2.5552;2.5552;2.5552;2.5725;2.5725;2.5725,8,4,"Co,Cr,Fe,Ni",3.5305;3.5305;3.5594;3.5594;3.5659;3.5659;3.5760;3.5760
10,,,,,24,Co,"24.000000,0.750325,0.002746",1|16|24|8,1|4|5|4,4,1,1,Co,0.0301,16,4,"Cr,Cu,Fe,Ni",1.7235;1.7235;1.7391;1.7391;1.7735;1.7735;1.7753;1.7753;1.7864;1.7864;1.7924;1.7924;1.7965;1.7965;1.8180;1.8180,24,5,"Co,Cr,Cu,Fe,Ni",2.5102;2.5102;2.5102;2.5146;2.5146;2.5146;2.5197;2.5197;2.5197;2.5200;2.5200;2.5200;2.5329;2.5329;2.5329;2.5523;2.5523;2.5523;2.5547;2.5547;2.5547;2.5620;2.5620;2.5620,8,4,"Co,Cr,Fe,Ni",3.5321;3.5321;3.5358;3.5358;3.5622;3.5622;3.5745;3.5745
10,,,,,25,Co,"25.000000,0.250587,0.245536",1|16|24|8,1|4|5|3,4,1,1,Ni,0.0459,16,4,"Co,Cr,Cu,Ni",1.7424;1.7424;1.7674;1.7674;1.7689;1.7689;1.7710;1.7710;1.7844;1.7844;1.7895;1.7895;1.8210;1.8210;1.8235;1.8235,24,5,"Co,Cr,Cu,Fe,Ni",2.4708;2.4708;2.4708;2.4932;2.4932;2.4932;2.5122;2.5122;2.5122;2.5183;2.5183;2.5183;2.5281;2.5281;2.5281;2.5316;2.5316;2.5316;2.5546;2.5546;2.5546;2.5828;2.5828;2.5828,8,3,"Cr,Cu,Fe",3.5451;3.5451;3.5600;3.5600;3.5714;3.5714;3.5758;3.5758
10,,,,,26,Cu,"26.000000,0.000722,-0.000780",1|16|3|21,1|4|1|5,4,1,1,Cr,0.0417,16,4,"Co,Cr,Cu,Ni",1.7397;1.7397;1.7908;1.7908;1.7911;1.7911;1.7924;1.7924;1.7948;1.7948;1.8194;1.8194;1.8238;1.8238;1.8532;1.8532,3,1,Cr,2.3830;2.3830;2.3830,21,5,"Co,Cr,Cu,Fe,Ni",2.4876;2.4876;2.4876;2.5122;2.5122;2.5122;2.5157;2.5157;2.5157;2.5189;2.5189;2.5189;2.5232;2.5232;2.5232;2.5275;2.5275;2.5275;2.5397;2.5397;2.5397
10,,,,,27,Cu,"27.000000,0.496622,0.499475",1|16|21|3,1|3|5|1,4,1,1,Cu,0.0230,16,3,"Cu,Fe,Ni",1.7744;1.7744;1.7781;1.7781;1.7868;1.7868;1.7931;1.7931;1.7933;1.7933;1.8118;1.8118;1.8146;1.8146;1.8317;1.8317,21,5,"Co,Cr,Cu,Fe,Ni",2.5064;2.5064;2.5064;2.5103;2.5103;2.5103;2.5247;2.5247;2.5247;2.5316;2.5316;2.5316;2.5379;2.5379;2.5379;2.5668;2.5668;2.5668;2.5900;2.5900;2.5900,3,1,Cr,2.6997;2.6997;2.6997
10,,,,,28,Cu,"28.000000,0.498928,0.501718",1|16|24|8,1|3|5|4,4,1,1,Cu,0.0230,16,3,"Cu,Fe,Ni",1.7768;1.7768;1.7904;1.7904;1.7946;1.7946;1.7954;1.7954;1.7980;1.7980;1.8027;1.8027;1.8099;1.8099;1.8154;1.8154,24,5,"Co,Cr,Cu,Fe,Ni",2.5071;2.5071;2.5071;2.5107;2.5107;2.5107;2.5374;2.5374;2.5374;2.5437;2.5437;2.5437;2.5477;2.5477;2.5477;2.5546;2.5546;2.5546;2.5896;2.5896;2.5896;2.6766;2.6766;2.6766,8,4,"Co,Cr,Fe,Ni",3.5467;3.5467;3.5563;3.5563;3.5649;3.5649;3.5761;3.5761
10,,,,,29,Cu,"29.000000,0.497939,0.251373",1|16|24|8,1|5|4|3,4,1,1,Ni,0.0183,16,5,"Co,Cr,Cu,Fe,Ni",1.7661;1.7661;1.7710;1.7710;1.7744;1.7744;1.7904;1.7904;1.7979;1.7979;1.8050;1.8050;1.8148;1.8148;1.8425;1.8425,24,4,"Co,Cr,Fe,Ni",2.5060;2.5060;2.5060;2.5137;2.5137;2.5137;2.5219;2.5219;2.5219;2.5308;2.5308;2.5308;2.5329;2.5329;2.5329;2.5398;2.5398;2.5398;2.5552;2.5552;2.5552;2.5670;2.5670;2.5670,8,3,"Cu,Fe,Ni",3.5386;3.5386;3.5461;3.5461;3.5598;3.5598;3.5662;3.5662
10,,,,,30,Cu,"30.000000,0.003575,0.253606",1|16|24|8,1|5|4|4,4,1,1,Ni,0.0324,16,5,"Co,Cr,Cu,Fe,Ni",1.7159;1.7159;1.7407;1.7407;1.7689;1.7689;1.7780;1.7780;1.7828;1.7828;1.7865;1.7865;1.8143;1.8143;1.8194;1.8194,24,4,"Co,Cr,Fe,Ni",2.4760;2.4760;2.4760;2.4886;2.4886;2.4886;2.5050;2.5050;2.5050;2.5231;2.5231;2.5231;2.5285;2.5285;2.5285;2.5313;2.5313;2.5313;2.5523;2.5523;2.5523;2.5725;2.5725;2.5725,8,4,"Co,Cr,Cu,Ni",3.4804;3.4804;3.5091;3.5091;3.5386;3.5386;3.5522;3.5522
10,,,,,31,Cu,"31.000000,0.248352,0.747755",1|16|24|2,1|4|5|1,4,1,1,Fe,0.0251,16,4,"Co,Cr,Fe,Ni",1.7683;1.7683;1.7711;1.7711;1.7936;1.7936;1.7991;1.7991;1.8145;1.8145;1.8177;1.8177;1.8200;1.8200;1.8206;1.8206,24,5,"Co,Cr,Cu,Fe,Ni",2.5103;2.5103;2.5103;2.5107;2.5107;2.5107;2.5131;2.5131;2.5131;2.5232;2.5232;2.5232;2.5289;2.5289;2.5289;2.5433;2.5433;2.5433;2.5524;2.5524;2.5524;2.5867;2.5867;2.5867,2,1,Cr,3.4471;3.4471
11,,,,,0,Al,"0.000000,0.504062,0.746376",1|16|24|8,1|4|4|2,4,1,1,Co,0.0158,16,4,"Al,Co,Ni,Si",1.7269;1.7269;1.7494;1.7494;1.7565;1.7565;1.7731;1.7731;1.7757;1.7757;1.7911;1.7911;1.8250;1.8250;1.8686;1.8686,24,4,"Co,Fe,Ni,Si",2.4488;2.4488;2.4488;2.4858;2.4858;2.4858;2.5029;2.5029;2.5029;2.5030;2.5030;2.5030;2.5264;2.5264;2.5264;2.5445;2.5445;2.5445;2.5588;2.5588;2.5588;2.5731;2.5731;2.5731,8,2,"Co,Fe",3.4589;3.4589;3.5005;3.5005;3.5537;3.5537;3.5648;3.5648
11,,,,,1,Al,"1.000000,0.750292,0.745825",1|16|24|8,1|5|3|3,4,1,1,Ni,0.0764,16,5,"Al,Co,Fe,Ni,Si",1.7269;1.7269;1.7289;1.7289;1.7320;1.7320;1.7604;1.7604;1.7842;1.7842;1.7866;1.7866;1.8825;1.8825;1.9048;1.9048,24,3,"Co,Fe,Ni",2.4761;2.4761;2.4761;2.4871;2.4871;2.4871;2.5080;2.5080;2.5080;2.5241;2.5241;2.5241;2.5327;2.5327;2.5327;2.5375;2.5375;2.5375;2.5713;2.5713;2.5713;2.5823;2.5823;2.5823,8,3,"Co,Ni,Si",3.4957;3.4957;3.5026;3.5026;3.5680;3.5680;3.5741;3.5741
11,,,,,2,Si,"2.000000,0.744663,0.007331",1|16|24|8,1|4|4|2,4,1,1,Fe,0.0500,16,4,"Al,Co,Fe,Ni",1.7161;1.7161;1.7413;1.7413;1.7417;1.7417;1.7476;1.7476;1.7807;1.7807;1.8224;1.8224;1.8392;1.8392;1.8825;1.8825,24,4,"Al,Co,Fe,Ni",2.4859;2.4859;2.4859;2.4886;2.4886;2.4886;2.4985;2.4985;2.4985;2.5159;2.5159;2.5159;2.5215;2.5215;2.5215;2.5264;2.5264;2.5264;2.5661;2.5661;2.5661;2.5923;2.5923;2.5923,8,2,"Fe,Ni",3.4608;3.4608;3.4645;3.4645;3.5313;3.5313;3.5550;3.5550
11,,,,,3,Si,"3.000000,0.250907,0.750385",1|16|24|8,1|4|3|3,4,1,1,Co,0.0159,16,4,"Al,Co,Fe,Ni",1.7249;1.7249;1.7737;1.7737;1.7757;1.7757;1.7792;1.7792;1.7947;1.7947;1.7949;1.7949;1.8090;1.8090;1.8181;1.8181,24,3,"Co,Fe,Ni",2.4567;2.4567;2.4567;2.4691;2.4691;2.4691;2.4841;2.4841;2.4841;2.5187;2.5187;2.5187;2.5204;2.5204;2.5204;2.5253;2.5253;2.5253;2.5435;2.5435;2.5435;2.5487;2.5487;2.5487,8,3,"Al,Co,Ni",3.4660;3.4660;3.5026;3.5026;3.5901;3.5901;3.5976;3.5976
11,,,,,4,Fe,"4.000000,0.006824,0.000765",1|16|24|8,1|4|4|2,4,1,1,Co,0.0595,16,4,"Co,Fe,Ni,Si",1.7109;1.7109;1.7143;1.7143;1.7667;1.7667;1.7934;1.7934;1.7953;1.7953;1.7954;1.7954;1.8128;1.8128;1.8392;1.8392,24,4,"Al,Co,Ni,Si",2.4702;2.4702;2.4702;2.4760;2.4760;2.4760;2.4822;2.4822;2.4822;2.4841;2.4841;2.4841;2.4957;2.4957;2.4957;2.5435;2.5435;2.5435;2.5482;2.5482;2.5482;2.5713;2.5713;2.5713,8,2,"Fe,Ni",3.4334;3.4334;3.4646;3.4646;3.5391;3.5391;3.5906;3.5906
11,,,,,5,Fe,"5.000000,0.999393,0.499600",1|16|24|8,1|3|4|3,4,1,1,Fe,0.0550,16,3,"Co,Fe,Ni",1.7451;1.7451;1.7677;1.7677;1.7736;1.7736;1.7821;1.7821;1.7956;1.7956;1.7972;1.7972;1.8122;1.8122;1.8240;1.8240,24,4,"Al,Co,Ni,Si",2.4871;2.4871;2.4871;2.5004;2.5004;2.5004;2.5009;2.5009;2.5009;2.5028;2.5028;2.5028;2.5107;2.5107;2.5107;2.5120;2.5120;2.5120;2.5239;2.5239;2.5239;2.5253;2.5253;2.5253,8,3,"Co,Fe,Ni",3.4731;3.4731;3.5059;3.5059;3.5906;3.5906;3.5982;3.5982
11,,,,,6,Fe,"6.000000,0.002202,0.492469",1|16|24|8,1|3|4|3,4,1,1,Fe,0.0550,16,3,"Co,Fe,Ni",1.7457;1.7457;1.7491;1.7491;1.7631;1.7631;1.7652;1.7652;1.7727;1.7727;1.7943;1.7943;1.8472;1.8472;1.8632;1.8632,24,4,"Al,Co,Ni,Si",2.4506;2.4506;2.4506;2.4524;2.4524;2.4524;2.4882;2.4882;2.4882;2.5015;2.5015;2.5015;2.5356;2.5356;2.5356;2.5375;2.5375;2.5375;2.5487;2.5487;2.5487;2.5515;2.5515;2.5515,8,3,"Co,Fe,Ni",3.4542;3.4542;3.4883;3.4883;3.5391;3.5391;3.5479;3.5479
11,,,,,7,Fe,"7.000000,0.004966,0.751327",1|16|24|8,1|5|4|4,4,1,1,Co,0.0567,16,5,"Al,Co,Fe,Ni,Si",1.7094;1.7094;1.7249;1.7249;1.7412;1.7412;1.7866;1.7866;1.7870;1.7870;1.7953;1.7953;1.8122;1.8122;1.8632;1.8632,24,4,"Co,Fe,Ni,Si",2.4853;2.4853;2.4853;2.4952;2.4952;2.4952;2.5043;2.5043;2.5043;2.5154;2.5154;2.5154;2.5529;2.5529;2.5529;2.5559;2.5559;2.5559;2.5775;2.5775;2.5775;2.5923;2.5923;2.5923,8,4,"Al,Co,Fe,Ni",3.4986;3.4986;3.5005;3.5005;3.5616;3.5616;3.5886;3.5886
11,,,,,8,Fe,"8.000000,0.003759,0.249924",1|16|24|4,1|3|4|2,4,1,1,Ni,0.0334,16,3,"Co,Fe,Ni",1.7158;1.7158;1.7232;1.7232;1.7457;1.7457;1.7832;1.7832;1.7934;1.7934;1.7958;1.7958;1.7972;1.7972;1.8025;1.8025,24,4,"Co,Fe,Ni,Si",2.4737;2.4737;2.4737;2.4827;2.4827;2.4827;2.4970;2.4970;2.4970;2.5080;2.5080;2.5080;2.5082;2.5082;2.5082;2.5163;2.5163;2.5163;2.5215;2.5215;2.5215;2.5534;2.5534;2.5534,4,2,"Co,Fe",3.4166;3.4166;3.4449;3.4449
11,,,,,9,Fe,"9.000000,0.490900,0.251266",1|16|24|4,1|2|4|2,4,1,1,Co,0.0301,16,2,"Co,Ni",1.6935;1.6935;1.7007;1.7007;1.7399;1.7399;1.7664;1.7664;1.8012;1.8012;1.8086;1.8086;1.8138;1.8138;1.8858;1.8858,24,4,"Co,Fe,Ni,Si",2.4385;2.4385;2.4385;2.4546;2.4546;2.4546;2.4587;2.4587;2.4587;2.4739;2.4739;2.4739;2.4985;2.4985;2.4985;2.5147;2.5147;2.5147;2.5415;2.5415;2.5415;2.5448;2.5448;2.5448,4,2,"Fe,Ni",3.4166;3.4166;3.4365;3.4365
11,,,,,10,Fe,"10.000000,0.251242,0.002994",1|16|24|8,1|4|4|3,4,1,1,Ni,0.0234,16,4,"Co,Fe,Ni,Si",1.7143;1.7143;1.7191;1.7191;1.7521;1.7521;1.7733;1.7733;1.7796;1.7796;1.7892;1.7892;1.8181;1.8181;1.8217;1.8217,24,4,"Al,Co,Fe,Ni",2.4546;2.4546;2.4546;2.4774;2.4774;2.4774;2.4817;2.4817;2.4817;2.4827;2.4827;2.4827;2.5043;2.5043;2.5043;2.5462;2.5462;2.5462;2.5537;2.5537;2.5537;2.5588;2.5588;2.5588,8,3,"Co,Fe,Si",3.4608;3.4608;3.5056;3.5056;3.5704;3.5704;3.5845;3.5845
11,,,,,11,Fe,"11.000000,0.751012,0.010484",1|16|24|8,1|4|4|2,4,1,1,Si,0.0500,16,4,"Al,Co,Fe,Ni",1.7186;1.7186;1.7245;1.7245;1.7370;1.7370;1.7624;1.7624;1.7865;1.7865;1.7954;1.7954;1.8436;1.8436;1.9048;1.9048,24,4,"Al,Co,Fe,Ni",2.4408;2.4408;2.4408;2.4737;2.4737;2.4737;2.5016;2.5016;2.5016;2.5147;2.5147;2.5147;2.5522;2.5522;2.5522;2.5627;2.5627;2.5627;2.5731;2.5731;2.5731;2.5775;2.5775;2.5775,8,2,"Fe,Ni",3.5056;3.5056;3.5058;3.5058;3.5083;3.5083;3.5324;3.5324
11,,,,,12,Fe,"12.000000,0.251432,0.501026",1|16|24|8,1|4|4|2,4,1,1,Co,0.0202,16,4,"Co,Fe,Ni,Si",1.7054;1.7054;1.7412;1.7412;1.7491;1.7491;1.7677;1.7677;1.7913;1.7913;1.7947;1.7947;1.7954;1.7954;1.8051;1.8051,24,4,"Al,Co,Fe,Ni",2.4587;2.4587;2.4587;2.4704;2.4704;2.4704;2.4952;2.4952;2.4952;2.5030;2.5030;2.5030;2.5082;2.5082;2.5082;2.5128;2.5128;2.5128;2.5216;2.5216;2.5216;2.5413;2.5413;2.5413,8,2,"Fe,Ni",3.4722;3.4722;3.5008;3.5008;3.5845;3.5845;3.5896;3.5896
11,,,,,13,Fe,"13.000000,0.746512,0.501266",1|16|24|8,1|4|4|3,4,1,1,Ni,0.0372,16,4,"Al,Co,Fe,Ni",1.7331;1.7331;1.7604;1.7604;1.7669;1.7669;1.7736;1.7736;1.7943;1.7943;1.8079;1.8079;1.8138;1.8138;1.8232;1.8232,24,4,"Al,Co,Fe,Ni",2.4488;2.4488;2.4488;2.4614;2.4614;2.4614;2.5061;2.5061;2.5061;2.5141;2.5141;2.5141;2.5415;2.5415;2.5415;2.5534;2.5534;2.5534;2.5559;2.5559;2.5559;2.5588;2.5588;2.5588,8,3,"Co,Fe,Si",3.4579;3.4579;3.4722;3.4722;3.5324;3.5324;3.5550;3.5550
11,,,,,14,Ni,"14.000000,0.496336,0.005898",1|16|24|8,1|5|4|3,4,1,1,Ni,0.1225,16,5,"Al,Co,Fe,Ni,Si",1.7191;1.7191;1.7229;1.7229;1.7417;1.7417;1.7664;1.7664;1.7765;1.7765;1.7865;1.7865;1.8528;1.8528;1.8686;1.8686,24,4,"Al,Co,Ni,Si",2.4716;2.4716;2.4716;2.4734;2.4734;2.4734;2.4866;2.4866;2.4866;2.4998;2.4998;2.4998;2.5204;2.5204;2.5204;2.5335;2.5335;2.5335;2.5699;2.5699;2.5699;2.5823;2.5823;2.5823,8,3,"Co,Fe,Ni",3.4334;3.4334;3.4924;3.4924;3.5048;3.5048;3.5743;3.5743
11,,,,,15,Ni,"15.000000,0.499568,0.492851",1|16|24|8,1|4|4|2,4,1,1,Co,0.0778,16,4,"Al,Co,Fe,Ni",1.7264;1.7264;1.7286;1.7286;1.7331;1.7331;1.7399;1.7399;1.7412;1.7412;1.7609;1.7609;1.8250;1.8250;1.8407;1.8407,24,4,"Al,Co,Ni,Si",2.4689;2.4689;2.4689;2.4698;2.4698;2.4698;2.4735;2.4735;2.4735;2.4818;2.4818;2.4818;2.5327;2.5327;2.5327;2.5435;2.5435;2.5435;2.5517;2.5517;2.5517;2.6084;2.6084;2.6084,8,2,"Fe,Ni",3.4883;3.4883;3.5048;3.5048;3.5059;3.5059;3.5739;3.5739
11,,,,,16,Ni,"16.000000,0.500685,0.989414",1|12|4|24,1|5|2|4,4,1,1,Ni,0.1225,12,5,"Al,Co,Fe,Ni,Si",1.7161;1.7161;1.7336;1.7336;1.7494;1.7494;1.7521;1.7521;1.7543;1.7543;1.7624;1.7624,4,2,"Co,Fe",1.8858;1.8858;1.8955;1.8955,24,4,"Al,Co,Ni,Si",2.4567;2.4567;2.4567;2.4656;2.4656;2.4656;2.4702;2.4702;2.4702;2.4761;2.4761;2.4761;2.5508;2.5508;2.5508;2.5638;2.5638;2.5638;2.5781;2.5781;2.5781;2.5802;2.5802;2.5802
11,,,,,17,Ni,"17.000000,0.000955,0.246172",1|16|24|8,1|3|4|2,4,1,1,Fe,0.0334,16,3,"Co,Fe,Ni",1.7358;1.7358;1.7432;1.7432;1.7637;1.7637;1.7667;1.7667;1.7727;1.7727;1.7752;1.7752;1.7762;1.7762;1.8240;1.8240,24,4,"Co,Fe,Ni,Si",2.4408;2.4408;2.4408;2.4774;2.4774;2.4774;2.4886;2.4886;2.4886;2.4914;2.4914;2.4914;2.5218;2.5218;2.5218;2.5411;2.5411;2.5411;2.5413;2.5413;2.5413;2.5588;2.5588;2.5588,8,2,"Co,Fe",3.4365;3.4365;3.4648;3.4648;3.5616;3.5616;3.5778;3.5778
11,,,,,18,Ni,"18.000000,0.750574,0.497928",1|16|24|8,1|4|4|3,4,1,1,Fe,0.0372,16,4,"Al,Co,Fe,Ni",1.7451;1.7451;1.7609;1.7609;1.7652;1.7652;1.7838;1.7838;1.7842;1.7842;1.7899;1.7899;1.7956;1.7956;1.8463;1.8463,24,4,"Al,Co,Fe,Ni",2.4858;2.4858;2.4858;2.4984;2.4984;2.4984;2.5035;2.5035;2.5035;2.5163;2.5163;2.5163;2.5173;2.5173;2.5173;2.5218;2.5218;2.5218;2.5448;2.5448;2.5448;2.5529;2.5529;2.5529,8,3,"Co,Fe,Si",3.4863;3.4863;3.5008;3.5008;3.5083;3.5083;3.5313;3.5313
11,,,,,19,Ni,"19.000000,0.250763,0.999775",1|16|24|8,1|4|4|3,4,1,1,Fe,0.0234,16,4,"Co,Fe,Ni,Si",1.7109;1.7109;1.7229;1.7229;1.7543;1.7543;1.7697;1.7697;1.7949;1.7949;1.7985;1.7985;1.8027;1.8027;1.8123;1.8123,24,4,"Al,Co,Fe,Ni",2.4739;2.4739;2.4739;2.4853;2.4853;2.4853;2.4914;2.4914;2.4914;2.4970;2.4970;2.4970;2.5008;2.5008;2.5008;2.5320;2.5320;2.5320;2.5348;2.5348;2.5348;2.5445;2.5445;2.5445,8,3,"Co,Fe,Si",3.4645;3.4645;3.5058;3.5058;3.5896;3.5896;3.5936;3.5936
11,,,,,20,Ni,"20.000000,0.749508,0.250091",1|16|24|8,1|4|3|3,4,1,1,Ni,0.0140,16,4,"Co,Fe,Ni,Si",1.7245;1.7245;1.7476;1.7476;1.7637;1.7637;1.7832;1.7832;1.7838;1.7838;1.7856;1.7856;1.8079;1.8079;1.8138;1.8138,24,3,"Co,Fe,Ni",2.4735;2.4735;2.4735;2.4882;2.4882;2.4882;2.4998;2.4998;2.4998;2.5085;2.5085;2.5085;2.5107;2.5107;2.5107;2.5435;2.5435;2.5435;2.5475;2.5475;2.5475;2.5638;2.5638;2.5638,8,3,"Al,Co,Ni",3.4990;3.4990;3.5063;3.5063;3.5680;3.5680;3.5681;3.5681
11,,,,,21,Ni,"21.000000,0.756725,0.754382",1|16|24|8,1|5|3|3,4,1,1,Al,0.0764,16,5,"Al,Co,Fe,Ni,Si",1.6871;1.6871;1.7412;1.7412;1.7731;1.7731;1.7744;1.7744;1.8224;1.8224;1.8232;1.8232;1.8436;1.8436;1.8463;1.8463,24,3,"Co,Fe,Ni",2.4483;2.4483;2.4483;2.4656;2.4656;2.4656;2.4957;2.4957;2.4957;2.5004;2.5004;2.5004;2.5515;2.5515;2.5515;2.5699;2.5699;2.5699;2.5834;2.5834;2.5834;2.6084;2.6084;2.6084,8,3,"Co,Ni,Si",3.4506;3.4506;3.4660;3.4660;3.5622;3.5622;3.5681;3.5681
11,,,,,22,Ni,"22.000000,0.747714,0.249250",1|16|24|8,1|4|3|3,4,1,1,Ni,0.0140,16,4,"Co,Fe,Ni,Si",1.7186;1.7186;1.7413;1.7413;1.7731;1.7731;1.7762;1.7762;1.7899;1.7899;1.7958;1.7958;1.8012;1.8012;1.8138;1.8138,24,3,"Co,Fe,Ni",2.4689;2.4689;2.4689;2.4866;2.4866;2.4866;2.5015;2.5015;2.5015;2.5129;2.5129;2.5129;2.5239;2.5239;2.5239;2.5430;2.5430;2.5430;2.5482;2.5482;2.5482;2.5508;2.5508;2.5508,8,3,"Al,Co,Ni",3.4947;3.4947;3.5019;3.5019;3.5622;3.5622;3.5741;3.5741
11,,,,,23,Co,"23.000000,0.998436,0.999542",1|16|24|8,1|4|4|2,4,1,1,Fe,0.0595,16,4,"Co,Fe,Ni,Si",1.7370;1.7370;1.7697;1.7697;1.7733;1.7733;1.7752;1.7752;1.7807;1.7807;1.7870;1.7870;1.8025;1.8025;1.8027;1.8027,24,4,"Al,Co,Ni,Si",2.4483;2.4483;2.4483;2.5085;2.5085;2.5085;2.5103;2.5103;2.5103;2.5129;2.5129;2.5129;2.5173;2.5173;2.5173;2.5187;2.5187;2.5187;2.5241;2.5241;2.5241;2.5293;2.5293;2.5293,8,2,"Fe,Ni",3.4918;3.4918;3.4924;3.4924;3.5479;3.5479;3.5982;3.5982
11,,,,,24,Co,"24.000000,0.494586,0.502518",1|16|24|8,1|4|4|2,4,1,1,Ni,0.0778,16,4,"Al,Co,Fe,Ni",1.6911;1.6911;1.7054;1.7054;1.7565;1.7565;1.7669;1.7669;1.7721;1.7721;1.7956;1.7956;1.7979;1.7979;1.8086;1.8086,24,4,"Al,Co,Ni,Si",2.4691;2.4691;2.4691;2.4773;2.4773;2.4773;2.4951;2.4951;2.4951;2.5071;2.5071;2.5071;2.5080;2.5080;2.5080;2.5430;2.5430;2.5430;2.5475;2.5475;2.5475;2.5834;2.5834;2.5834,8,2,"Fe,Ni",3.4542;3.4542;3.4731;3.4731;3.5046;3.5046;3.5743;3.5743
11,,,,,25,Co,"25.000000,0.494926,0.252719",1|16|24|8,1|2|4|4,4,1,1,Fe,0.0301,16,2,"Co,Ni",1.7217;1.7217;1.7286;1.7286;1.7291;1.7291;1.7731;1.7731;1.7765;1.7765;1.7856;1.7856;1.7979;1.7979;1.8955;1.8955,24,4,"Co,Fe,Ni,Si",2.4502;2.4502;2.4502;2.4704;2.4704;2.4704;2.4817;2.4817;2.4817;2.4859;2.4859;2.4859;2.5008;2.5008;2.5008;2.5016;2.5016;2.5016;2.5141;2.5141;2.5141;2.5173;2.5173;2.5173,8,4,"Al,Co,Fe,Ni",3.4449;3.4449;3.4648;3.4648;3.5537;3.5537;3.5694;3.5694
11,,,,,26,Co,"26.000000,0.997223,0.749080",1|16|24|4,1|5|4|2,4,1,1,Fe,0.0567,16,5,"Al,Co,Fe,Ni,Si",1.6871;1.6871;1.7320;1.7320;1.7637;1.7637;1.7792;1.7792;1.7956;1.7956;1.8027;1.8027;1.8128;1.8128;1.8472;1.8472,24,4,"Co,Fe,Ni,Si",2.5035;2.5035;2.5035;2.5061;2.5061;2.5061;2.5216;2.5216;2.5216;2.5348;2.5348;2.5348;2.5418;2.5418;2.5418;2.5522;2.5522;2.5522;2.5537;2.5537;2.5537;2.5661;2.5661;2.5661,4,2,"Al,Co",3.4589;3.4589;3.4606;3.4606
11,,,,,27,Co,"27.000000,0.503799,0.748563",1|16|24|8,1|4|4|2,4,1,1,Al,0.0158,16,4,"Al,Co,Ni,Si",1.7289;1.7289;1.7336;1.7336;1.7721;1.7721;1.7737;1.7737;1.7744;1.7744;1.7892;1.7892;1.8407;1.8407;1.8528;1.8528,24,4,"Co,Fe,Ni,Si",2.4614;2.4614;2.4614;2.4984;2.4984;2.4984;2.5128;2.5128;2.5128;2.5128;2.5128;2.5128;2.5159;2.5159;2.5159;2.5320;2.5320;2.5320;2.5462;2.5462;2.5462;2.5627;2.5627;2.5627,8,2,"Co,Fe",3.4606;3.4606;3.4986;3.4986;3.5694;3.5694;3.5804;3.5804
11,,,,,28,Co,"28.000000,0.253490,0.499057",1|16|24|8,1|4|4|2,4,1,1,Fe,0.0202,16,4,"Co,Fe,Ni,Si",1.6911;1.6911;1.7264;1.7264;1.7631;1.7631;1.7814;1.7814;1.7821;1.7821;1.7912;1.7912;1.8057;1.8057;1.8090;1.8090,24,4,"Al,Co,Fe,Ni",2.4385;2.4385;2.4385;2.4502;2.4502;2.4502;2.5029;2.5029;2.5029;2.5080;2.5080;2.5080;2.5128;2.5128;2.5128;2.5154;2.5154;2.5154;2.5411;2.5411;2.5411;2.5418;2.5418;2.5418,8,2,"Fe,Ni",3.4579;3.4579;3.4863;3.4863;3.5704;3.5704;3.5936;3.5936
11,,,,,29,Co,"29.000000,0.249442,0.251578",1|16|24|8,1|3|3|3,4,1,1,Co,0.0121,16,3,"Co,Fe,Ni",1.6935;1.6935;1.7217;1.7217;1.7232;1.7232;1.7432;1.7432;1.7814;1.7814;1.7892;1.7892;1.7954;1.7954;1.8123;1.8123,24,3,"Co,Fe,Ni",2.4506;2.4506;2.4506;2.4698;2.4698;2.4698;2.4734;2.4734;2.4734;2.4822;2.4822;2.4822;2.4951;2.4951;2.4951;2.5009;2.5009;2.5009;2.5293;2.5293;2.5293;2.5802;2.5802;2.5802,8,3,"Co,Ni,Si",3.4947;3.4947;3.5063;3.5063;3.5866;3.5866;3.5901;3.5901
11,,,,,30,Co,"30.000000,0.248698,0.749906",1|16|24|8,1|4|3|3,4,1,1,Si,0.0159,16,4,"Al,Co,Fe,Ni",1.7094;1.7094;1.7637;1.7637;1.7892;1.7892;1.7911;1.7911;1.7913;1.7913;1.7985;1.7985;1.8057;1.8057;1.8217;1.8217,24,3,"Co,Fe,Ni",2.4702;2.4702;2.4702;2.4760;2.4760;2.4760;2.4773;2.4773;2.4773;2.5103;2.5103;2.5103;2.5120;2.5120;2.5120;2.5335;2.5335;2.5335;2.5356;2.5356;2.5356;2.5517;2.5517;2.5517,8,3,"Al,Co,Ni",3.4506;3.4506;3.4957;3.4957;3.5866;3.5866;3.5963;3.5963
11,,,,,31,Co,"31.000000,0.248408,0.250238",1|16|24|8,1|3|3|3,4,1,1,Co,0.0121,16,3,"Co,Fe,Ni",1.7007;1.7007;1.7158;1.7158;1.7291;1.7291;1.7358;1.7358;1.7796;1.7796;1.7912;1.7912;1.8027;1.8027;1.8051;1.8051,24,3,"Co,Fe,Ni",2.4524;2.4524;2.4524;2.4702;2.4702;2.4702;2.4716;2.4716;2.4716;2.4818;2.4818;2.4818;2.5028;2.5028;2.5028;2.5071;2.5071;2.5071;2.5173;2.5173;2.5173;2.5781;2.5781;2.5781,8,3,"Co,Ni,Si",3.4990;3.4990;3.5019;3.5019;3.5963;3.5963;3.5976;3.5976
12,,,,,0,Si,"0.000000,0.493896,0.240419",1|2|14|24,1|1|4|5,4,1,1,Fe,0.0655,2,1,Co,1.5945;1.5945,14,4,"Fe,Mn,Ni,Si",1.7031;1.7031;1.7066;1.7066;1.7762;1.7762;1.7990;1.7990;1.8640;1.8640;1.8943;1.8943;1.9784;1.9784,24,5,"Co,Fe,Mn,Ni,Si",2.4233;2.4233;2.4233;2.4799;2.4799;2.4799;2.4889;2.4889;2.4889;2.4980;2.4980;2.4980;2.5089;2.5089;2.5089;2.5307;2.5307;2.5307;2.6211;2.6211;2.6211;2.6246;2.6246;2.6246
12,,,,,1,Si,"1.000000,0.236572,0.507136",1|16|24|8,1|3|4|3,4,1,1,Fe,0.0926,16,3,"Fe,Mn,Ni",1.6477;1.6477;1.7209;1.7209;1.7445;1.7445;1.7799;1.7799;1.7999;1.7999;1.8421;1.8421;1.8945;1.8945;1.9049;1.9049,24,4,"Co,Fe,Ni,Si",2.3812;2.3812;2.3812;2.4793;2.4793;2.4793;2.4801;2.4801;2.4801;2.5255;2.5255;2.5255;2.5458;2.5458;2.5458;2.5578;2.5578;2.5578;2.6211;2.6211;2.6211;2.6243;2.6243;2.6243,8,3,"Co,Fe,Ni",3.4466;3.4466;3.4597;3.4597;3.5071;3.5071;3.5198;3.5198
12,,,,,2,Si,"2.000000,0.772557,0.250698",1|12|4|15,1|4|2|3,4,1,1,Fe,0.1170,12,4,"Co,Fe,Mn,Ni",1.6081;1.6081;1.6483;1.6483;1.6940;1.6940;1.7766;1.7766;1.8089;1.8089;1.8110;1.8110,4,2,"Fe,Si",1.9284;1.9284;1.9784;1.9784,15,3,"Co,Fe,Ni",2.3635;2.3635;2.3635;2.4070;2.4070;2.4070;2.4142;2.4142;2.4142;2.4394;2.4394;2.4394;2.4814;2.4814;2.4814
12,,,,,3,Mn,"3.000000,0.505127,0.506774",1|16|24|8,1|4|5|3,4,1,1,Ni,0.1422,16,4,"Co,Fe,Ni,Si",1.6894;1.6894;1.7321;1.7321;1.7417;1.7417;1.7502;1.7502;1.8286;1.8286;1.8491;1.8491;1.8943;1.8943;1.9049;1.9049,24,5,"Co,Fe,Mn,Ni,Si",2.3976;2.3976;2.3976;2.4854;2.4854;2.4854;2.5138;2.5138;2.5138;2.5219;2.5219;2.5219;2.5459;2.5459;2.5459;2.5581;2.5581;2.5581;2.6184;2.6184;2.6184;2.6597;2.6597;2.6597,8,3,"Co,Fe,Ni",3.4692;3.4692;3.4811;3.4811;3.5050;3.5050;3.5409;3.5409
12,,,,,4,Mn,"4.000000,0.750782,0.001704",1|16|24|8,1|5|4|3,4,1,1,Ni,0.0358,16,5,"Co,Fe,Mn,Ni,Si",1.6787;1.6787;1.7416;1.7416;1.7427;1.7427;1.7759;1.7759;1.7766;1.7766;1.7794;1.7794;1.8059;1.8059;1.8342;1.8342,24,4,"Co,Fe,Ni,Si",2.4240;2.4240;2.4240;2.4716;2.4716;2.4716;2.4748;2.4748;2.4748;2.4799;2.4799;2.4799;2.5179;2.5179;2.5179;2.5217;2.5217;2.5217;2.5260;2.5260;2.5260;2.5370;2.5370;2.5370,8,3,"Co,Fe,Ni",3.4511;3.4511;3.5144;3.5144;3.5314;3.5314;3.5451;3.5451
12,,,,,5,Mn,"5.000000,0.744207,0.743621",1|16|24|8,1|4|4|2,4,1,1,Co,0.0880,16,4,"Co,Fe,Mn,Ni",1.6984;1.6984;1.7284;1.7284;1.7292;1.7292;1.7624;1.7624;1.7994;1.7994;1.8193;1.8193;1.8320;1.8320;1.8342;1.8342,24,4,"Co,Fe,Mn,Ni",2.3976;2.3976;2.3976;2.4810;2.4810;2.4810;2.5055;2.5055;2.5055;2.5074;2.5074;2.5074;2.5244;2.5244;2.5244;2.5339;2.5339;2.5339;2.5395;2.5395;2.5395;2.6127;2.6127;2.6127,8,2,"Fe,Si",3.4722;3.4722;3.5058;3.5058;3.5188;3.5188;3.5299;3.5299
12,,,,,6,Fe,"6.000000,-0.005789,0.497500",1|16|21|3,1|4|5|1,4,1,1,Ni,0.0810,16,4,"Co,Fe,Ni,Si",1.7209;1.7209;1.7277;1.7277;1.7784;1.7784;1.7862;1.7862;1.7882;1.7882;1.7965;1.7965;1.8018;1.8018;1.8218;1.8218,21,5,"Co,Fe,Mn,Ni,Si",2.3635;2.3635;2.3635;2.4613;2.4613;2.4613;2.4756;2.4756;2.4756;2.4810;2.4810;2.4810;2.5045;2.5045;2.5045;2.5322;2.5322;2.5322;2.5631;2.5631;2.5631,3,1,Fe,2.6651;2.6651;2.6651
12,,,,,7,Fe,"7.000000,-0.012417,0.753927",1|16|24|8,1|4|5|2,4,1,1,Co,0.1103,16,4,"Co,Fe,Mn,Ni",1.6601;1.6601;1.7098;1.7098;1.7284;1.7284;1.7610;1.7610;1.7878;1.7878;1.8218;1.8218;1.8481;1.8481;1.8994;1.8994,24,5,"Co,Fe,Mn,Ni,Si",2.3939;2.3939;2.3939;2.4240;2.4240;2.4240;2.4505;2.4505;2.4505;2.4793;2.4793;2.4793;2.5141;2.5141;2.5141;2.5702;2.5702;2.5702;2.5783;2.5783;2.5783;2.5792;2.5792;2.5792,8,2,"Co,Ni",3.4553;3.4553;3.4818;3.4818;3.4880;3.4880;3.5077;3.5077
12,,,,,8,Fe,"8.000000,0.500754,0.246537",1|2|14|24,1|1|4|5,4,1,1,Si,0.0655,2,1,Co,1.6345;1.6345,14,4,"Fe,Mn,Ni,Si",1.7496;1.7496;1.7499;1.7499;1.7566;1.7566;1.8145;1.8145;1.8256;1.8256;1.8491;1.8491;1.9284;1.9284,24,5,"Co,Fe,Mn,Ni,Si",2.4327;2.4327;2.4327;2.4748;2.4748;2.4748;2.4887;2.4887;2.4887;2.5043;2.5043;2.5043;2.5335;2.5335;2.5335;2.5543;2.5543;2.5543;2.5593;2.5593;2.5593;2.6243;2.6243;2.6243
12,,,,,9,Fe,"9.000000,0.247465,0.499873",1|16|24|8,1|3|4|3,4,1,1,Si,0.0926,16,3,"Fe,Mn,Ni",1.7210;1.7210;1.7244;1.7244;1.7251;1.7251;1.7936;1.7936;1.7965;1.7965;1.8286;1.8286;1.8431;1.8431;1.8893;1.8893,24,4,"Co,Fe,Ni,Si",2.4717;2.4717;2.4717;2.4948;2.4948;2.4948;2.5269;2.5269;2.5269;2.5307;2.5307;2.5307;2.5335;2.5335;2.5335;2.5377;2.5377;2.5377;2.5407;2.5407;2.5407;2.5702;2.5702;2.5702,8,3,"Co,Fe,Ni",3.5100;3.5100;3.5129;3.5129;3.5236;3.5236;3.5343;3.5343
12,,,,,10,Fe,"10.000000,0.750681,0.504570",1|16|24|8,1|5|4|4,4,1,1,Ni,0.1342,16,5,"Co,Fe,Mn,Ni,Si",1.6984;1.6984;1.7277;1.7277;1.7417;1.7417;1.7557;1.7557;1.7992;1.7992;1.8089;1.8089;1.8315;1.8315;1.8508;1.8508,24,4,"Co,Fe,Ni,Si",2.4505;2.4505;2.4505;2.4816;2.4816;2.4816;2.4998;2.4998;2.4998;2.5171;2.5171;2.5171;2.5474;2.5474;2.5474;2.5581;2.5581;2.5581;2.5593;2.5593;2.5593;2.6246;2.6246;2.6246,8,4,"Fe,Mn,Ni,Si",3.4466;3.4466;3.4963;3.4963;3.5236;3.5236;3.5314;3.5314
12,,,,,11,Fe,"11.000000,0.243487,0.240474",1|16|21|3,1|4|3|1,4,1,1,Ni,0.1409,16,4,"Co,Fe,Ni,Si",1.6922;1.6922;1.6924;1.6924;1.7326;1.7326;1.7507;1.7507;1.7762;1.7762;1.8256;1.8256;1.8431;1.8431;1.8945;1.8945,21,3,"Co,Fe,Ni",2.4056;2.4056;2.4056;2.4843;2.4843;2.4843;2.4851;2.4851;2.4851;2.4851;2.4851;2.4851;2.5100;2.5100;2.5100;2.5180;2.5180;2.5180;2.5322;2.5322;2.5322,3,1,Mn,2.6597;2.6597;2.6597
12,,,,,12,Fe,"12.000000,0.255015,0.765671",1|16|9|15,1|4|2|4,4,1,1,Fe,0.1067,16,4,"Co,Fe,Ni,Si",1.6227;1.6227;1.6811;1.6811;1.7099;1.7099;1.7436;1.7436;1.7967;1.7967;1.8421;1.8421;1.8893;1.8893;1.8994;1.8994,9,2,"Co,Ni",2.4158;2.4158;2.4158;2.4265;2.4265;2.4265;2.4413;2.4413;2.4413,15,4,"Co,Fe,Mn,Ni",2.5427;2.5427;2.5427;2.5459;2.5459;2.5459;2.5722;2.5722;2.5722;2.5885;2.5885;2.5885;2.6651;2.6651;2.6651
12,,,,,13,Fe,"13.000000,0.756570,0.246761",1|16|24|8,1|5|4|4,4,1,1,Si,0.1170,16,5,"Co,Fe,Mn,Ni,Si",1.7123;1.7123;1.7211;1.7211;1.7416;1.7416;1.7617;1.7617;1.7765;1.7765;1.8145;1.8145;1.8315;1.8315;1.8640;1.8640,24,4,"Co,Fe,Mn,Ni",2.3790;2.3790;2.3790;2.4613;2.4613;2.4613;2.4623;2.4623;2.4623;2.4729;2.4729;2.4729;2.5354;2.5354;2.5354;2.5379;2.5379;2.5379;2.5581;2.5581;2.5581;2.5692;2.5692;2.5692,8,4,"Co,Fe,Mn,Ni",3.4537;3.4537;3.5170;3.5170;3.5299;3.5299;3.5313;3.5313
12,,,,,14,Fe,"14.000000,0.248135,0.752359",1|16|21|3,1|4|4|1,4,1,1,Fe,0.1067,16,4,"Co,Fe,Ni,Si",1.7165;1.7165;1.7434;1.7434;1.7445;1.7445;1.7571;1.7571;1.7759;1.7759;1.7898;1.7898;1.7936;1.7936;1.8481;1.8481,21,4,"Co,Fe,Mn,Ni",2.4579;2.4579;2.4579;2.4695;2.4695;2.4695;2.4861;2.4861;2.4861;2.5050;2.5050;2.5050;2.5138;2.5138;2.5138;2.5171;2.5171;2.5171;2.5631;2.5631;2.5631,3,1,Co,2.6737;2.6737;2.6737
12,,,,,15,Ni,"15.000000,0.004344,0.502687",1|16|24|8,1|4|5|3,4,1,1,Fe,0.0810,16,4,"Co,Fe,Ni,Si",1.6477;1.6477;1.7244;1.7244;1.7500;1.7500;1.7878;1.7878;1.7992;1.7992;1.8142;1.8142;1.8392;1.8392;1.8600;1.8600,24,5,"Co,Fe,Mn,Ni,Si",2.4394;2.4394;2.4394;2.4780;2.4780;2.4780;2.4861;2.4861;2.4861;2.4993;2.4993;2.4993;2.5074;2.5074;2.5074;2.5100;2.5100;2.5100;2.5379;2.5379;2.5379;2.5885;2.5885;2.5885,8,3,"Co,Mn,Ni",3.4453;3.4453;3.4929;3.4929;3.5403;3.5403;3.5409;3.5409
12,,,,,16,Ni,"16.000000,0.490062,0.493670",1|16|3|21,1|4|1|4,4,1,1,Mn,0.1422,16,4,"Co,Fe,Ni,Si",1.7210;1.7210;1.7566;1.7566;1.7919;1.7919;1.7990;1.7990;1.7999;1.7999;1.8271;1.8271;1.8433;1.8433;1.8508;1.8508,3,1,Ni,2.3800;2.3800;2.3800,21,4,"Co,Fe,Mn,Si",2.5050;2.5050;2.5050;2.5180;2.5180;2.5180;2.5395;2.5395;2.5395;2.5427;2.5427;2.5427;2.5692;2.5692;2.5692;2.6274;2.6274;2.6274;2.6350;2.6350;2.6350
12,,,,,17,Ni,"17.000000,0.499930,0.000203",1|16|21|3,1|5|4|1,4,1,1,Co,0.1570,16,5,"Co,Fe,Mn,Ni,Si",1.7066;1.7066;1.7499;1.7499;1.7561;1.7561;1.7658;1.7658;1.7731;1.7731;1.7794;1.7794;1.7863;1.7863;1.8002;1.8002,21,4,"Co,Fe,Mn,Ni",2.4158;2.4158;2.4158;2.4851;2.4851;2.4851;2.5055;2.5055;2.5055;2.5112;2.5112;2.5112;2.5138;2.5138;2.5138;2.5171;2.5171;2.5171;2.5354;2.5354;2.5354,3,1,Si,2.6375;2.6375;2.6375
12,,,,,18,Ni,"18.000000,0.495848,0.753056",1|16|24|8,1|4|5|3,4,1,1,Co,0.0371,16,4,"Co,Fe,Mn,Ni",1.7099;1.7099;1.7502;1.7502;1.7561;1.7561;1.7571;1.7571;1.7624;1.7624;1.8279;1.8279;1.8433;1.8433;1.8787;1.8787,24,5,"Co,Fe,Mn,Ni,Si",2.4534;2.4534;2.4534;2.4712;2.4712;2.4712;2.5171;2.5171;2.5171;2.5176;2.5176;2.5176;2.5269;2.5269;2.5269;2.5370;2.5370;2.5370;2.5458;2.5458;2.5458;2.5640;2.5640;2.5640,8,3,"Co,Fe,Si",3.4619;3.4619;3.4880;3.4880;3.5005;3.5005;3.5059;3.5059
12,,,,,19,Ni,"19.000000,0.742666,0.487519",1|16|24|8,1|5|4|4,4,1,1,Fe,0.1342,16,5,"Co,Fe,Mn,Ni,Si",1.6894;1.6894;1.6940;1.6940;1.7123;1.7123;1.7862;1.7862;1.7919;1.7919;1.8193;1.8193;1.8600;1.8600;1.8787;1.8787,24,4,"Co,Fe,Ni,Si",2.4327;2.4327;2.4327;2.4980;2.4980;2.4980;2.5022;2.5022;2.5022;2.5151;2.5151;2.5151;2.5290;2.5290;2.5290;2.5640;2.5640;2.5640;2.5783;2.5783;2.5783;2.6259;2.6259;2.6259,8,4,"Fe,Mn,Ni,Si",3.4511;3.4511;3.4863;3.4863;3.5071;3.5071;3.5129;3.5129
12,,,,,20,Ni,"20.000000,0.250978,0.002319",1|16|24|8,1|3|4|4,4,1,1,Co,0.0681,16,3,"Co,Fe,Ni",1.6811;1.6811;1.6922;1.6922;1.7421;1.7421;1.7658;1.7658;1.7759;1.7759;1.8069;1.8069;1.8099;1.8099;1.8726;1.8726,24,4,"Co,Fe,Ni,Si",2.4233;2.4233;2.4233;2.4554;2.4554;2.4554;2.4673;2.4673;2.4673;2.4712;2.4712;2.4712;2.4887;2.4887;2.4887;2.5065;2.5065;2.5065;2.5284;2.5284;2.5284;2.5792;2.5792;2.5792,8,4,"Fe,Mn,Ni,Si",3.5198;3.5198;3.5343;3.5343;3.5414;3.5414;3.5451;3.5451
12,,,,,21,Ni,"21.000000,0.751769,-0.003242",1|16|24|8,1|5|4|3,4,1,1,Mn,0.0358,16,5,"Co,Fe,Mn,Ni,Si",1.6880;1.6880;1.7353;1.7353;1.7408;1.7408;1.7765;1.7765;1.7863;1.7863;1.7994;1.7994;1.7994;1.7994;1.8110;1.8110,24,4,"Co,Fe,Ni,Si",2.3939;2.3939;2.3939;2.4914;2.4914;2.4914;2.4920;2.4920;2.4920;2.5043;2.5043;2.5043;2.5061;2.5061;2.5061;2.5089;2.5089;2.5089;2.5176;2.5176;2.5176;2.5375;2.5375;2.5375,8,3,"Co,Fe,Ni",3.4863;3.4863;3.4963;3.4963;3.5073;3.5073;3.5414;3.5414
12,,,,,22,Ni,"22.000000,0.254241,0.257064",1|16|24|8,1|4|4|2,4,1,1,Fe,0.1409,16,4,"Co,Fe,Ni,Si",1.7031;1.7031;1.7251;1.7251;1.7496;1.7496;1.7702;1.7702;1.7799;1.7799;1.8099;1.8099;1.8120;1.8120;1.8699;1.8699,24,4,"Co,Fe,Mn,Ni",2.3800;2.3800;2.3800;2.4780;2.4780;2.4780;2.5045;2.5045;2.5045;2.5050;2.5050;2.5050;2.5138;2.5138;2.5138;2.5219;2.5219;2.5219;2.5436;2.5436;2.5436;2.6222;2.6222;2.6222,8,2,"Fe,Si",3.4172;3.4172;3.4906;3.4906;3.5183;3.5183;3.5313;3.5313
12,,,,,23,Co,"23.000000,-0.003577,-0.005605",1|16|24|8,1|4|5|3,4,1,1,Co,0.0795,16,4,"Co,Fe,Mn,Ni",1.7098;1.7098;1.7353;1.7353;1.7427;1.7427;1.7430;1.7430;1.7720;1.7720;1.7723;1.7723;1.7979;1.7979;1.8069;1.8069,24,5,"Co,Fe,Mn,Ni,Si",2.4070;2.4070;2.4070;2.4413;2.4413;2.4413;2.4461;2.4461;2.4461;2.4623;2.4623;2.4623;2.4695;2.4695;2.4695;2.4843;2.4843;2.4843;2.5339;2.5339;2.5339;2.6222;2.6222;2.6222,8,3,"Co,Fe,Ni",3.4209;3.4209;3.4929;3.4929;3.5216;3.5216;3.5299;3.5299
12,,,,,24,Co,"24.000000,0.514484,0.016743",1|8|8|3,1|4|2|1,4,1,1,Ni,0.1570,8,4,"Fe,Mn,Ni,Si",1.5945;1.5945;1.6345;1.6345;1.6787;1.6787;1.6880;1.6880,8,2,"Co,Ni",1.8726;1.8726;1.8787;1.8787;1.8939;1.8939;1.9106;1.9106,3,1,Fe,2.3790;2.3790;2.3790
12,,,,,25,Co,"25.000000,0.005381,0.001067",1|16|24|8,1|4|5|3,4,1,1,Co,0.0795,16,4,"Co,Fe,Mn,Ni",1.7089;1.7089;1.7249;1.7249;1.7421;1.7421;1.7491;1.7491;1.7610;1.7610;1.7905;1.7905;1.7994;1.7994;1.8059;1.8059,24,5,"Co,Fe,Mn,Ni,Si",2.4056;2.4056;2.4056;2.4142;2.4142;2.4142;2.4265;2.4265;2.4265;2.4579;2.4579;2.4579;2.4729;2.4729;2.4729;2.5249;2.5249;2.5249;2.5436;2.5436;2.5436;2.6127;2.6127;2.6127,8,3,"Co,Fe,Ni",3.4829;3.4829;3.5078;3.5078;3.5267;3.5267;3.5403;3.5403
12,,,,,26,Co,"26.000000,-0.000780,0.243861",1|2|14|24,1|1|3|5,4,1,1,Co,0.0475,2,1,Si,1.6081;1.6081,14,3,"Co,Fe,Ni",1.7211;1.7211;1.7249;1.7249;1.7326;1.7326;1.7723;1.7723;1.8018;1.8018;1.8120;1.8120;1.8392;1.8392,24,5,"Co,Fe,Mn,Ni,Si",2.4673;2.4673;2.4673;2.4716;2.4716;2.4716;2.4848;2.4848;2.4848;2.4914;2.4914;2.4914;2.5022;2.5022;2.5022;2.5255;2.5255;2.5255;2.5407;2.5407;2.5407;2.5474;2.5474;2.5474
12,,,,,27,Co,"27.000000,0.500474,0.750594",1|16|24|8,1|4|5|3,4,1,1,Ni,0.0371,16,4,"Co,Fe,Mn,Ni",1.7292;1.7292;1.7321;1.7321;1.7436;1.7436;1.7731;1.7731;1.7898;1.7898;1.7952;1.7952;1.8271;1.8271;1.8939;1.8939,24,5,"Co,Fe,Mn,Ni,Si",2.4816;2.4816;2.4816;2.4891;2.4891;2.4891;2.5061;2.5061;2.5061;2.5065;2.5065;2.5065;2.5260;2.5260;2.5260;2.5290;2.5290;2.5290;2.5377;2.5377;2.5377;2.5578;2.5578;2.5578,8,3,"Co,Fe,Si",3.4553;3.4553;3.4795;3.4795;3.5230;3.5230;3.5331;3.5331
12,,,,,28,Co,"28.000000,0.004940,0.247294",1|16|24|8,1|4|5|3,4,1,1,Co,0.0475,16,4,"Co,Fe,Ni,Si",1.6483;1.6483;1.6924;1.6924;1.7491;1.7491;1.7617;1.7617;1.7702;1.7702;1.7784;1.7784;1.7979;1.7979;1.8142;1.8142,24,5,"Co,Fe,Mn,Ni,Si",2.4554;2.4554;2.4554;2.4742;2.4742;2.4742;2.4801;2.4801;2.4801;2.4948;2.4948;2.4948;2.5151;2.5151;2.5151;2.5179;2.5179;2.5179;2.5375;2.5375;2.5375;2.5581;2.5581;2.5581,8,3,"Co,Fe,Si",3.4682;3.4682;3.5077;3.5077;3.5168;3.5168;3.5395;3.5395
12,,,,,29,Co,"29.000000,0.002385,0.749048",1|16|24|8,1|4|5|2,4,1,1,Fe,0.1103,16,4,"Co,Fe,Mn,Ni",1.7430;1.7430;1.7434;1.7434;1.7500;1.7500;1.7649;1.7649;1.7882;1.7882;1.7905;1.7905;1.7967;1.7967;1.8320;1.8320,24,5,"Co,Fe,Mn,Ni,Si",2.3812;2.3812;2.3812;2.4626;2.4626;2.4626;2.4717;2.4717;2.4717;2.4920;2.4920;2.4920;2.4998;2.4998;2.4998;2.5217;2.5217;2.5217;2.5284;2.5284;2.5284;2.6259;2.6259;2.6259,8,2,"Co,Ni",3.5005;3.5005;3.5148;3.5148;3.5331;3.5331;3.5395;3.5395
12,,,,,30,Co,"30.000000,0.246251,-0.005993",1|16|24|8,1|3|4|4,4,1,1,Ni,0.0681,16,3,"Co,Fe,Ni",1.6227;1.6227;1.7089;1.7089;1.7165;1.7165;1.7507;1.7507;1.7720;1.7720;1.8002;1.8002;1.8699;1.8699;1.9106;1.9106,24,4,"Co,Fe,Ni,Si",2.4534;2.4534;2.4534;2.4626;2.4626;2.4626;2.4742;2.4742;2.4742;2.4848;2.4848;2.4848;2.4889;2.4889;2.4889;2.4891;2.4891;2.4891;2.5141;2.5141;2.5141;2.5543;2.5543;2.5543,8,4,"Fe,Mn,Ni,Si",3.4597;3.4597;3.5073;3.5073;3.5100;3.5100;3.5144;3.5144
12,,,,,31,Co,"31.000000,0.753562,0.751690",1|16|21|3,1|4|4|1,4,1,1,Mn,0.0880,16,4,"Co,Fe,Mn,Ni",1.6601;1.6601;1.7408;1.7408;1.7557;1.7557;1.7649;1.7649;1.7759;1.7759;1.7952;1.7952;1.8279;1.8279;1.8787;1.8787,21,4,"Co,Fe,Mn,Ni",2.4461;2.4461;2.4461;2.4756;2.4756;2.4756;2.4854;2.4854;2.4854;2.4993;2.4993;2.4993;2.5112;2.5112;2.5112;2.5246;2.5246;2.5246;2.5249;2.5249;2.5249,3,1,Ni,2.6274;2.6274;2.6274
13,,,,,0,B,"0.000000,0.751934,0.493980",1|2|12|4,1|1|3|2,4,1,1,Fe,0.2223,2,1,Fe,1.5621;1.5621,12,3,"Co,Fe,Ni",1.6651;1.6651;1.7475;1.7475;1.7820;1.7820;1.8779;1.8779;1.8841;1.8841;1.9203;1.9203,4,2,"Co,P",2.0553;2.0553;2.1381;2.1381
13,,,,,1,P,"1.000000,0.485787,0.757130",1|2|6|8,1|1|3|3,4,1,1,Fe,0.3245,2,1,Ni,1.6366;1.6366,6,3,"Co,Fe,Ni",1.7846;1.7846;1.7924;1.7924;1.7938;1.7938,8,3,"Co,Fe,P",1.8993;1.8993;1.9166;1.9166;1.9374;1.9374;1.9555;1.9555
13,,,,,2,P,"2.000000,0.763674,0.771468",1|4|6|6,1|2|3|3,4,1,1,Co,0.1355,4,2,"Co,Fe",1.5279;1.5279;1.5330;1.5330,6,3,"Co,Fe,Ni",1.6849;1.6849;1.7031;1.7031;1.7156;1.7156,6,3,"B,Fe,P",1.8656;1.8656;1.9555;1.9555;2.0553;2.0553
13,,,,,3,Fe,"3.000000,0.529953,0.504115",1|4|4|8,1|2|2|2,4,1,1,Co,0.2253,4,2,"B,Fe",1.4623;1.4623;1.5621;1.5621,4,2,"Fe,Ni",1.7223;1.7223;1.7819;1.7819,8,2,"Fe,P",1.8993;1.8993;1.9060;1.9060;1.9537;1.9537;1.9794;1.9794
13,,,,,4,Fe,"4.000000,-0.025637,0.718490",1|8|2|2,1|3|1|1,4,1,1,Co,0.3268,8,3,"Co,Ni,P",1.5194;1.5194;1.5330;1.5330;1.5865;1.5865;1.6659;1.6659,2,1,Fe,1.8274;1.8274,2,1,Ni,1.9681;1.9681
13,,,,,5,Fe,"5.000000,0.526609,0.736764",1|8|6|2,1|3|2|1,4,1,1,P,0.3245,8,3,"Co,Fe,P",1.6543;1.6543;1.6849;1.6849;1.7223;1.7223;1.7740;1.7740,6,2,"Co,Ni",1.9199;1.9199;1.9516;1.9516;1.9539;1.9539,2,1,Fe,2.0755;2.0755
13,,,,,6,Fe,"6.000000,0.500185,0.241590",1|12|4|23,1|3|2|4,4,1,1,Ni,0.2400,12,3,"Co,Fe,Ni",1.7350;1.7350;1.7488;1.7488;1.7692;1.7692;1.7709;1.7709;1.7939;1.7939;1.7955;1.7955,4,2,"Co,Fe",1.9017;1.9017;1.9537;1.9537,23,4,"B,Co,Fe,Ni",2.4829;2.4829;2.5007;2.5007;2.5007;2.5299;2.5299;2.5299;2.5594;2.5594;2.5594;2.5688;2.5688;2.5688;2.5725;2.5725;2.5725;2.5920;2.5920;2.5920;2.6496;2.6496;2.6496
13,,,,,7,Fe,"7.000000,0.235736,0.018342",1|12|4|3,1|2|2|1,4,1,1,Ni,0.2756,12,2,"Co,Ni",1.6225;1.6225;1.6599;1.6599;1.7164;1.7164;1.7740;1.7740;1.8484;1.8484;1.8550;1.8550,4,2,"Fe,Ni",1.9599;1.9599;2.0573;2.0573,3,1,Co,2.3737;2.3737;2.3737
13,,,,,8,Fe,"8.000000,0.248917,0.485568",1|16|22|6,1|3|4|2,4,1,1,Fe,0.1633,16,3,"Co,Fe,Ni",1.6865;1.6865;1.7453;1.7453;1.7468;1.7468;1.7558;1.7558;1.8351;1.8351;1.8906;1.8906;1.9794;1.9794;1.9877;1.9877,22,4,"Co,Fe,Ni,P",2.4861;2.4861;2.5089;2.5089;2.5089;2.5299;2.5299;2.5299;2.5503;2.5503;2.5917;2.5917;2.5917;2.6000;2.6000;2.6000;2.6057;2.6057;2.6057;2.6911;2.6911;2.6911,6,2,"B,Fe",3.4416;3.4416;3.4593;3.4593;3.4934;3.4934
13,,,,,9,Fe,"9.000000,0.258756,0.505588",1|16|22|2,1|3|4|1,4,1,1,Fe,0.1633,16,3,"Co,Fe,Ni",1.6854;1.6854;1.7427;1.7427;1.8158;1.8158;1.8357;1.8357;1.8458;1.8458;1.8938;1.8938;1.8984;1.8984;1.9060;1.9060,22,4,"Co,Fe,Ni,P",2.4481;2.4481;2.4481;2.5378;2.5378;2.5378;2.5398;2.5398;2.5398;2.5492;2.5492;2.5920;2.5920;2.5920;2.5981;2.5981;2.5981;2.6303;2.6303;2.6632;2.6632;2.6632,2,1,Fe,3.3650;3.3650
13,,,,,10,Fe,"10.000000,0.737354,0.520584",1|2|10|9,1|1|3|2,4,1,1,B,0.2223,2,1,Fe,1.4623;1.4623,10,3,"Co,Ni,P",1.6865;1.6865;1.7302;1.7302;1.7703;1.7703;1.8603;1.8603;1.8656;1.8656,9,2,"Co,Fe",2.0760;2.0760;2.0840;2.0840;2.1839;2.1839;2.1839;2.2146;2.2146
13,,,,,11,Fe,"11.000000,0.747049,0.240299",1|4|6|4,1|2|3|2,4,1,1,Co,0.0365,4,2,"Co,Ni",1.5560;1.5560;1.5667;1.5667,6,3,"Co,Fe,Ni",1.7350;1.7350;1.7574;1.7574;1.7715;1.7715,4,2,"B,Co",1.8779;1.8779;1.9618;1.9618
13,,,,,12,Fe,"12.000000,0.231873,0.753569",1|2|8|6,1|1|3|1,4,1,1,Ni,0.1784,2,1,Co,1.5826;1.5826,8,3,"Fe,Ni,P",1.7640;1.7640;1.7846;1.7846;1.8274;1.8274;1.8458;1.8458,6,1,Fe,1.9599;1.9599;1.9877;1.9877;2.0755;2.0755
13,,,,,13,Ni,"13.000000,0.005946,-0.003521",1|12|2|2,1|3|1|1,4,1,1,Co,0.0833,12,3,"Co,Fe,Ni",1.6225;1.6225;1.7002;1.7002;1.7964;1.7964;1.8220;1.8220;1.8373;1.8373;1.9312;1.9312,2,1,Fe,2.0688;2.0688,2,1,Co,2.1703;2.1703
13,,,,,14,Ni,"14.000000,0.498839,-0.000984",1|4|12|23,1|2|3|4,4,1,1,Co,0.0067,4,2,"Co,Ni",1.6480;1.6480;1.6693;1.6693,12,3,"Fe,Ni,P",1.7924;1.7924;1.7955;1.7955;1.8550;1.8550;1.8642;1.8642;1.9516;1.9516;1.9653;1.9653,23,4,"Co,Fe,Ni,P",2.4924;2.4924;2.4924;2.5131;2.5131;2.5131;2.5142;2.5142;2.5471;2.5471;2.5471;2.5691;2.5691;2.5691;2.5952;2.5952;2.5952;2.6018;2.6018;2.6018;2.6074;2.6074;2.6074
13,,,,,15,Ni,"15.000000,-0.011368,0.504626",1|6|10|24,1|3|2|4,4,1,1,Ni,0.1109,6,3,"B,Co,Fe",1.5865;1.5865;1.6222;1.6222;1.6651;1.6651,10,2,"Co,Fe",1.7703;1.7703;1.8226;1.8226;1.8351;1.8351;1.8984;1.8984;1.9262;1.9262,24,4,"Co,Fe,Ni,P",2.4406;2.4406;2.4406;2.5094;2.5094;2.5094;2.5339;2.5339;2.5339;2.5502;2.5502;2.5502;2.5678;2.5678;2.5678;2.5863;2.5863;2.5863;2.5907;2.5907;2.5907;2.6446;2.6446;2.6446
13,,,,,16,Ni,"16.000000,0.000589,0.494883",1|2|14|24,1|1|3|4,4,1,1,Ni,0.1109,2,1,Co,1.5622;1.5622,14,3,"B,Co,Fe",1.6659;1.6659;1.7468;1.7468;1.7475;1.7475;1.8158;1.8158;1.8531;1.8531;1.8603;1.8603;1.8911;1.8911,24,4,"Co,Fe,Ni,P",2.4801;2.4801;2.4801;2.5076;2.5076;2.5076;2.5341;2.5341;2.5341;2.5407;2.5407;2.5407;2.5504;2.5504;2.5504;2.5694;2.5694;2.5694;2.5892;2.5892;2.5892;2.6430;2.6430;2.6430
13,,,,,17,Ni,"17.000000,0.525528,0.263399",1|4|4|8,1|2|2|2,4,1,1,Fe,0.2400,4,2,"Co,Fe",1.5667;1.5667;1.6031;1.6031,4,2,"Co,Fe",1.7512;1.7512;1.7819;1.7819,8,2,"Co,Ni",1.9280;1.9280;1.9432;1.9432;1.9643;1.9643;1.9653;1.9653
13,,,,,18,Ni,"18.000000,0.764095,0.001561",1|16|23|2,1|4|4|1,4,1,1,Co,0.2961,16,4,"Co,Fe,Ni,P",1.6571;1.6571;1.7002;1.7002;1.7031;1.7031;1.7629;1.7629;1.7715;1.7715;1.8377;1.8377;1.8642;1.8642;1.8707;1.8707,23,4,"Co,Fe,Ni,P",2.4282;2.4282;2.4282;2.5270;2.5270;2.5270;2.5284;2.5284;2.5667;2.5667;2.5667;2.5678;2.5678;2.5678;2.5702;2.5702;2.5702;2.5725;2.5725;2.5725;2.6600;2.6600;2.6600,2,1,Fe,3.3165;3.3165
13,,,,,19,Ni,"19.000000,0.261453,-0.009680",1|16|3|6,1|3|1|2,4,1,1,Fe,0.2756,16,3,"Co,Fe,Ni",1.6629;1.6629;1.6693;1.6693;1.7640;1.7640;1.7964;1.7964;1.8425;1.8425;1.8463;1.8463;1.9221;1.9221;1.9814;1.9814,3,1,P,2.3415;2.3415;2.3415,6,2,"Co,Fe",2.5007;2.5007;2.5007;2.5180;2.5180;2.5180
13,,,,,20,Ni,"20.000000,0.249071,0.257715",1|10|6|24,1|2|2|3,4,1,1,Co,0.0612,10,2,"Co,Fe",1.6865;1.6865;1.7692;1.7692;1.7733;1.7733;1.7740;1.7740;1.8357;1.8357,6,2,"Co,Ni",1.9432;1.9432;1.9814;1.9814;2.0216;2.0216,24,3,"Co,Fe,Ni",2.4801;2.4801;2.4801;2.4955;2.4955;2.4955;2.5523;2.5523;2.5523;2.5762;2.5762;2.5762;2.5907;2.5907;2.5907;2.5962;2.5962;2.5962;2.6018;2.6018;2.6018;2.6832;2.6832;2.6832
13,,,,,21,Ni,"21.000000,0.253476,0.740966",1|6|10|24,1|3|2|3,4,1,1,Fe,0.1784,6,3,"Co,Fe,P",1.6366;1.6366;1.7359;1.7359;1.7427;1.7427,10,2,"Fe,Ni",1.8463;1.8463;1.8906;1.8906;1.9199;1.9199;1.9681;1.9681;2.0573;2.0573,24,3,"Co,Fe,Ni",2.4909;2.4909;2.4909;2.5407;2.5407;2.5407;2.5502;2.5502;2.5502;2.5659;2.5659;2.5659;2.5691;2.5691;2.5691;2.5738;2.5738;2.5738;2.6212;2.6212;2.6212;2.6554;2.6554;2.6554
13,,,,,22,Co,"22.000000,-0.000140,0.006114",1|4|8|4,1|2|2|2,4,1,1,Ni,0.0833,4,2,"Fe,Ni",1.6571;1.6571;1.6599;1.6599,8,2,"Co,Ni",1.7649;1.7649;1.8425;1.8425;1.8940;1.8940;1.8955;1.8955,4,2,"Co,Fe",2.0938;2.0938;2.1359;2.1359
13,,,,,23,Co,"23.000000,0.497910,-0.000764",1|4|12|23,1|2|3|4,4,1,1,Ni,0.0067,4,2,"Co,Ni",1.6547;1.6547;1.6629;1.6629,12,3,"Fe,Ni,P",1.7938;1.7938;1.7939;1.7939;1.8484;1.8484;1.8707;1.8707;1.9539;1.9539;1.9643;1.9643,23,4,"Co,Fe,Ni,P",2.4958;2.4958;2.4958;2.5165;2.5165;2.5165;2.5201;2.5201;2.5414;2.5414;2.5414;2.5659;2.5659;2.5659;2.5962;2.5962;2.5962;2.6010;2.6010;2.6010;2.6038;2.6038;2.6038
13,,,,,24,Co,"24.000000,0.498430,0.498504",1|12|4|24,1|3|2|4,4,1,1,Fe,0.2253,12,3,"B,Fe,Ni",1.6854;1.6854;1.6865;1.6865;1.7512;1.7512;1.7558;1.7558;1.7740;1.7740;1.7820;1.7820,4,2,"Fe,P",1.9017;1.9017;1.9166;1.9166,24,4,"Co,Fe,Ni,P",2.4909;2.4909;2.4909;2.4955;2.4955;2.4955;2.5257;2.5257;2.5257;2.5937;2.5937;2.5937;2.6228;2.6228;2.6228;2.6362;2.6362;2.6362;2.6639;2.6639;2.6639;2.7445;2.7445;2.7445
13,,,,,25,Co,"25.000000,-0.036858,0.286726",1|8|10|3,1|3|3|1,4,1,1,Co,0.3936,8,3,"Co,Fe,Ni",1.5224;1.5224;1.5560;1.5560;1.5622;1.5622;1.6222;1.6222,10,3,"B,Co,Ni",2.0216;2.0216;2.0459;2.0459;2.0938;2.0938;2.1381;2.1381;2.1703;2.1703,3,1,Fe,2.3520;2.3520;2.3520
13,,,,,26,Co,"26.000000,-0.002916,0.244536",1|16|12|12,1|3|3|3,4,1,1,Co,0.3936,16,3,"Co,Fe,Ni",1.7216;1.7216;1.7574;1.7574;1.7649;1.7649;1.7733;1.7733;1.7884;1.7884;1.8373;1.8373;1.8531;1.8531;1.9262;1.9262,12,3,"B,Fe,Ni",2.3737;2.3737;2.3737;2.4282;2.4282;2.4282;2.5089;2.5089;2.5089;2.5294;2.5294;2.5294,12,3,"Co,Fe,Ni",2.6486;2.6486;2.6486;2.6632;2.6632;2.6632;2.7222;2.7222;2.7222;2.7443;2.7443;2.7443
13,,,,,27,Co,"27.000000,0.006696,0.750327",1|2|14|22,1|1|3|4,4,1,1,Fe,0.3268,2,1,Fe,1.5826;1.5826,14,3,"Co,Ni,P",1.7156;1.7156;1.7240;1.7240;1.7359;1.7359;1.8220;1.8220;1.8226;1.8226;1.8911;1.8911;1.8940;1.8940,22,4,"B,Co,Fe,Ni",2.5180;2.5180;2.5180;2.5270;2.5270;2.5270;2.5378;2.5378;2.5378;2.5404;2.5404;2.5506;2.5506;2.5506;2.5552;2.5552;2.6000;2.6000;2.6000;2.6046;2.6046;2.6046
13,,,,,28,Co,"28.000000,0.731961,-0.024408",1|2|6|8,1|1|2|3,4,1,1,Ni,0.2961,2,1,P,1.5279;1.5279,6,2,"Co,Ni",1.6480;1.6480;1.6547;1.6547;1.6591;1.6591,8,3,"Co,Fe,Ni",1.8955;1.8955;1.9312;1.9312;1.9576;1.9576;1.9618;1.9618
13,,,,,29,Co,"29.000000,0.752159,0.239432",1|4|6|4,1|2|3|2,4,1,1,Fe,0.0365,4,2,"Co,Ni",1.5224;1.5224;1.6031;1.6031,6,3,"Co,Fe,Ni",1.7216;1.7216;1.7629;1.7629;1.7709;1.7709,4,2,"B,Co",1.8841;1.8841;1.9576;1.9576
13,,,,,30,Co,"30.000000,0.251520,0.249795",1|8|6|2,1|2|2|1,4,1,1,Ni,0.0612,8,2,"Co,Fe",1.7164;1.7164;1.7453;1.7453;1.7488;1.7488;1.7884;1.7884,6,2,"Fe,Ni",1.8938;1.8938;1.9221;1.9221;1.9280;1.9280,2,1,Co,2.0459;2.0459
13,,,,,31,Co,"31.000000,0.761418,0.753287",1|2|8|6,1|1|2|3,4,1,1,P,0.1355,2,1,Fe,1.5194;1.5194,8,2,"Co,Fe",1.6543;1.6543;1.6591;1.6591;1.7240;1.7240;1.7302;1.7302,6,3,"B,Ni,P",1.8377;1.8377;1.9203;1.9203;1.9374;1.9374
14,,,,,0,Al,"0.000000,0.256413,-0.000848",5|8|8|17,2|2|3|3,4,5,2,"Al,Fe",0.0000;0.0000;0.0528;0.0528;0.0528,8,2,"Co,Fe",1.4809;1.4809;1.4953;1.4953;1.5105;1.5105;1.5271;1.5271,8,3,"Co,Fe,Ni",1.9629;1.9629;1.9690;1.9690;2.0163;2.0163;2.0309;2.0309,17,3,"Co,Fe,Ni",2.3789;2.3789;2.4252;2.4252;2.4325;2.4325;2.4615;2.4615;2.4655;2.4655;2.4893;2.4893;2.5247;2.5247;2.5613;2.5613;2.5613
14,,,,,1,Si,"1.000000,0.241824,0.504335",2|3|8|7,1|1|2|2,4,2,1,Si,0.0000;0.0000,3,1,Co,0.1132;0.1132;0.1132,8,2,"Co,Fe",1.4170;1.4170;1.4322;1.4322;1.4464;1.4464;1.4624;1.4624,7,2,"Fe,Ni",1.8873;1.9257;1.9257;1.9682;1.9682;1.9694;1.9694
14,,,,,2,Fe,"2.000000,-0.000834,0.006010",5|8|8|16,1|3|2|3,4,5,1,Fe,0.0000;0.0000;0.0550;0.0550;0.0550,8,3,"Co,Fe,Ni",1.4112;1.4112;1.4394;1.4394;1.4908;1.4908;1.5338;1.5338,8,2,"Al,Fe",1.9300;1.9300;1.9340;1.9340;1.9814;1.9814;2.0309;2.0309,16,3,"Co,Fe,Ni",2.4241;2.4241;2.4536;2.4536;2.4777;2.4777;2.4808;2.4808;2.4915;2.4915;2.4935;2.4935;2.5158;2.5158;2.5239;2.5239
14,,,,,3,Fe,"3.000000,-0.002014,0.493668",5|8|8|16,2|3|4|3,4,5,2,"Fe,Ni",0.0000;0.0000;0.0681;0.0681;0.0681,8,3,"Co,Fe,Ni",1.4314;1.4314;1.4605;1.4605;1.4789;1.4789;1.5230;1.5230,8,4,"Co,Fe,Ni,Si",1.9193;1.9193;1.9257;1.9257;2.0244;2.0244;2.0381;2.0381,16,3,"Co,Fe,Ni",2.4204;2.4204;2.4399;2.4399;2.4403;2.4403;2.4647;2.4647;2.4650;2.4650;2.4720;2.4720;2.4882;2.4882;2.5132;2.5132
14,,,,,4,Fe,"4.000000,0.000974,-0.003018",5|8|8|16,1|3|2|3,4,5,1,Fe,0.0000;0.0000;0.0550;0.0550;0.0550,8,3,"Co,Fe,Ni",1.4374;1.4374;1.4650;1.4650;1.4808;1.4808;1.4919;1.4919,8,2,"Al,Fe",1.9429;1.9429;1.9491;1.9491;1.9673;1.9673;2.0163;2.0163,16,3,"Co,Fe,Ni",2.4573;2.4573;2.4666;2.4666;2.4703;2.4703;2.4723;2.4723;2.4744;2.4744;2.4807;2.4807;2.5142;2.5142;2.5235;2.5235
14,,,,,5,Fe,"5.000000,-0.001523,0.745175",5|8|8|16,1|2|2|5,4,5,1,Fe,0.0000;0.0000;0.0601;0.0601;0.0601,8,2,"Fe,Ni",1.4224;1.4224;1.4789;1.4789;1.4808;1.4808;1.5338;1.5338,8,2,"Co,Fe",1.9511;1.9511;1.9630;1.9630;1.9983;1.9983;2.0192;2.0192,16,5,"Al,Co,Fe,Ni,Si",2.3866;2.3866;2.4120;2.4120;2.4420;2.4420;2.4668;2.4668;2.4842;2.4842;2.4968;2.4968;2.4988;2.4988;2.5247;2.5247
14,,,,,6,Fe,"6.000000,0.504397,0.737666",2|2|4|4,1|1|1|2,4,2,1,Fe,0.0000;0.0000,2,1,Fe,0.1535;0.1535,4,1,Ni,1.3699;1.3699;1.4041;1.4041,4,2,"Co,Ni",1.5496;1.5496;1.5535;1.5535
14,,,,,7,Fe,"7.000000,0.506615,0.240724",2|2|4|4,1|1|2|1,4,2,1,Fe,0.0000;0.0000,2,1,Co,0.2109;0.2109,4,2,"Co,Ni",1.4046;1.4046;1.4085;1.4085,4,1,Ni,1.5269;1.5269;1.5608;1.5608
14,,,,,8,Fe,"8.000000,0.003747,0.752564",5|8|8|17,1|2|2|5,4,5,1,Fe,0.0000;0.0000;0.0601;0.0601;0.0601,8,2,"Fe,Ni",1.4374;1.4374;1.4655;1.4655;1.4908;1.4908;1.5230;1.5230,8,2,"Co,Fe",1.9572;1.9572;1.9778;1.9778;1.9934;1.9934;2.0045;2.0045,17,5,"Al,Co,Fe,Ni,Si",2.3797;2.3797;2.4196;2.4196;2.4374;2.4374;2.4655;2.4655;2.4729;2.4729;2.4914;2.4914;2.5016;2.5016;2.5431;2.5431;2.5431
14,,,,,9,Fe,"9.000000,0.501331,0.763449",2|2|4|4,1|1|2|1,4,2,1,Fe,0.0000;0.0000,2,1,Fe,0.1535;0.1535,4,2,"Co,Ni",1.3984;1.3984;1.4022;1.4022,4,1,Ni,1.5197;1.5197;1.5539;1.5539
14,,,,,10,Fe,"10.000000,0.250176,0.002410",5|8|8|16,2|2|3|3,4,5,2,"Al,Fe",0.0000;0.0000;0.0528;0.0528;0.0528,8,2,"Co,Fe",1.4900;1.4900;1.5003;1.5003;1.5078;1.5078;1.5140;1.5140,8,3,"Co,Fe,Ni",1.9673;1.9673;1.9814;1.9814;2.0121;2.0121;2.0182;2.0182,16,3,"Co,Fe,Ni",2.4107;2.4107;2.4301;2.4301;2.4374;2.4374;2.4504;2.4504;2.4617;2.4617;2.4968;2.4968;2.5099;2.5099;2.5399;2.5399
14,,,,,11,Fe,"11.000000,0.754846,-0.007300",5|8|8|14,1|3|3|3,4,5,1,Fe,0.0000;0.0000;0.0823;0.0823;0.0823,8,3,"Co,Fe,Ni",1.4276;1.4276;1.4649;1.4649;1.4717;1.4717;1.5215;1.5215,8,3,"Co,Fe,Ni",1.9300;1.9300;1.9429;1.9429;1.9659;1.9659;1.9721;1.9721,14,3,"Co,Fe,Ni",2.3713;2.3713;2.4120;2.4120;2.4126;2.4126;2.4196;2.4196;2.4428;2.4428;2.4811;2.4811;2.5025;2.5025
14,,,,,12,Fe,"12.000000,0.754143,0.006672",5|8|8|16,1|3|3|3,4,5,1,Fe,0.0000;0.0000;0.0823;0.0823;0.0823,8,3,"Co,Fe,Ni",1.3894;1.3894;1.4391;1.4391;1.5096;1.5096;1.5469;1.5469,8,3,"Co,Fe,Ni",1.9340;1.9340;1.9491;1.9491;1.9600;1.9600;1.9660;1.9660,16,3,"Co,Fe,Ni",2.3250;2.3250;2.3901;2.3901;2.4549;2.4549;2.4581;2.4581;2.4668;2.4668;2.4729;2.4729;2.5273;2.5273;2.5947;2.5947
14,,,,,13,Fe,"13.000000,0.754855,0.489130",2|3|8|4,1|1|3|2,4,2,1,Fe,0.0000;0.0000,3,1,Ni,0.1480;0.1480;0.1480,8,3,"Co,Fe,Ni",1.4033;1.4033;1.4495;1.4495;1.4968;1.4968;1.5346;1.5346,4,2,"Fe,Ni",1.9193;1.9193;1.9583;1.9583
14,,,,,14,Fe,"14.000000,0.248200,0.255786",5|8|4|4,2|4|1|2,4,5,2,"Co,Fe",0.0000;0.0000;0.0407;0.0407;0.0407,8,4,"Al,Co,Fe,Si",1.4088;1.4088;1.4624;1.4624;1.4900;1.4900;1.5105;1.5105,4,1,Co,1.9033;1.9033;1.9050;1.9050,4,2,"Fe,Ni",2.0417;2.0417;2.0477;2.0477
14,,,,,15,Fe,"15.000000,0.749804,0.750008",5|8|8|16,2|2|1|3,4,5,2,"Co,Fe",0.0000;0.0000;0.0393;0.0393;0.0393,8,2,"Fe,Ni",1.4276;1.4276;1.4470;1.4470;1.5096;1.5096;1.5346;1.5346,8,1,Fe,1.9384;1.9384;1.9629;1.9629;1.9630;1.9630;2.0045;2.0045,16,3,"Co,Fe,Ni",2.4270;2.4270;2.4342;2.4342;2.4573;2.4573;2.4678;2.4678;2.4720;2.4720;2.4777;2.4777;2.4961;2.4961;2.5171;2.5171
14,,,,,16,Fe,"16.000000,0.251647,0.744944",5|8|8|16,2|4|1|3,4,5,2,"Co,Fe",0.0000;0.0000;0.0251;0.0251;0.0251,8,4,"Al,Co,Fe,Si",1.4170;1.4170;1.4687;1.4687;1.4953;1.4953;1.5140;1.5140,8,1,Fe,1.9572;1.9572;1.9738;1.9738;1.9955;1.9955;1.9983;1.9983,16,3,"Co,Fe,Ni",2.3590;2.3590;2.3785;2.3785;2.4244;2.4244;2.4723;2.4723;2.4882;2.4882;2.5066;2.5066;2.5091;2.5091;2.5158;2.5158
14,,,,,17,Ni,"17.000000,0.505859,0.001192",5|4|4|8,2|1|2|2,4,5,2,"Co,Ni",0.0000;0.0000;0.0072;0.0072;0.0072,4,1,Fe,1.3984;1.3984;1.4085;1.4085,4,2,"Co,Fe",1.5496;1.5496;1.5750;1.5750,8,2,"Al,Fe",1.9600;1.9600;1.9659;1.9659;1.9690;1.9690;2.0182;2.0182
14,,,,,18,Ni,"18.000000,0.491335,0.505359",5|4|4|5,1|2|1|3,4,5,1,Ni,0.0000;0.0000;0.0342;0.0342;0.0342,4,2,"Co,Fe",1.3699;1.3699;1.3951;1.3951,4,1,Fe,1.5197;1.5197;1.5608;1.5608,5,3,"Co,Ni,Si",1.8707;1.9619;1.9619;1.9694;1.9694
14,,,,,19,Ni,"19.000000,0.002726,0.503349",5|8|7|16,2|3|4|3,4,5,2,"Fe,Ni",0.0000;0.0000;0.0681;0.0681;0.0681,8,3,"Co,Fe,Ni",1.4224;1.4224;1.4655;1.4655;1.4869;1.4869;1.5196;1.5196,7,4,"Co,Fe,Ni,Si",1.8873;1.9583;1.9583;1.9876;1.9876;2.0746;2.0746,16,3,"Co,Fe,Ni",2.4237;2.4237;2.4244;2.4244;2.4364;2.4364;2.4426;2.4426;2.4494;2.4494;2.4678;2.4678;2.5286;2.5286;2.5288;2.5288
14,,,,,20,Ni,"20.000000,0.491157,0.499551",5|4|4|5,1|2|1|3,4,5,1,Ni,0.0000;0.0000;0.0342;0.0342;0.0342,4,2,"Co,Fe",1.3610;1.3610;1.4041;1.4041,4,1,Fe,1.5269;1.5269;1.5539;1.5539,5,3,"Co,Ni,Si",1.8685;1.9635;1.9635;1.9682;1.9682
14,,,,,21,Ni,"21.000000,-0.011121,0.245595",2|3|8|4,1|1|2|2,4,2,1,Ni,0.0000;0.0000,3,1,Co,0.1467;0.1467;0.1467,8,2,"Fe,Ni",1.4112;1.4112;1.4605;1.4605;1.4650;1.4650;1.5196;1.5196,4,2,"Co,Ni",1.9029;1.9029;1.9385;1.9385
14,,,,,22,Ni,"22.000000,0.739895,0.504291",2|3|8|8,1|1|3|2,4,2,1,Ni,0.0000;0.0000,3,1,Fe,0.1480;0.1480;0.1480,8,3,"Co,Fe,Ni",1.4102;1.4102;1.4470;1.4470;1.4898;1.4898;1.5389;1.5389,8,2,"Fe,Ni",1.9619;1.9619;1.9635;1.9635;2.0381;2.0381;2.0746;2.0746
14,,,,,23,Ni,"23.000000,0.747801,0.242803",5|8|4|4,2|2|2|1,4,5,2,"Co,Ni",0.0000;0.0000;0.0597;0.0597;0.0597,8,2,"Fe,Ni",1.3894;1.3894;1.4495;1.4495;1.4717;1.4717;1.5389;1.5389,4,2,"Fe,Ni",1.9029;1.9029;1.9038;1.9038,4,1,Co,2.0453;2.0453;2.0472;2.0472
14,,,,,24,Co,"24.000000,0.505093,0.001859",5|4|4|8,2|1|2|2,4,5,2,"Co,Ni",0.0000;0.0000;0.0072;0.0072;0.0072,4,1,Fe,1.4022;1.4022;1.4046;1.4046,4,2,"Co,Fe",1.5535;1.5535;1.5706;1.5706,8,2,"Al,Fe",1.9629;1.9629;1.9660;1.9660;1.9721;1.9721;2.0121;2.0121
14,,,,,25,Co,"25.000000,0.007098,0.250561",2|3|8|4,1|1|2|2,4,2,1,Co,0.0000;0.0000,3,1,Ni,0.1467;0.1467;0.1467,8,2,"Fe,Ni",1.4314;1.4314;1.4394;1.4394;1.4869;1.4869;1.4919;1.4919,4,2,"Co,Fe",1.9033;1.9033;1.9403;1.9403
14,,,,,26,Co,"26.000000,0.489369,0.268117",2|2|4|4,1|1|1|2,4,2,1,Co,0.0000;0.0000,2,1,Fe,0.2109;0.2109,4,1,Ni,1.3610;1.3610;1.3951;1.3951,4,2,"Co,Ni",1.5706;1.5706;1.5750;1.5750
14,,,,,27,Co,"27.000000,0.254458,0.495214",2|3|8|2,1|1|2|1,4,2,1,Co,0.0000;0.0000,3,1,Si,0.1132;0.1132;0.1132,8,2,"Co,Fe",1.3902;1.3902;1.4088;1.4088;1.4687;1.4687;1.4825;1.4825,2,1,Ni,1.8685;1.8707
14,,,,,28,Co,"28.000000,0.254286,0.747322",5|8|8|16,2|4|1|3,4,5,2,"Co,Fe",0.0000;0.0000;0.0251;0.0251;0.0251,8,4,"Al,Co,Fe,Si",1.4322;1.4322;1.4809;1.4809;1.4825;1.4825;1.5003;1.5003,8,1,Fe,1.9523;1.9523;1.9750;1.9750;1.9778;1.9778;2.0192;2.0192,16,3,"Co,Fe,Ni",2.3508;2.3508;2.3705;2.3705;2.4494;2.4494;2.4807;2.4807;2.4816;2.4816;2.4840;2.4840;2.5132;2.5132;2.5239;2.5239
14,,,,,29,Co,"29.000000,0.252838,0.258804",5|8|7|16,2|4|3|3,4,5,2,"Co,Fe",0.0000;0.0000;0.0407;0.0407;0.0407,8,4,"Al,Co,Fe,Si",1.3902;1.3902;1.4464;1.4464;1.5078;1.5078;1.5271;1.5271,7,3,"Co,Fe,Ni",1.8678;1.9403;1.9403;2.0059;2.0059;2.0849;2.0849,16,3,"Co,Fe,Ni",2.3541;2.3541;2.3759;2.3759;2.4403;2.4403;2.4426;2.4426;2.4935;2.4935;2.4997;2.4997;2.5069;2.5069;2.5142;2.5142
14,,,,,30,Co,"30.000000,0.743318,0.250978",5|8|7|16,2|2|3|3,4,5,2,"Co,Ni",0.0000;0.0000;0.0597;0.0597;0.0597,8,2,"Fe,Ni",1.4033;1.4033;1.4391;1.4391;1.4898;1.4898;1.5215;1.5215,7,3,"Co,Fe,Ni",1.8693;1.9385;1.9385;2.0070;2.0070;2.0821;2.0821,16,3,"Co,Fe,Ni",2.3811;2.3811;2.3834;2.3834;2.4650;2.4650;2.4696;2.4696;2.4808;2.4808;2.4889;2.4889;2.5235;2.5235;2.5286;2.5286
14,,,,,31,Co,"31.000000,0.751287,0.743629",5|8|8|16,2|2|1|3,4,5,2,"Co,Fe",0.0000;0.0000;0.0393;0.0393;0.0393,8,2,"Fe,Ni",1.4102;1.4102;1.4649;1.4649;1.4968;1.4968;1.5469;1.5469,8,1,Fe,1.9491;1.9491;1.9511;1.9511;1.9764;1.9764;1.9934;1.9934,16,3,"Co,Fe,Ni",2.4364;2.4364;2.4399;2.4399;2.4592;2.4592;2.4664;2.4664;2.4703;2.4703;2.4844;2.4844;2.4915;2.4915;2.5049;2.5049
15,,,,,0,V,"0.000000,-0.019584,0.007097",1|4|10|2,1|1|2|1,4,1,1,Ni,0.1503,4,1,Ni,1.6415;1.6415;1.6454;1.6454,10,2,"Co,Fe",1.7734;1.7734;1.7830;1.7830;1.8401;1.8401;1.8499;1.8499;1.8951;1.8951,2,1,V,1.9988;1.9988
15,,,,,1,V,"1.000000,0.256229,-0.000252",1|14|2|24,1|4|1|4,4,1,1,Co,0.1079,14,4,"Fe,Nb,Ni,V",1.7532;1.7532;1.7599;1.7599;1.7737;1.7737;1.8279;1.8279;1.8383;1.8383;1.8699;1.8699;1.8744;1.8744,2,1,V,1.9988;1.9988,24,4,"Co,Fe,Nb,Ni",2.4795;2.4795;2.4795;2.5208;2.5208;2.5208;2.5227;2.5227;2.5227;2.5841;2.5841;2.5841;2.6141;2.6141;2.6141;2.6289;2.6289;2.6289;2.6360;2.6360;2.6360;2.6537;2.6537;2.6537
15,,,,,2,V,"2.000000,0.220539,0.240377",1|12|4|12,1|4|2|3,4,1,1,Fe,0.1721,12,4,"Co,Fe,Ni,V",1.6214;1.6214;1.6653;1.6653;1.7094;1.7094;1.7532;1.7532;1.8224;1.8224;1.8490;1.8490,4,2,"Nb,Ni",2.0266;2.0266;2.0483;2.0483,12,3,"Fe,Ni,V",2.3960;2.3960;2.3960;2.4217;2.4217;2.4217;2.4629;2.4629;2.4629;2.5466;2.5466;2.5466
15,,,,,3,Fe,"3.000000,-0.004491,0.512192",1|16|24|8,1|3|5|4,4,1,1,Ni,0.1053,16,3,"Co,Fe,Ni",1.6905;1.6905;1.7191;1.7191;1.7319;1.7319;1.7481;1.7481;1.7806;1.7806;1.7839;1.7839;1.8599;1.8599;1.8717;1.8717,24,5,"Co,Fe,Nb,Ni,V",2.4318;2.4318;2.4318;2.4551;2.4551;2.4551;2.5172;2.5172;2.5172;2.5190;2.5190;2.5190;2.5466;2.5466;2.5466;2.5544;2.5544;2.5544;2.5765;2.5765;2.5765;2.5815;2.5815;2.5815,8,4,"Co,Nb,Ni,V",3.4824;3.4824;3.5355;3.5355;3.5689;3.5689;3.5710;3.5710
15,,,,,4,Fe,"4.000000,-0.002959,0.252529",1|16|24|8,1|4|3|4,4,1,1,Co,0.0450,16,4,"Co,Fe,Ni,V",1.6214;1.6214;1.6924;1.6924;1.7370;1.7370;1.7656;1.7656;1.7665;1.7665;1.7734;1.7734;1.8541;1.8541;1.8717;1.8717,24,3,"Co,Ni,V",2.4721;2.4721;2.4721;2.4764;2.4764;2.4764;2.4943;2.4943;2.4943;2.5184;2.5184;2.5184;2.5346;2.5346;2.5346;2.5396;2.5396;2.5396;2.5699;2.5699;2.5699;2.6141;2.6141;2.6141,8,4,"Co,Fe,Nb,Ni",3.5792;3.5792;3.5907;3.5907;3.6002;3.6002;3.6035;3.6035
15,,,,,5,Fe,"5.000000,-0.009684,0.750634",1|16|24|2,1|4|3|1,4,1,1,Co,0.0605,16,4,"Fe,Nb,Ni,V",1.6892;1.6892;1.7073;1.7073;1.7191;1.7191;1.7645;1.7645;1.8244;1.8244;1.8376;1.8376;1.8499;1.8499;1.9439;1.9439,24,3,"Co,Ni,V",2.4352;2.4352;2.4352;2.4422;2.4422;2.4422;2.4574;2.4574;2.4574;2.4810;2.4810;2.4810;2.5810;2.5810;2.5810;2.5839;2.5839;2.5839;2.5960;2.5960;2.5960;2.6360;2.6360;2.6360,2,1,Fe,3.3935;3.3935
15,,,,,6,Fe,"6.000000,0.521908,0.750851",1|14|2|12,1|3|1|2,4,1,1,Ni,0.1219,14,3,"Co,Nb,Ni",1.6865;1.6865;1.7048;1.7048;1.7106;1.7106;1.7806;1.7806;1.7865;1.7865;1.8286;1.8286;1.9102;1.9102,2,1,Ni,2.0144;2.0144,12,2,"Co,Ni",2.4273;2.4273;2.4273;2.4359;2.4359;2.4359;2.4577;2.4577;2.4577;2.4943;2.4943;2.4943
15,,,,,7,Fe,"7.000000,0.763762,0.240572",1|8|8|3,1|3|3|1,4,1,1,Co,0.0908,8,3,"Co,Fe,Ni",1.6498;1.6498;1.6924;1.6924;1.7385;1.7385;1.7861;1.7861,8,3,"Co,Nb,Ni",1.8875;1.8875;1.8899;1.8899;1.9109;1.9109;1.9158;1.9158,3,1,V,2.2992;2.2992;2.2992
15,,,,,8,Fe,"8.000000,0.240745,0.252887",1|16|24|8,1|5|5|4,4,1,1,V,0.1721,16,5,"Co,Fe,Nb,Ni,V",1.7262;1.7262;1.7525;1.7525;1.7656;1.7656;1.7928;1.7928;1.8089;1.8089;1.8279;1.8279;1.8793;1.8793;1.9049;1.9049,24,5,"Co,Fe,Nb,Ni,V",2.4973;2.4973;2.4973;2.5619;2.5619;2.5619;2.5765;2.5765;2.5765;2.5900;2.5900;2.5900;2.6202;2.6202;2.6202;2.6354;2.6354;2.6354;2.6750;2.6750;2.6750;2.6767;2.6767;2.6767,8,4,"Co,Fe,Nb,Ni",3.4569;3.4569;3.5025;3.5025;3.5163;3.5163;3.5822;3.5822
15,,,,,9,Ni,"9.000000,-0.002447,-0.004698",1|16|24|8,1|4|5|2,4,1,1,V,0.1503,16,4,"Co,Fe,Ni,V",1.7506;1.7506;1.7624;1.7624;1.7645;1.7645;1.7688;1.7688;1.7721;1.7721;1.8541;1.8541;1.8668;1.8668;1.8744;1.8744,24,5,"Co,Fe,Nb,Ni,V",2.3960;2.3960;2.3960;2.4461;2.4461;2.4461;2.4596;2.4596;2.4596;2.4801;2.4801;2.4801;2.5088;2.5088;2.5088;2.5348;2.5348;2.5348;2.5619;2.5619;2.5619;2.6340;2.6340;2.6340,8,2,"Fe,Ni",3.4824;3.4824;3.5325;3.5325;3.5876;3.5876;3.5971;3.5971
15,,,,,10,Ni,"10.000000,0.501042,-0.002985",1|16|24|4,1|5|5|2,4,1,1,Ni,0.0655,16,5,"Co,Fe,Nb,Ni,V",1.7326;1.7326;1.7410;1.7410;1.7737;1.7737;1.7806;1.7806;1.8170;1.8170;1.8287;1.8287;1.8350;1.8350;1.8774;1.8774,24,5,"Co,Fe,Nb,Ni,V",2.5457;2.5457;2.5457;2.5500;2.5500;2.5500;2.5541;2.5541;2.5541;2.5682;2.5682;2.5682;2.5917;2.5917;2.5917;2.6116;2.6116;2.6116;2.6354;2.6354;2.6354;2.6822;2.6822;2.6822,4,2,"Nb,V",3.4738;3.4738;3.4790;3.4790
15,,,,,11,Ni,"11.000000,0.509968,-0.001578",1|14|2|24,1|4|1|5,4,1,1,Ni,0.0655,14,4,"Fe,Nb,Ni,V",1.7229;1.7229;1.7512;1.7512;1.7639;1.7639;1.7705;1.7705;1.7865;1.7865;1.8081;1.8081;1.8383;1.8383,2,1,Co,1.9418;1.9418,24,5,"Co,Fe,Nb,Ni,V",2.5062;2.5062;2.5062;2.5297;2.5297;2.5297;2.5375;2.5375;2.5375;2.5587;2.5587;2.5587;2.6045;2.6045;2.6045;2.6064;2.6064;2.6064;2.6750;2.6750;2.6750;2.7249;2.7249;2.7249
15,,,,,12,Ni,"12.000000,-0.003703,0.497601",1|16|24|8,1|3|5|4,4,1,1,Fe,0.1053,16,3,"Co,Fe,Ni",1.6951;1.6951;1.7542;1.7542;1.7549;1.7549;1.7665;1.7665;1.7697;1.7697;1.7746;1.7746;1.8244;1.8244;1.8370;1.8370,24,5,"Co,Fe,Nb,Ni,V",2.4629;2.4629;2.4629;2.4818;2.4818;2.4818;2.4973;2.4973;2.4973;2.5064;2.5064;2.5064;2.5102;2.5102;2.5102;2.5349;2.5349;2.5349;2.5848;2.5848;2.5848;2.5879;2.5879;2.5879,8,4,"Co,Nb,Ni,V",3.5377;3.5377;3.5395;3.5395;3.5785;3.5785;3.5876;3.5876
15,,,,,13,Ni,"13.000000,0.505729,0.755528",1|16|24|8,1|3|3|4,4,1,1,Fe,0.1219,16,3,"Co,Nb,Ni",1.7385;1.7385;1.7410;1.7410;1.7512;1.7512;1.7949;1.7949;1.8044;1.8044;1.8217;1.8217;1.8593;1.8593;1.8970;1.8970,24,3,"Co,Ni,V",2.4868;2.4868;2.4868;2.5156;2.5156;2.5156;2.5208;2.5208;2.5208;2.5419;2.5419;2.5419;2.6008;2.6008;2.6008;2.6174;2.6174;2.6174;2.6803;2.6803;2.6803;2.7025;2.7025;2.7025,8,4,"Co,Fe,Nb,Ni",3.4732;3.4732;3.5108;3.5108;3.5578;3.5578;3.5698;3.5698
15,,,,,14,Ni,"14.000000,0.500119,0.249086",1|14|2|24,1|4|1|3,4,1,1,Nb,0.0875,14,4,"Co,Fe,Nb,Ni",1.7922;1.7922;1.8081;1.8081;1.8170;1.8170;1.8633;1.8633;1.8793;1.8793;1.9109;1.9109;1.9123;1.9123,2,1,V,2.0266;2.0266,24,3,"Co,Ni,V",2.5227;2.5227;2.5227;2.5669;2.5669;2.5669;2.5691;2.5691;2.5691;2.5741;2.5741;2.5741;2.5832;2.5832;2.5832;2.6051;2.6051;2.6051;2.6150;2.6150;2.6150;2.6393;2.6393;2.6393
15,,,,,15,Ni,"15.000000,0.754306,-0.007008",1|16|24|8,1|4|4|3,4,1,1,Ni,0.0483,16,4,"Co,Fe,Ni,V",1.6415;1.6415;1.7172;1.7172;1.7624;1.7624;1.7685;1.7685;1.7705;1.7705;1.7861;1.7861;1.8350;1.8350;1.8626;1.8626,24,4,"Co,Fe,Nb,Ni",2.4273;2.4273;2.4273;2.4422;2.4422;2.4422;2.4748;2.4748;2.4748;2.4868;2.4868;2.4868;2.5297;2.5297;2.5297;2.5493;2.5493;2.5493;2.5699;2.5699;2.5699;2.6051;2.6051;2.6051,8,3,"Co,Ni,V",3.5089;3.5089;3.5341;3.5341;3.5342;3.5342;3.6087;3.6087
15,,,,,16,Ni,"16.000000,0.240524,0.492362",1|16|24|8,1|5|4|3,4,1,1,Co,0.0268,16,5,"Co,Fe,Nb,Ni,V",1.7262;1.7262;1.7697;1.7697;1.7806;1.7806;1.7925;1.7925;1.8224;1.8224;1.9000;1.9000;1.9056;1.9056;1.9364;1.9364,24,4,"Co,Fe,Nb,Ni",2.4721;2.4721;2.4721;2.4949;2.4949;2.4949;2.5647;2.5647;2.5647;2.5691;2.5691;2.5691;2.5960;2.5960;2.5960;2.6436;2.6436;2.6436;2.7025;2.7025;2.7025;2.7643;2.7643;2.7643,8,3,"Co,Ni,V",3.4648;3.4648;3.5190;3.5190;3.5238;3.5238;3.5525;3.5525
15,,,,,17,Ni,"17.000000,0.754302,0.506201",1|16|24|8,1|4|4|2,4,1,1,Co,0.0635,16,4,"Co,Fe,Nb,Ni",1.7404;1.7404;1.7481;1.7481;1.7542;1.7542;1.7875;1.7875;1.7919;1.7919;1.8243;1.8243;1.8369;1.8369;1.9158;1.9158,24,4,"Co,Fe,Nb,Ni",2.4359;2.4359;2.4359;2.4574;2.4574;2.4574;2.4960;2.4960;2.4960;2.5082;2.5082;2.5082;2.5346;2.5346;2.5346;2.5419;2.5419;2.5419;2.6150;2.6150;2.6150;2.6601;2.6601;2.6601,8,2,"Co,Ni",3.5089;3.5089;3.5238;3.5238;3.5285;3.5285;3.5568;3.5568
15,,,,,18,Ni,"18.000000,0.753435,-0.000363",1|16|24|8,1|4|4|3,4,1,1,Ni,0.0483,16,4,"Co,Fe,Ni,V",1.6454;1.6454;1.7385;1.7385;1.7639;1.7639;1.7652;1.7652;1.7688;1.7688;1.8148;1.8148;1.8164;1.8164;1.8287;1.8287,24,4,"Co,Fe,Nb,Ni",2.4577;2.4577;2.4577;2.4810;2.4810;2.4810;2.4920;2.4920;2.4920;2.5130;2.5130;2.5130;2.5156;2.5156;2.5156;2.5184;2.5184;2.5184;2.5396;2.5396;2.5396;2.5669;2.5669;2.5669,8,3,"Co,Ni,V",3.5397;3.5397;3.5568;3.5568;3.5821;3.5821;3.6021;3.6021
15,,,,,19,Ni,"19.000000,0.243890,0.755928",1|14|2|24,1|4|1|5,4,1,1,Nb,0.1540,14,4,"Co,Fe,Ni,V",1.7599;1.7599;1.7782;1.7782;1.7895;1.7895;1.8376;1.8376;1.8737;1.8737;1.8970;1.8970;1.9000;1.9000,2,1,Fe,2.0144;2.0144,24,5,"Co,Fe,Nb,Ni,V",2.4801;2.4801;2.4801;2.5172;2.5172;2.5172;2.5500;2.5500;2.5500;2.5560;2.5560;2.5560;2.5879;2.5879;2.5879;2.6045;2.6045;2.6045;2.6285;2.6285;2.6285;2.6662;2.6662;2.6662
15,,,,,20,Ni,"20.000000,0.757183,0.754772",1|16|24|8,1|3|5|4,4,1,1,Ni,0.0545,16,3,"Co,Fe,Ni",1.6892;1.6892;1.7048;1.7048;1.7172;1.7172;1.7481;1.7481;1.7652;1.7652;1.7919;1.7919;1.8169;1.8169;1.8217;1.8217,24,5,"Co,Fe,Nb,Ni,V",2.4361;2.4361;2.4361;2.4551;2.4551;2.4551;2.4596;2.4596;2.4596;2.5062;2.5062;2.5062;2.5330;2.5330;2.5330;2.5349;2.5349;2.5349;2.5457;2.5457;2.5457;2.5913;2.5913;2.5913,8,4,"Co,Fe,Nb,Ni",3.5022;3.5022;3.5261;3.5261;3.5796;3.5796;3.6148;3.6148
15,,,,,21,Ni,"21.000000,0.754687,0.747644",1|16|24|8,1|3|5|4,4,1,1,Ni,0.0545,16,3,"Co,Fe,Ni",1.6865;1.6865;1.7073;1.7073;1.7404;1.7404;1.7660;1.7660;1.7666;1.7666;1.7685;1.7685;1.8044;1.8044;1.8164;1.8164,24,5,"Co,Fe,Nb,Ni,V",2.4318;2.4318;2.4318;2.4847;2.4847;2.4847;2.4866;2.4866;2.4866;2.5088;2.5088;2.5088;2.5102;2.5102;2.5102;2.5297;2.5297;2.5297;2.5419;2.5419;2.5419;2.5682;2.5682;2.5682,8,4,"Co,Fe,Nb,Ni",3.5448;3.5448;3.5539;3.5539;3.5772;3.5772;3.5955;3.5955
15,,,,,22,Co,"22.000000,0.507742,0.497591",1|16|21|3,1|4|4|1,4,1,1,Nb,0.1265,16,4,"Co,Fe,Nb,Ni",1.7875;1.7875;1.7922;1.7922;1.8286;1.8286;1.8452;1.8452;1.8593;1.8593;1.8761;1.8761;1.9307;1.9307;1.9364;1.9364,21,4,"Co,Fe,Nb,Ni",2.5123;2.5123;2.5123;2.5312;2.5312;2.5312;2.5419;2.5419;2.5419;2.5913;2.5913;2.5913;2.6192;2.6192;2.6192;2.6202;2.6202;2.6202;2.6662;2.6662;2.6662,3,1,V,2.7894;2.7894;2.7894
15,,,,,23,Co,"23.000000,-0.008943,0.254209",1|16|24|8,1|4|3|4,4,1,1,Fe,0.0450,16,4,"Co,Fe,Ni,V",1.6498;1.6498;1.6653;1.6653;1.6937;1.6937;1.7549;1.7549;1.7830;1.7830;1.8089;1.8089;1.8599;1.8599;1.8668;1.8668,24,3,"Co,Ni,V",2.4380;2.4380;2.4380;2.4949;2.4949;2.4949;2.4960;2.4960;2.4960;2.5169;2.5169;2.5169;2.5184;2.5184;2.5184;2.5493;2.5493;2.5493;2.5576;2.5576;2.5576;2.6537;2.6537;2.6537,8,4,"Co,Fe,Nb,Ni",3.5363;3.5363;3.5570;3.5570;3.5783;3.5783;3.5918;3.5918
15,,,,,24,Co,"24.000000,-0.001529,0.752434",1|16|24|2,1|4|3|1,4,1,1,Fe,0.0605,16,4,"Fe,Nb,Ni,V",1.7319;1.7319;1.7481;1.7481;1.7506;1.7506;1.7666;1.7666;1.7782;1.7782;1.8370;1.8370;1.8401;1.8401;1.8854;1.8854,24,3,"Co,Ni,V",2.4748;2.4748;2.4748;2.4851;2.4851;2.4851;2.5082;2.5082;2.5082;2.5130;2.5130;2.5130;2.5332;2.5332;2.5332;2.5492;2.5492;2.5492;2.5647;2.5647;2.5647;2.5841;2.5841;2.5841,2,1,Fe,3.4526;3.4526
15,,,,,25,Co,"25.000000,0.241987,0.004176",1|16|21|3,1|4|4|1,4,1,1,V,0.1079,16,4,"Fe,Nb,Ni,V",1.7094;1.7094;1.7721;1.7721;1.7895;1.7895;1.7928;1.7928;1.8774;1.8774;1.8951;1.8951;1.9053;1.9053;1.9418;1.9418,21,4,"Co,Fe,Nb,Ni",2.5184;2.5184;2.5184;2.5332;2.5332;2.5332;2.5337;2.5337;2.5337;2.5576;2.5576;2.5576;2.5741;2.5741;2.5741;2.5839;2.5839;2.5839;2.6174;2.6174;2.6174,3,1,Fe,2.7264;2.7264;2.7264
15,,,,,26,Co,"26.000000,0.241249,0.496004",1|16|24|8,1|5|4|3,4,1,1,Ni,0.0268,16,5,"Co,Fe,Nb,Ni,V",1.7525;1.7525;1.7659;1.7659;1.7746;1.7746;1.7839;1.7839;1.8490;1.8490;1.8737;1.8737;1.8983;1.8983;1.9307;1.9307,24,4,"Co,Fe,Nb,Ni",2.4943;2.4943;2.4943;2.5169;2.5169;2.5169;2.5492;2.5492;2.5492;2.5810;2.5810;2.5810;2.5832;2.5832;2.5832;2.6582;2.6582;2.6582;2.6803;2.6803;2.6803;2.7427;2.7427;2.7427,8,3,"Co,Ni,V",3.4696;3.4696;3.5285;3.5285;3.5452;3.5452;3.5786;3.5786
15,,,,,27,Co,"27.000000,0.762371,0.502760",1|16|15|9,1|4|2|2,4,1,1,Ni,0.0635,16,4,"Co,Fe,Nb,Ni",1.6905;1.6905;1.6951;1.6951;1.7660;1.7660;1.8125;1.8125;1.8169;1.8169;1.8452;1.8452;1.8836;1.8836;1.8899;1.8899,15,2,"Co,Fe",2.4352;2.4352;2.4352;2.4380;2.4380;2.4380;2.4764;2.4764;2.4764;2.4851;2.4851;2.4851;2.4943;2.4943;2.4943,9,2,"Nb,Ni",2.6008;2.6008;2.6008;2.6393;2.6393;2.6393;2.6827;2.6827;2.6827
15,,,,,28,Co,"28.000000,0.757293,0.251373",1|16|24|2,1|4|5|1,4,1,1,Fe,0.0908,16,4,"Co,Fe,Nb,Ni",1.6937;1.6937;1.7370;1.7370;1.8125;1.8125;1.8148;1.8148;1.8369;1.8369;1.8434;1.8434;1.8626;1.8626;1.8633;1.8633,24,5,"Co,Fe,Nb,Ni,V",2.3881;2.3881;2.3881;2.4818;2.4818;2.4818;2.5312;2.5312;2.5312;2.5348;2.5348;2.5348;2.5544;2.5544;2.5544;2.5587;2.5587;2.5587;2.6116;2.6116;2.6116;2.6430;2.6430;2.6430,2,1,V,3.3569;3.3569
15,,,,,29,Nb,"29.000000,0.502607,0.514369",1|16|21|3,1|4|4|1,4,1,1,Co,0.1265,16,4,"Co,Fe,Nb,Ni",1.7106;1.7106;1.7385;1.7385;1.8243;1.8243;1.8836;1.8836;1.8983;1.8983;1.9056;1.9056;1.9123;1.9123;1.9967;1.9967,21,4,"Co,Fe,Nb,Ni",2.4023;2.4023;2.4023;2.4847;2.4847;2.4847;2.5330;2.5330;2.5330;2.5560;2.5560;2.5560;2.6430;2.6430;2.6430;2.6767;2.6767;2.6767;2.7315;2.7315;2.7315,3,1,V,2.8445;2.8445;2.8445
15,,,,,30,Nb,"30.000000,0.503257,0.237364",1|4|12|12,1|1|4|3,4,1,1,Ni,0.0875,4,1,Ni,1.7229;1.7229;1.7326;1.7326,12,4,"Co,Fe,Nb,V",1.8434;1.8434;1.8761;1.8761;1.8875;1.8875;1.9049;1.9049;1.9967;1.9967;2.0483;2.0483,12,3,"Co,Ni,V",2.4795;2.4795;2.4795;2.4920;2.4920;2.4920;2.5297;2.5297;2.5297;2.5337;2.5337;2.5337
15,,,,,31,Nb,"31.000000,0.258463,0.740343",1|16|3|18,1|4|1|3,4,1,1,Ni,0.1540,16,4,"Co,Fe,Ni,V",1.7659;1.7659;1.7925;1.7925;1.7949;1.7949;1.8699;1.8699;1.8854;1.8854;1.9053;1.9053;1.9102;1.9102;1.9439;1.9439,3,1,Nb,2.4023;2.4023;2.4023,18,3,"Co,Fe,Ni",2.5123;2.5123;2.5123;2.5190;2.5190;2.5190;2.5541;2.5541;2.5541;2.5848;2.5848;2.5848;2.6064;2.6064;2.6064;2.6340;2.6340;2.6340
16,,,,,0,Al,"0.000000,0.001029,0.748114",1|16|2|3,1|3|1|1,4,1,1,Ni,0.0157,16,3,"Co,Fe,Mn",1.7806;1.7806;1.7825;1.7825;1.7908;1.7908;1.7916;1.7916;1.7971;1.7971;1.8122;1.8122;1.8166;1.8166;1.8549;1.8549,2,1,Co,2.0893;2.0893,3,1,Co,2.2940;2.2940;2.2940
16,,,,,1,Al,"1.000000,0.747745,0.249665",1|14|24|10,1|4|3|4,4,1,1,Fe,0.0185,14,4,"Co,Fe,Mn,Ni",1.7571;1.7571;1.7966;1.7966;1.8036;1.8036;1.8203;1.8203;1.8211;1.8211;1.8294;1.8294;1.8301;1.8301,24,3,"Co,Fe,Ni",2.4990;2.4990;2.4990;2.5063;2.5063;2.5063;2.5154;2.5154;2.5154;2.5163;2.5163;2.5163;2.5169;2.5169;2.5169;2.5194;2.5194;2.5194;2.5469;2.5469;2.5469;2.5546;2.5546;2.5546,10,4,"Co,Fe,Mn,Ni",3.4912;3.4912;3.5188;3.5188;3.5576;3.5576;3.5828;3.5828;3.6663;3.6663
16,,,,,2,Mn,"2.000000,0.743138,-0.003721",1|16|21|2,1|4|4|1,4,1,1,Fe,0.0479,16,4,"Al,Co,Fe,Mn",1.7147;1.7147;1.7157;1.7157;1.7367;1.7367;1.7625;1.7625;1.8211;1.8211;1.8230;1.8230;1.8309;1.8309;1.8353;1.8353,21,4,"Al,Co,Fe,Ni",2.4567;2.4567;2.4567;2.4798;2.4798;2.4798;2.4829;2.4829;2.4829;2.5427;2.5427;2.5427;2.5460;2.5460;2.5460;2.5498;2.5498;2.5498;2.5870;2.5870;2.5870,2,1,Co,3.2320;3.2320
16,,,,,3,Mn,"3.000000,0.744929,0.754596",1|16|24|12,1|4|3|3,4,1,1,Co,0.0401,16,4,"Al,Fe,Mn,Ni",1.7204;1.7204;1.7278;1.7278;1.7367;1.7367;1.7537;1.7537;1.7991;1.7991;1.8083;1.8083;1.8122;1.8122;1.8166;1.8166,24,3,"Co,Fe,Ni",2.4550;2.4550;2.4550;2.4734;2.4734;2.4734;2.5153;2.5153;2.5153;2.5240;2.5240;2.5240;2.5275;2.5275;2.5275;2.5647;2.5647;2.5647;2.5869;2.5869;2.5869;2.5963;2.5963;2.5963,12,3,"Al,Co,Fe",3.4661;3.4661;3.4712;3.4712;3.5576;3.5576;3.5716;3.5716;3.6342;3.6342;3.6721;3.6721
16,,,,,4,Fe,"4.000000,0.001752,0.006247",1|2|14|24,1|1|5|5,4,1,1,Co,0.0644,2,1,Co,1.4031;1.4031,14,5,"Al,Co,Fe,Mn,Ni",1.7485;1.7485;1.7559;1.7559;1.7843;1.7843;1.8309;1.8309;1.8399;1.8399;1.8549;1.8549;1.9318;1.9318,24,5,"Al,Co,Fe,Mn,Ni",2.4758;2.4758;2.4758;2.4828;2.4828;2.4828;2.5063;2.5063;2.5063;2.5073;2.5073;2.5073;2.5387;2.5387;2.5387;2.5439;2.5439;2.5439;2.5608;2.5608;2.5608;2.5647;2.5647;2.5647
16,,,,,5,Fe,"5.000000,0.003819,0.500072",1|14|24|2,1|3|5|1,4,1,1,Co,0.0403,14,3,"Al,Fe,Ni",1.7361;1.7361;1.7571;1.7571;1.7825;1.7825;1.7927;1.7927;1.7975;1.7975;1.8017;1.8017;1.8110;1.8110,24,5,"Al,Co,Fe,Mn,Ni",2.5029;2.5029;2.5029;2.5361;2.5361;2.5361;2.5438;2.5438;2.5438;2.5470;2.5470;2.5470;2.5500;2.5500;2.5500;2.5546;2.5546;2.5546;2.5563;2.5563;2.5563;2.5869;2.5869;2.5869,2,1,Co,3.3719;3.3719
16,,,,,6,Fe,"6.000000,0.499407,0.244559",1|16|21|3,1|4|4|1,4,1,1,Co,0.0663,16,4,"Al,Co,Fe,Ni",1.7343;1.7343;1.7485;1.7485;1.7571;1.7571;1.7625;1.7625;1.7698;1.7698;1.7755;1.7755;1.8358;1.8358;1.8377;1.8377,21,4,"Co,Fe,Mn,Ni",2.4798;2.4798;2.4798;2.4819;2.4819;2.4819;2.5060;2.5060;2.5060;2.5192;2.5192;2.5192;2.5548;2.5548;2.5548;2.5644;2.5644;2.5644;2.5647;2.5647;2.5647,3,1,Co,2.7536;2.7536;2.7536
16,,,,,7,Fe,"7.000000,0.749788,-0.005007",1|16|21|2,1|4|4|1,4,1,1,Mn,0.0479,16,4,"Al,Co,Fe,Mn",1.7278;1.7278;1.7528;1.7528;1.7619;1.7619;1.7628;1.7628;1.7761;1.7761;1.7843;1.7843;1.8301;1.8301;1.8439;1.8439,21,4,"Al,Co,Fe,Ni",2.4831;2.4831;2.4831;2.5026;2.5026;2.5026;2.5096;2.5096;2.5096;2.5098;2.5098;2.5098;2.5192;2.5192;2.5192;2.5606;2.5606;2.5606;2.5855;2.5855;2.5855,2,1,Co,3.1850;3.1850
16,,,,,8,Fe,"8.000000,0.252151,0.494556",1|16|21|2,1|3|4|1,4,1,1,Ni,0.0523,16,3,"Co,Fe,Ni",1.7443;1.7443;1.7472;1.7472;1.7571;1.7571;1.7579;1.7579;1.7780;1.7780;1.7964;1.7964;1.8636;1.8636;1.8761;1.8761,21,4,"Al,Co,Fe,Ni",2.4397;2.4397;2.4397;2.4936;2.4936;2.4936;2.5060;2.5060;2.5060;2.5262;2.5262;2.5262;2.5434;2.5434;2.5434;2.5508;2.5508;2.5508;2.5521;2.5521;2.5521,2,1,Co,2.9135;2.9135
16,,,,,9,Fe,"9.000000,0.747845,0.504240",1|16|21|8,1|5|4|3,4,1,1,Ni,0.0129,16,5,"Al,Co,Fe,Mn,Ni",1.7601;1.7601;1.7630;1.7630;1.7738;1.7738;1.7905;1.7905;1.7991;1.7991;1.8110;1.8110;1.8155;1.8155;1.8294;1.8294,21,4,"Al,Co,Fe,Ni",2.4822;2.4822;2.4822;2.5026;2.5026;2.5026;2.5071;2.5071;2.5071;2.5210;2.5210;2.5210;2.5573;2.5573;2.5573;2.5635;2.5635;2.5635;2.5647;2.5647;2.5647,8,3,"Fe,Mn,Ni",3.5073;3.5073;3.5265;3.5265;3.5272;3.5272;3.5359;3.5359
16,,,,,10,Fe,"10.000000,0.749480,0.251593",1|14|24|10,1|4|3|4,4,1,1,Al,0.0185,14,4,"Co,Fe,Mn,Ni",1.7698;1.7698;1.7843;1.7843;1.8064;1.8064;1.8155;1.8155;1.8159;1.8159;1.8353;1.8353;1.8439;1.8439,24,3,"Co,Fe,Ni",2.4969;2.4969;2.4969;2.5073;2.5073;2.5073;2.5150;2.5150;2.5150;2.5156;2.5156;2.5156;2.5175;2.5175;2.5175;2.5361;2.5361;2.5361;2.5379;2.5379;2.5379;2.5482;2.5482;2.5482,10,4,"Co,Fe,Mn,Ni",3.5037;3.5037;3.5312;3.5312;3.5716;3.5716;3.5892;3.5892;3.6624;3.6624
16,,,,,11,Fe,"11.000000,0.254223,0.753883",1|1|16|24,1|1|4|3,4,1,1,Fe,0.0135,1,1,Co,1.0500,16,4,"Al,Co,Fe,Ni",1.7180;1.7180;1.7512;1.7512;1.7866;1.7866;1.7903;1.7903;1.7916;1.7916;1.8093;1.8093;1.8158;1.8158;1.8636;1.8636,24,3,"Co,Fe,Ni",2.4714;2.4714;2.4714;2.4916;2.4916;2.4916;2.5033;2.5033;2.5033;2.5122;2.5122;2.5122;2.5127;2.5127;2.5127;2.5438;2.5438;2.5438;2.5439;2.5439;2.5439;2.5832;2.5832;2.5832
16,,,,,12,Fe,"12.000000,0.254245,0.244567",1|14|26|8,1|3|3|2,4,1,1,Ni,0.0476,14,3,"Co,Fe,Ni",1.6881;1.6881;1.7343;1.7343;1.7365;1.7365;1.7869;1.7869;1.7964;1.7964;1.7992;1.7992;1.8447;1.8447,26,3,"Co,Fe,Ni",2.4683;2.4683;2.4683;2.4758;2.4758;2.4758;2.4761;2.4761;2.4866;2.4866;2.4866;2.5230;2.5230;2.5230;2.5251;2.5251;2.5251;2.5265;2.5265;2.5265;2.5404;2.5404;2.5404;2.5500;2.5500;2.5500,8,2,"Al,Fe",3.4912;3.4912;3.5037;3.5037;3.5136;3.5136;3.5260;3.5260
16,,,,,13,Fe,"13.000000,0.254953,0.755613",1|1|16|24,1|1|4|3,4,1,1,Fe,0.0135,1,1,Co,1.0377,16,4,"Al,Co,Fe,Ni",1.7131;1.7131;1.7462;1.7462;1.7780;1.7780;1.7920;1.7920;1.7971;1.7971;1.7983;1.7983;1.8284;1.8284;1.8761;1.8761,24,3,"Co,Fe,Ni",2.4590;2.4590;2.4590;2.4791;2.4791;2.4791;2.4983;2.4983;2.4983;2.5177;2.5177;2.5177;2.5182;2.5182;2.5182;2.5387;2.5387;2.5387;2.5563;2.5563;2.5563;2.5958;2.5958;2.5958
16,,,,,14,Ni,"14.000000,0.498657,0.500024",1|16|24|2,1|3|5|1,4,1,1,Ni,0.0036,16,3,"Co,Fe,Ni",1.7443;1.7443;1.7630;1.7630;1.7644;1.7644;1.7720;1.7720;1.7894;1.7894;1.7974;1.7974;1.8017;1.8017;1.8358;1.8358,24,5,"Al,Co,Fe,Mn,Ni",2.5122;2.5122;2.5122;2.5145;2.5145;2.5145;2.5156;2.5156;2.5156;2.5169;2.5169;2.5169;2.5177;2.5177;2.5177;2.5230;2.5230;2.5230;2.5275;2.5275;2.5275;2.5309;2.5309;2.5309,2,1,Co,3.3581;3.3581
16,,,,,15,Ni,"15.000000,0.499073,0.500301",1|16|24|2,1|3|5|1,4,1,1,Ni,0.0036,16,3,"Co,Fe,Ni",1.7472;1.7472;1.7601;1.7601;1.7673;1.7673;1.7691;1.7691;1.7915;1.7915;1.7954;1.7954;1.7997;1.7997;1.8377;1.8377,24,5,"Al,Co,Fe,Mn,Ni",2.5127;2.5127;2.5127;2.5150;2.5150;2.5150;2.5163;2.5163;2.5163;2.5180;2.5180;2.5180;2.5182;2.5182;2.5182;2.5240;2.5240;2.5240;2.5265;2.5265;2.5265;2.5275;2.5275;2.5275,2,1,Co,3.3580;3.3580
16,,,,,16,Ni,"16.000000,0.001711,0.250604",16|3|21|3,4|1|4|1,4,16,4,"Al,Co,Fe,Ni",1.7559;1.7559;1.7584;1.7584;1.7586;1.7586;1.7843;1.7843;1.7869;1.7869;1.7927;1.7927;1.7966;1.7966;1.8200;1.8200,3,1,Co,2.2815;2.2815;2.2815,21,4,"Co,Fe,Mn,Ni",2.4935;2.4935;2.4935;2.4936;2.4936;2.4936;2.5132;2.5132;2.5132;2.5445;2.5445;2.5445;2.5573;2.5573;2.5573;2.5606;2.5606;2.5606;2.5870;2.5870;2.5870,3,1,Co,3.0807;3.0807;3.0807
16,,,,,17,Ni,"17.000000,0.501763,0.750729",1|16|2|21,1|4|1|4,4,1,1,Ni,0.0335,16,4,"Co,Fe,Mn,Ni",1.7204;1.7204;1.7462;1.7462;1.7512;1.7512;1.7513;1.7513;1.7731;1.7731;1.7997;1.7997;1.8002;1.8002;1.8017;1.8017,2,1,Co,2.0616;2.0616,21,4,"Co,Fe,Mn,Ni",2.4567;2.4567;2.4567;2.4822;2.4822;2.4822;2.4831;2.4831;2.4831;2.4950;2.4950;2.4950;2.5322;2.5322;2.5322;2.5452;2.5452;2.5452;2.5521;2.5521;2.5521
16,,,,,18,Ni,"18.000000,0.001698,0.750202",1|16|2|3,1|3|1|1,4,1,1,Al,0.0157,16,3,"Co,Fe,Mn",1.7759;1.7759;1.7852;1.7852;1.7866;1.7866;1.7920;1.7920;1.7975;1.7975;1.8166;1.8166;1.8317;1.8317;1.8399;1.8399,2,1,Co,2.0775;2.0775,3,1,Co,2.2793;2.2793;2.2793
16,,,,,19,Ni,"19.000000,0.497066,0.750146",1|16|2|21,1|4|1|4,4,1,1,Ni,0.0335,16,4,"Co,Fe,Mn,Ni",1.7131;1.7131;1.7180;1.7180;1.7537;1.7537;1.7775;1.7775;1.7845;1.7845;1.7954;1.7954;1.7974;1.7974;1.8046;1.8046,2,1,Co,2.0355;2.0355,21,4,"Co,Fe,Mn,Ni",2.4829;2.4829;2.4829;2.5026;2.5026;2.5026;2.5058;2.5058;2.5058;2.5096;2.5096;2.5096;2.5155;2.5155;2.5155;2.5250;2.5250;2.5250;2.5262;2.5262;2.5262
16,,,,,20,Ni,"20.000000,0.249236,0.501241",1|16|21|2,1|3|4|1,4,1,1,Fe,0.0523,16,3,"Co,Fe,Ni",1.7361;1.7361;1.7579;1.7579;1.7644;1.7644;1.7673;1.7673;1.8059;1.8059;1.8158;1.8158;1.8284;1.8284;1.8447;1.8447,21,4,"Al,Co,Fe,Ni",2.4886;2.4886;2.4886;2.4947;2.4947;2.4947;2.5020;2.5020;2.5020;2.5058;2.5058;2.5058;2.5132;2.5132;2.5132;2.5322;2.5322;2.5322;2.5548;2.5548;2.5548,2,1,Co,2.8656;2.8656
16,,,,,21,Ni,"21.000000,0.749137,0.502978",1|16|21|8,1|5|4|3,4,1,1,Fe,0.0129,16,5,"Al,Co,Fe,Mn,Ni",1.7691;1.7691;1.7720;1.7720;1.7811;1.7811;1.7828;1.7828;1.8017;1.8017;1.8064;1.8064;1.8083;1.8083;1.8203;1.8203,21,4,"Al,Co,Fe,Ni",2.4950;2.4950;2.4950;2.5069;2.5069;2.5069;2.5155;2.5155;2.5155;2.5208;2.5208;2.5208;2.5445;2.5445;2.5445;2.5636;2.5636;2.5636;2.5644;2.5644;2.5644,8,3,"Fe,Mn,Ni",3.5162;3.5162;3.5356;3.5356;3.5363;3.5363;3.5450;3.5450
16,,,,,22,Ni,"22.000000,0.250307,0.249934",1|14|26|8,1|3|3|2,4,1,1,Fe,0.0476,14,3,"Co,Fe,Ni",1.7153;1.7153;1.7579;1.7579;1.7586;1.7586;1.7625;1.7625;1.7747;1.7747;1.8059;1.8059;1.8313;1.8313,26,3,"Co,Fe,Ni",2.4828;2.4828;2.4828;2.4935;2.4935;2.4935;2.5029;2.5029;2.5029;2.5145;2.5145;2.5145;2.5146;2.5146;2.5153;2.5153;2.5153;2.5180;2.5180;2.5180;2.5329;2.5329;2.5329;2.5337;2.5337;2.5337,8,2,"Al,Fe",3.5188;3.5188;3.5312;3.5312;3.5523;3.5523;3.5647;3.5647
16,,,,,23,Co,"23.000000,0.500789,0.001242",1|16|2|24,1|4|1|5,4,1,1,Co,0.0271,16,4,"Co,Fe,Mn,Ni",1.7147;1.7147;1.7485;1.7485;1.7619;1.7619;1.7818;1.7818;1.7962;1.7962;1.8002;1.8002;1.8046;1.8046;1.9003;1.9003,2,1,Co,2.1278;2.1278,24,5,"Al,Co,Fe,Mn,Ni",2.4683;2.4683;2.4683;2.4734;2.4734;2.4734;2.4791;2.4791;2.4791;2.4916;2.4916;2.4916;2.4990;2.4990;2.4990;2.5132;2.5132;2.5132;2.5153;2.5153;2.5153;2.5175;2.5175;2.5175
16,,,,,24,Co,"24.000000,0.000807,0.495309",1|14|24|2,1|3|5|1,4,1,1,Fe,0.0403,14,3,"Al,Fe,Ni",1.7579;1.7579;1.7584;1.7584;1.7780;1.7780;1.7811;1.7811;1.7905;1.7905;1.8166;1.8166;1.8317;1.8317,24,5,"Al,Co,Fe,Mn,Ni",2.4935;2.4935;2.4935;2.4969;2.4969;2.4969;2.5154;2.5154;2.5154;2.5404;2.5404;2.5404;2.5565;2.5565;2.5565;2.5832;2.5832;2.5832;2.5958;2.5958;2.5958;2.5963;2.5963;2.5963,2,1,Co,3.4122;3.4122
16,,,,,25,Co,"25.000000,0.000848,-0.002669",1|2|14|24,1|1|5|5,4,1,1,Fe,0.0644,2,1,Co,1.4089;1.4089,14,5,"Al,Co,Fe,Mn,Ni",1.7553;1.7553;1.7759;1.7759;1.7761;1.7761;1.7908;1.7908;1.8200;1.8200;1.8230;1.8230;1.9134;1.9134,24,5,"Al,Co,Fe,Mn,Ni",2.4983;2.4983;2.4983;2.5033;2.5033;2.5033;2.5107;2.5107;2.5107;2.5153;2.5153;2.5153;2.5251;2.5251;2.5251;2.5329;2.5329;2.5329;2.5469;2.5469;2.5469;2.5482;2.5482;2.5482
16,,,,,26,Co,"26.000000,0.500605,-0.002526",1|16|2|24,1|4|1|5,4,1,1,Co,0.0271,16,4,"Co,Fe,Mn,Ni",1.7157;1.7157;1.7628;1.7628;1.7731;1.7731;1.7755;1.7755;1.7775;1.7775;1.7809;1.7809;1.8232;1.8232;1.8889;1.8889,2,1,Co,2.1265;2.1265,24,5,"Al,Co,Fe,Mn,Ni",2.4550;2.4550;2.4550;2.4590;2.4590;2.4590;2.4714;2.4714;2.4714;2.4866;2.4866;2.4866;2.4948;2.4948;2.4948;2.5194;2.5194;2.5194;2.5337;2.5337;2.5337;2.5379;2.5379;2.5379
16,,,,,27,Co,"27.000000,0.492781,0.251084",1|16|21|3,1|4|4|1,4,1,1,Fe,0.0663,16,4,"Al,Co,Fe,Ni",1.6881;1.6881;1.7153;1.7153;1.7894;1.7894;1.7915;1.7915;1.7962;1.7962;1.8036;1.8036;1.8159;1.8159;1.8232;1.8232,21,4,"Co,Fe,Mn,Ni",2.4397;2.4397;2.4397;2.4822;2.4822;2.4822;2.4886;2.4886;2.4886;2.5460;2.5460;2.5460;2.5635;2.5635;2.5635;2.5636;2.5636;2.5636;2.5855;2.5855;2.5855,3,1,Co,2.7482;2.7482;2.7482
16,,,,,28,Co,"28.000000,5.200000,-5.000000",1|1|4|8,1|1|2|2,4,1,1,Co,0.3467,1,1,Co,0.8093,4,2,"Co,Fe",1.4031;1.4031;1.4089;1.4089,8,2,"Fe,Ni",1.7983;1.7983;1.7992;1.7992;1.8093;1.8093;1.8313;1.8313
16,,,,,29,Co,"29.000000,0.252722,-5.100000",2|2|8|8,1|1|2|2,4,2,1,Co,0.7404;0.8093,2,1,Fe,1.0377;1.0500,8,2,"Co,Fe",1.8889;1.8889;1.9003;1.9003;1.9134;1.9134;1.9318;1.9318,8,2,"Al,Ni",2.0355;2.0355;2.0616;2.0616;2.0775;2.0775;2.0893;2.0893
16,,,,,30,Co,"30.000000,0.248912,0.002976",1|1|16|21,1|1|3|4,4,1,1,Co,0.3467,1,1,Co,0.7404,16,3,"Co,Fe,Ni",1.7365;1.7365;1.7485;1.7485;1.7553;1.7553;1.7747;1.7747;1.7780;1.7780;1.7809;1.7809;1.7818;1.7818;1.7903;1.7903,21,4,"Al,Co,Fe,Ni",2.4819;2.4819;2.4819;2.4822;2.4822;2.4822;2.4935;2.4935;2.4935;2.5227;2.5227;2.5227;2.5250;2.5250;2.5250;2.5369;2.5369;2.5369;2.5452;2.5452;2.5452
16,,,,,31,Co,"31.000000,0.749330,0.751076",1|16|24|12,1|4|3|3,4,1,1,Mn,0.0401,16,4,"Al,Fe,Mn,Ni",1.7513;1.7513;1.7528;1.7528;1.7625;1.7625;1.7738;1.7738;1.7806;1.7806;1.7828;1.7828;1.7845;1.7845;1.7852;1.7852,24,3,"Co,Fe,Ni",2.4948;2.4948;2.4948;2.5107;2.5107;2.5107;2.5132;2.5132;2.5132;2.5275;2.5275;2.5275;2.5309;2.5309;2.5309;2.5470;2.5470;2.5470;2.5565;2.5565;2.5565;2.5608;2.5608;2.5608,12,3,"Al,Co,Fe",3.4973;3.4973;3.5024;3.5024;3.5828;3.5828;3.5892;3.5892;3.6572;3.6572;3.6713;3.6713
17,,,,,0,Fe,"0.000000,0.499455,0.501525",1|16|23|8,1|5|5|3,4,1,1,Ni,0.0415,16,5,"Co,Cu,Fe,Mo,Ni",1.7160;1.7160;1.7567;1.7567;1.7636;1.7636;1.7933;1.7933;1.8273;1.8273;1.8378;1.8378;1.8838;1.8838;1.9062;1.9062,23,5,"Co,Cu,Fe,Mo,Ni",2.5051;2.5051;2.5497;2.5497;2.5497;2.5599;2.5599;2.5599;2.5746;2.5746;2.5746;2.5985;2.5985;2.5985;2.6127;2.6127;2.6127;2.6485;2.6485;2.6485;2.7223;2.7223;2.7223,8,3,"Fe,Mo,Ni",3.6242;3.6242;3.6414;3.6414;3.6504;3.6504;3.6535;3.6535
17,,,,,1,Fe,"1.000000,0.005799,0.491518",1|16|24|8,1|4|5|4,4,1,1,Ni,0.1271,16,4,"Co,Cu,Mo,Ni",1.7239;1.7239;1.7414;1.7414;1.7488;1.7488;1.7866;1.7866;1.8163;1.8163;1.8707;1.8707;1.8800;1.8800;1.9541;1.9541,24,5,"Co,Cu,Fe,Mo,Ni",2.3956;2.3956;2.3956;2.4681;2.4681;2.4681;2.4864;2.4864;2.4864;2.5589;2.5589;2.5589;2.5740;2.5740;2.5740;2.5907;2.5907;2.5907;2.6514;2.6514;2.6514;2.6679;2.6679;2.6679,8,4,"Co,Fe,Mo,Ni",3.5580;3.5580;3.5948;3.5948;3.6242;3.6242;3.6656;3.6656
17,,,,,2,Fe,"2.000000,0.492939,0.254741",1|16|24|8,1|4|5|2,4,1,1,Mo,0.1194,16,4,"Cu,Fe,Mo,Ni",1.7895;1.7895;1.8273;1.8273;1.8553;1.8553;1.8578;1.8578;1.8820;1.8820;1.9248;1.9248;1.9278;1.9278;1.9730;1.9730,24,5,"Co,Cu,Fe,Mo,Ni",2.5440;2.5440;2.5440;2.5502;2.5502;2.5502;2.5948;2.5948;2.5948;2.6078;2.6078;2.6078;2.6247;2.6247;2.6247;2.7113;2.7113;2.7113;2.7481;2.7481;2.7481;2.7483;2.7483;2.7483,8,2,"Co,Ni",3.5687;3.5687;3.5836;3.5836;3.5972;3.5972;3.6195;3.6195
17,,,,,3,Fe,"3.000000,0.241990,0.001652",1|2|4|10,1|1|2|4,4,1,1,Mo,0.0186,2,1,Mo,1.6323;1.6323,4,2,"Co,Mo",1.7738;1.7738;1.7811;1.7811,10,4,"Co,Cu,Fe,Mo",1.9283;1.9283;1.9326;1.9326;1.9385;1.9385;1.9626;1.9626;2.0240;2.0240
17,,,,,4,Fe,"4.000000,0.758003,0.751622",1|16|24|8,1|4|4|3,4,1,1,Cu,0.0528,16,4,"Co,Cu,Mo,Ni",1.7733;1.7733;1.7749;1.7749;1.7874;1.7874;1.7938;1.7938;1.8060;1.8060;1.8836;1.8836;1.9043;1.9043;1.9407;1.9407,24,4,"Co,Fe,Mo,Ni",2.5252;2.5252;2.5252;2.5365;2.5365;2.5365;2.5851;2.5851;2.5851;2.6485;2.6485;2.6485;2.6505;2.6505;2.6505;2.6514;2.6514;2.6514;2.6972;2.6972;2.6972;2.7143;2.7143;2.7143,8,3,"Co,Mo,Ni",3.5908;3.5908;3.5978;3.5978;3.6276;3.6276;3.6943;3.6943
17,,,,,5,Fe,"5.000000,0.249283,0.262068",1|16|24|8,1|4|4|3,4,1,1,Cu,0.0755,16,4,"Co,Fe,Mo,Ni",1.7500;1.7500;1.7764;1.7764;1.7808;1.7808;1.7895;1.7895;1.8086;1.8086;1.8343;1.8343;1.9214;1.9214;1.9283;1.9283,24,4,"Co,Fe,Mo,Ni",2.4681;2.4681;2.4681;2.5051;2.5051;2.5051;2.5481;2.5481;2.5481;2.5497;2.5497;2.5497;2.5934;2.5934;2.5934;2.6307;2.6307;2.6307;2.6819;2.6819;2.6819;2.7335;2.7335;2.7335,8,3,"Co,Mo,Ni",3.4511;3.4511;3.5426;3.5426;3.5843;3.5843;3.6710;3.6710
17,,,,,6,Ni,"6.000000,-0.004472,0.505328",1|16|23|8,1|4|5|4,4,1,1,Fe,0.1271,16,4,"Co,Cu,Mo,Ni",1.7362;1.7362;1.7686;1.7686;1.7773;1.7773;1.8154;1.8154;1.8269;1.8269;1.8530;1.8530;1.8621;1.8621;1.8787;1.8787,23,5,"Co,Cu,Fe,Mo,Ni",2.4712;2.4712;2.5210;2.5210;2.5210;2.5252;2.5252;2.5252;2.5408;2.5408;2.5408;2.5420;2.5420;2.5420;2.5934;2.5934;2.5934;2.5979;2.5979;2.5979;2.6093;2.6093;2.6093,8,4,"Co,Fe,Mo,Ni",3.6346;3.6346;3.6414;3.6414;3.6633;3.6633;3.6689;3.6689
17,,,,,7,Ni,"7.000000,0.495354,0.505370",1|16|20|3,1|5|5|1,4,1,1,Fe,0.0415,16,5,"Co,Cu,Fe,Mo,Ni",1.7284;1.7284;1.7448;1.7448;1.7643;1.7643;1.7944;1.7944;1.8082;1.8082;1.8538;1.8538;1.8553;1.8553;1.9357;1.9357,20,5,"Co,Cu,Fe,Mo,Ni",2.4636;2.4636;2.5185;2.5185;2.5185;2.5481;2.5481;2.5481;2.5719;2.5719;2.5719;2.6003;2.6003;2.6003;2.6505;2.6505;2.6505;2.6542;2.6542;2.6542,3,1,Mo,2.7638;2.7638;2.7638
17,,,,,8,Ni,"8.000000,0.001379,0.744192",1|14|2|24,1|5|1|5,4,1,1,Cu,0.0166,14,5,"Co,Cu,Fe,Mo,Ni",1.7686;1.7686;1.7874;1.7874;1.8039;1.8039;1.8105;1.8105;1.8344;1.8344;1.8664;1.8664;1.8707;1.8707,2,1,Mo,1.9799;1.9799,24,5,"Co,Cu,Fe,Mo,Ni",2.4850;2.4850;2.4850;2.5237;2.5237;2.5237;2.5687;2.5687;2.5687;2.5694;2.5694;2.5694;2.5745;2.5745;2.5745;2.5957;2.5957;2.5957;2.6124;2.6124;2.6124;2.6464;2.6464;2.6464
17,,,,,9,Ni,"9.000000,0.498870,0.738841",1|16|23|2,1|5|5|1,4,1,1,Co,0.0523,16,5,"Co,Cu,Fe,Mo,Ni",1.7284;1.7284;1.7567;1.7567;1.8416;1.8416;1.8535;1.8535;1.8557;1.8557;1.8950;1.8950;1.8972;1.8972;1.9043;1.9043,23,5,"Co,Cu,Fe,Mo,Ni",2.5143;2.5143;2.5143;2.5522;2.5522;2.5522;2.5588;2.5588;2.5679;2.5679;2.5679;2.6552;2.6552;2.6552;2.6993;2.6993;2.6993;2.7046;2.7046;2.7046;2.7120;2.7120;2.7120,2,1,Mo,3.4727;3.4727
17,,,,,10,Ni,"10.000000,0.242820,0.501953",1|16|24|8,1|5|5|3,4,1,1,Co,0.0528,16,5,"Co,Cu,Fe,Mo,Ni",1.6754;1.6754;1.7409;1.7409;1.7414;1.7414;1.7672;1.7672;1.7764;1.7764;1.8154;1.8154;1.8538;1.8538;1.8838;1.8838,24,5,"Co,Cu,Fe,Mo,Ni",2.5147;2.5147;2.5147;2.5164;2.5164;2.5164;2.5237;2.5237;2.5237;2.5399;2.5399;2.5399;2.5509;2.5509;2.5509;2.5654;2.5654;2.5654;2.5679;2.5679;2.5679;2.5948;2.5948;2.5948,8,3,"Cu,Fe,Mo",3.5517;3.5517;3.6473;3.6473;3.6969;3.6969;3.6989;3.6989
17,,,,,11,Ni,"11.000000,0.749280,0.250612",1|16|24|8,1|4|4|2,4,1,1,Mo,0.1108,16,4,"Co,Cu,Fe,Mo",1.8310;1.8310;1.8423;1.8423;1.8626;1.8626;1.8820;1.8820;1.8897;1.8897;1.8903;1.8903;1.9161;1.9161;1.9197;1.9197,24,4,"Co,Fe,Mo,Ni",2.5907;2.5907;2.5907;2.5989;2.5989;2.5989;2.6093;2.6093;2.6093;2.6127;2.6127;2.6127;2.6371;2.6371;2.6371;2.6542;2.6542;2.6542;2.6650;2.6650;2.6650;2.7126;2.7126;2.7126,8,2,"Cu,Fe",3.6050;3.6050;3.6710;3.6710;3.6856;3.6856;3.6943;3.6943
17,,,,,12,Co,"12.000000,0.000387,-0.003670",1|16|24|8,1|5|5|3,4,1,1,Mo,0.1796,16,5,"Co,Cu,Fe,Mo,Ni",1.7607;1.7607;1.7738;1.7738;1.7914;1.7914;1.7922;1.7922;1.8574;1.8574;1.8664;1.8664;1.9172;1.9172;1.9418;1.9418,24,5,"Co,Cu,Fe,Mo,Ni",2.5277;2.5277;2.5277;2.5365;2.5365;2.5365;2.5862;2.5862;2.5862;2.6267;2.6267;2.6267;2.6371;2.6371;2.6371;2.6629;2.6629;2.6629;2.6819;2.6819;2.6819;2.6865;2.6865;2.6865,8,3,"Fe,Mo,Ni",3.5538;3.5538;3.6292;3.6292;3.6346;3.6346;3.6656;3.6656
17,,,,,13,Co,"13.000000,0.006769,0.255266",1|16|24|8,1|5|5|4,4,1,1,Co,0.0378,16,5,"Co,Cu,Fe,Mo,Ni",1.7152;1.7152;1.7488;1.7488;1.7808;1.7808;1.8038;1.8038;1.8103;1.8103;1.8530;1.8530;1.8903;1.8903;1.9172;1.9172,24,5,"Co,Cu,Fe,Mo,Ni",2.5147;2.5147;2.5147;2.5283;2.5283;2.5283;2.5532;2.5532;2.5532;2.5602;2.5602;2.5602;2.6185;2.6185;2.6185;2.6359;2.6359;2.6359;2.6609;2.6609;2.6609;2.6799;2.6799;2.6799,8,4,"Cu,Fe,Mo,Ni",3.5687;3.5687;3.6151;3.6151;3.6195;3.6195;3.6286;3.6286
17,,,,,14,Co,"14.000000,0.493719,0.743713",1|16|24|2,1|5|5|1,4,1,1,Ni,0.0523,16,5,"Co,Cu,Fe,Mo,Ni",1.7643;1.7643;1.7933;1.7933;1.8038;1.8038;1.8175;1.8175;1.8572;1.8572;1.8625;1.8625;1.8926;1.8926;1.9407;1.9407,24,5,"Co,Cu,Fe,Mo,Ni",2.5507;2.5507;2.5507;2.5654;2.5654;2.5654;2.5666;2.5666;2.5666;2.6111;2.6111;2.6111;2.6523;2.6523;2.6523;2.6573;2.6573;2.6573;2.6597;2.6597;2.6597;2.7013;2.7013;2.7013,2,1,Mo,3.5091;3.5091
17,,,,,15,Co,"15.000000,0.002911,0.258646",1|16|24|8,1|5|5|4,4,1,1,Co,0.0378,16,5,"Co,Cu,Fe,Mo,Ni",1.7239;1.7239;1.7425;1.7425;1.7771;1.7771;1.8086;1.8086;1.8269;1.8269;1.8370;1.8370;1.8626;1.8626;1.9418;1.9418,24,5,"Co,Cu,Fe,Mo,Ni",2.5164;2.5164;2.5164;2.5307;2.5307;2.5307;2.5808;2.5808;2.5808;2.5908;2.5908;2.5908;2.5979;2.5979;2.5979;2.6231;2.6231;2.6231;2.6350;2.6350;2.6350;2.6790;2.6790;2.6790,8,4,"Cu,Fe,Mo,Ni",3.5942;3.5942;3.5972;3.5972;3.6033;3.6033;3.6428;3.6428
17,,,,,16,Co,"16.000000,0.249101,0.498484",1|16|24|8,1|5|5|3,4,1,1,Ni,0.0528,16,5,"Co,Cu,Fe,Mo,Ni",1.7011;1.7011;1.7163;1.7163;1.7500;1.7500;1.7866;1.7866;1.7926;1.7926;1.8082;1.8082;1.8378;1.8378;1.8621;1.8621,24,5,"Co,Cu,Fe,Mo,Ni",2.4995;2.4995;2.4995;2.5283;2.5283;2.5283;2.5307;2.5307;2.5307;2.5440;2.5440;2.5440;2.5507;2.5507;2.5507;2.5522;2.5522;2.5522;2.5745;2.5745;2.5745;2.5907;2.5907;2.5907,8,3,"Cu,Fe,Mo",3.5983;3.5983;3.6011;3.6011;3.6712;3.6712;3.6779;3.6779
17,,,,,17,Co,"17.000000,0.247998,0.740646",1|16|23|8,1|5|4|2,4,1,1,Mo,0.0922,16,5,"Co,Cu,Fe,Mo,Ni",1.7672;1.7672;1.7926;1.7926;1.8038;1.8038;1.8105;1.8105;1.8246;1.8246;1.8416;1.8416;1.9326;1.9326;1.9388;1.9388,23,4,"Co,Fe,Mo,Ni",2.5185;2.5185;2.5185;2.5408;2.5408;2.5408;2.5554;2.5554;2.5554;2.5589;2.5589;2.5589;2.5599;2.5599;2.5599;2.6126;2.6126;2.6267;2.6267;2.6267;2.6680;2.6680;2.6680,8,2,"Cu,Fe",3.5081;3.5081;3.5426;3.5426;3.5978;3.5978;3.6450;3.6450
17,,,,,18,Cu,"18.000000,-0.000514,0.745404",1|16|24|8,1|5|5|2,4,1,1,Ni,0.0166,16,5,"Co,Cu,Fe,Mo,Ni",1.7733;1.7733;1.7773;1.7773;1.8184;1.8184;1.8204;1.8204;1.8246;1.8246;1.8574;1.8574;1.8800;1.8800;1.9720;1.9720,24,5,"Co,Cu,Fe,Mo,Ni",2.4813;2.4813;2.4813;2.5399;2.5399;2.5399;2.5526;2.5526;2.5526;2.5534;2.5534;2.5534;2.5907;2.5907;2.5907;2.5986;2.5986;2.5986;2.6153;2.6153;2.6153;2.6425;2.6425;2.6425,8,2,"Co,Ni",3.6033;3.6033;3.6279;3.6279;3.6286;3.6286;3.6661;3.6661
17,,,,,19,Cu,"19.000000,0.760526,-0.004409",1|14|2|24,1|5|1|5,4,1,1,Cu,0.0440,14,5,"Co,Cu,Fe,Mo,Ni",1.7607;1.7607;1.8060;1.8060;1.8217;1.8217;1.8300;1.8300;1.8685;1.8685;1.8897;1.8897;1.9067;1.9067,2,1,Mo,2.0260;2.0260,24,5,"Co,Cu,Fe,Mo,Ni",2.5534;2.5534;2.5534;2.5694;2.5694;2.5694;2.6350;2.6350;2.6350;2.6359;2.6359;2.6359;2.6993;2.6993;2.6993;2.7013;2.7013;2.7013;2.7483;2.7483;2.7483;2.7957;2.7957;2.7957
17,,,,,20,Cu,"20.000000,0.756275,-0.008616",1|16|24|8,1|5|5|3,4,1,1,Cu,0.0440,16,5,"Co,Cu,Fe,Mo,Ni",1.7749;1.7749;1.7922;1.7922;1.7980;1.7980;1.8375;1.8375;1.8531;1.8531;1.9197;1.9197;1.9399;1.9399;1.9950;1.9950,24,5,"Co,Cu,Fe,Mo,Ni",2.5526;2.5526;2.5526;2.5687;2.5687;2.5687;2.6552;2.6552;2.6552;2.6573;2.6573;2.6573;2.6790;2.6790;2.6790;2.6799;2.6799;2.6799;2.7481;2.7481;2.7481;2.7972;2.7972;2.7972,8,3,"Cu,Fe,Mo",3.5660;3.5660;3.5686;3.5686;3.5836;3.5836;3.6557;3.6557
17,,,,,21,Cu,"21.000000,0.759041,0.509299",1|16|23|8,1|4|5|3,4,1,1,Mo,0.1656,16,4,"Cu,Fe,Mo,Ni",1.7362;1.7362;1.7717;1.7717;1.7938;1.7938;1.8163;1.8163;1.9062;1.9062;1.9161;1.9161;1.9357;1.9357;1.9810;1.9810,23,5,"Co,Cu,Fe,Mo,Ni",2.4813;2.4813;2.4813;2.4850;2.4850;2.4850;2.5588;2.5588;2.5808;2.5808;2.5808;2.6026;2.6026;2.6026;2.6111;2.6111;2.6111;2.6185;2.6185;2.6185;2.7113;2.7113;2.7113,8,3,"Co,Cu,Ni",3.5517;3.5517;3.5686;3.5686;3.5983;3.5983;3.5997;3.5997
17,,,,,22,Cu,"22.000000,0.240166,0.266777",1|8|8|20,1|2|2|4,4,1,1,Fe,0.0755,8,2,"Co,Ni",1.7152;1.7152;1.7163;1.7163;1.7409;1.7409;1.7425;1.7425,8,2,"Fe,Mo",1.8578;1.8578;1.9006;1.9006;1.9563;1.9563;1.9626;1.9626,20,4,"Co,Fe,Mo,Ni",2.3956;2.3956;2.3956;2.4871;2.4871;2.5210;2.5210;2.5210;2.5719;2.5719;2.5719;2.5746;2.5746;2.5746;2.6629;2.6629;2.6629;2.7011;2.7011;2.7011
17,,,,,23,Cu,"23.000000,0.751515,0.748518",1|16|24|8,1|4|4|3,4,1,1,Fe,0.0528,16,4,"Co,Cu,Mo,Ni",1.7717;1.7717;1.7980;1.7980;1.8204;1.8204;1.8300;1.8300;1.8344;1.8344;1.8557;1.8557;1.8580;1.8580;1.8926;1.8926,24,4,"Co,Fe,Mo,Ni",2.5420;2.5420;2.5420;2.5675;2.5675;2.5675;2.5862;2.5862;2.5862;2.5985;2.5985;2.5985;2.6003;2.6003;2.6003;2.6679;2.6679;2.6679;2.6775;2.6775;2.6775;2.7643;2.7643;2.7643,8,3,"Co,Mo,Ni",3.6373;3.6373;3.6450;3.6450;3.6511;3.6511;3.6856;3.6856
17,,,,,24,Mo,"24.000000,0.505977,-0.004945",1|16|24|8,1|5|5|4,4,1,1,Mo,0.1576,16,5,"Co,Cu,Fe,Mo,Ni",1.8375;1.8375;1.8625;1.8625;1.8685;1.8685;1.8972;1.8972;1.9212;1.9212;1.9248;1.9248;1.9385;1.9385;2.0337;2.0337,24,5,"Co,Cu,Fe,Mo,Ni",2.5675;2.5675;2.5675;2.5851;2.5851;2.5851;2.5989;2.5989;2.5989;2.6142;2.6142;2.6142;2.6680;2.6680;2.6680;2.7335;2.7335;2.7335;2.7405;2.7405;2.7405;2.8051;2.8051;2.8051,8,4,"Co,Fe,Mo,Ni",3.5706;3.5706;3.6255;3.6255;3.6292;3.6292;3.6535;3.6535
17,,,,,25,Mo,"25.000000,0.019841,0.011079",1|4|12|21,1|2|3|5,4,1,1,Co,0.1796,4,2,"Fe,Mo",1.6323;1.6323;1.6495;1.6495,12,3,"Co,Cu,Ni",1.8103;1.8103;1.8370;1.8370;1.9067;1.9067;1.9399;1.9399;1.9720;1.9720;1.9799;1.9799,21,5,"Co,Cu,Fe,Mo,Ni",2.4871;2.4871;2.5051;2.5051;2.5051;2.5547;2.5547;2.5547;2.6126;2.6126;2.6650;2.6650;2.6650;2.6770;2.6770;2.7143;2.7143;2.7143;2.7643;2.7643;2.7643
17,,,,,26,Mo,"26.000000,0.484516,-0.005576",1|16|24|2,1|5|5|1,4,1,1,Mo,0.1576,16,5,"Co,Cu,Fe,Mo,Ni",1.7639;1.7639;1.7811;1.7811;1.8572;1.8572;1.8950;1.8950;1.9278;1.9278;1.9950;1.9950;2.0260;2.0260;2.0402;2.0402,24,5,"Co,Cu,Fe,Mo,Ni",2.5554;2.5554;2.5554;2.6302;2.6302;2.6302;2.6307;2.6307;2.6307;2.6775;2.6775;2.6775;2.6972;2.6972;2.6972;2.7011;2.7011;2.7011;2.7126;2.7126;2.7126;2.7322;2.7322;2.7322,2,1,Mo,3.4134;3.4134
17,,,,,27,Mo,"27.000000,0.499074,0.269699",1|16|12|12,1|4|4|3,4,1,1,Fe,0.1194,16,4,"Cu,Fe,Mo,Ni",1.7160;1.7160;1.7448;1.7448;1.8343;1.8343;1.8423;1.8423;1.9006;1.9006;1.9370;1.9370;2.0337;2.0337;2.0402;2.0402,12,4,"Co,Cu,Mo,Ni",2.4408;2.4408;2.4408;2.4995;2.4995;2.4995;2.5509;2.5509;2.5509;2.6026;2.6026;2.6026,12,3,"Cu,Fe,Mo",2.7187;2.7187;2.7187;2.7355;2.7355;2.7355;2.7957;2.7957;2.7957;2.7972;2.7972;2.7972
17,,,,,28,Mo,"28.000000,0.739680,0.497768",1|16|24|8,1|4|5|3,4,1,1,Cu,0.1656,16,4,"Cu,Fe,Mo,Ni",1.7636;1.7636;1.7944;1.7944;1.8310;1.8310;1.8580;1.8580;1.8787;1.8787;1.8836;1.8836;1.9026;1.9026;1.9541;1.9541,24,5,"Co,Cu,Fe,Mo,Ni",2.4408;2.4408;2.4408;2.5143;2.5143;2.5143;2.5502;2.5502;2.5502;2.5666;2.5666;2.5666;2.6231;2.6231;2.6231;2.6425;2.6425;2.6425;2.6464;2.6464;2.6464;2.6609;2.6609;2.6609,8,3,"Co,Cu,Ni",3.6011;3.6011;3.6473;3.6473;3.6557;3.6557;3.6879;3.6879
17,,,,,29,Mo,"29.000000,0.244368,0.002535",1|2|4|10,1|1|2|4,4,1,1,Fe,0.0186,2,1,Mo,1.6495;1.6495,4,2,"Co,Mo",1.7639;1.7639;1.7914;1.7914,10,4,"Co,Cu,Fe,Mo",1.9212;1.9212;1.9214;1.9214;1.9388;1.9388;1.9563;1.9563;2.0303;2.0303
17,,,,,30,Mo,"30.000000,0.761381,0.241687",1|16|15|9,1|4|4|3,4,1,1,Ni,0.1108,16,4,"Co,Cu,Fe,Mo",1.7771;1.7771;1.8038;1.8038;1.8217;1.8217;1.8531;1.8531;1.9026;1.9026;1.9370;1.9370;1.9730;1.9730;1.9810;1.9810,15,4,"Co,Fe,Mo,Ni",2.5277;2.5277;2.5277;2.5547;2.5547;2.5547;2.5740;2.5740;2.5740;2.5979;2.5979;2.5979;2.6142;2.6142;2.6142,9,3,"Fe,Mo,Ni",2.7223;2.7223;2.7223;2.7322;2.7322;2.7322;2.7638;2.7638;2.7638
17,,,,,31,Mo,"31.000000,0.246569,0.728271",1|4|8|4,1|2|3|2,4,1,1,Co,0.0922,4,2,"Co,Ni",1.6754;1.6754;1.7011;1.7011,8,3,"Co,Cu,Ni",1.8039;1.8039;1.8175;1.8175;1.8184;1.8184;1.8535;1.8535,4,2,"Fe,Mo",2.0240;2.0240;2.0303;2.0303
18,,,,,0,Fe,"0.000000,0.998472,0.982901",1|16|16|5,1|5|4|2,4,1,1,Nb,0.0621,16,5,"Co,Cu,Fe,Nb,Ni",1.7694;1.7694;1.7948;1.7948;1.8063;1.8063;1.8409;1.8409;1.8748;1.8748;1.8938;1.8938;1.9432;1.9432;2.0245;2.0245,16,4,"Co,Cu,Fe,Ni",2.4922;2.4922;2.5427;2.5427;2.6025;2.6025;2.6025;2.6108;2.6108;2.6108;2.6657;2.6657;2.6657;2.6675;2.6675;2.6675,5,2,"Fe,Nb",2.7815;2.7815;2.7919;2.7919;2.7919
18,,,,,1,Fe,"1.000000,0.494827,0.983680",1|14|2|10,1|4|1|2,4,1,1,Ni,0.0578,14,4,"Co,Cu,Nb,Ni",1.7249;1.7249;1.7721;1.7721;1.8243;1.8243;1.8437;1.8437;1.8449;1.8449;1.8777;1.8777;1.9128;1.9128,2,1,Nb,2.0757;2.0757,10,2,"Co,Ni",2.4209;2.4209;2.5156;2.5156;2.5283;2.5283;2.5283;2.5766;2.5766;2.5766
18,,,,,2,Fe,"2.000000,0.007557,0.746246",1|16|19|2,1|4|5|1,4,1,1,Co,0.0788,16,4,"Co,Fe,Nb,Ni",1.7070;1.7070;1.7080;1.7080;1.7694;1.7694;1.7785;1.7785;1.8049;1.8049;1.8705;1.8705;1.8955;1.8955;1.9662;1.9662,19,5,"Co,Cu,Fe,Nb,Ni",2.4581;2.4581;2.4684;2.4684;2.4921;2.4921;2.4921;2.5372;2.5372;2.5584;2.5584;2.6049;2.6049;2.6139;2.6139;2.6139;2.6169;2.6169;2.6169,2,1,Cu,3.5317;3.5317
18,,,,,3,Fe,"3.000000,0.241599,0.503391",1|16|17|6,1|5|4|2,4,1,1,Nb,0.1398,16,5,"Co,Cu,Fe,Nb,Ni",1.7583;1.7583;1.7866;1.7866;1.8338;1.8338;1.8793;1.8793;1.9090;1.9090;1.9092;1.9092;1.9193;1.9193;1.9776;1.9776,17,4,"Co,Cu,Fe,Nb",2.4844;2.4844;2.4844;2.4921;2.4921;2.4921;2.5253;2.5253;2.5253;2.5258;2.5258;2.5258;2.5733;2.5733;2.6320;2.6320;2.6320,6,2,"Nb,Ni",2.7411;2.7411;2.7411;2.8198;2.8198;2.8198
18,,,,,4,Fe,"4.000000,0.251373,0.258131",1|4|10|2,1|2|4|1,4,1,1,Fe,0.1268,4,2,"Cu,Nb",1.6465;1.6465;1.7322;1.7322,10,4,"Co,Cu,Fe,Nb",1.8338;1.8338;1.9096;1.9096;1.9308;1.9308;1.9529;1.9529;1.9728;1.9728,2,1,Nb,2.1278;2.1278
18,,,,,5,Fe,"5.000000,0.237672,0.248030",1|2|8|6,1|1|4|1,4,1,1,Fe,0.1268,2,1,Cu,1.6267;1.6267,8,4,"Co,Cu,Fe,Nb",1.7509;1.7509;1.8080;1.8080;1.9003;1.9003;1.9092;1.9092,6,1,Nb,2.0270;2.0270;2.0319;2.0319;2.0525;2.0525
18,,,,,6,Ni,"6.000000,0.501571,0.987541",1|14|2|7,1|4|1|1,4,1,1,Fe,0.0578,14,4,"Co,Cu,Nb,Ni",1.7515;1.7515;1.7965;1.7965;1.8211;1.8211;1.8456;1.8456;1.8618;1.8618;1.8754;1.8754;1.8757;1.8757,2,1,Nb,2.0507;2.0507,7,1,Co,2.4770;2.4770;2.4983;2.4983;2.5136;2.5136;2.5136
18,,,,,7,Ni,"7.000000,0.999755,0.518079",1|12|4|22,1|4|1|5,4,1,1,Nb,0.0927,12,4,"Co,Cu,Fe,Nb",1.6794;1.6794;1.7070;1.7070;1.7866;1.7866;1.8470;1.8470;1.8554;1.8554;1.8634;1.8634,4,1,Cu,1.9768;1.9768;2.0660;2.0660,22,5,"Co,Cu,Fe,Nb,Ni",2.4983;2.4983;2.5066;2.5066;2.5066;2.5442;2.5442;2.5570;2.5570;2.5570;2.6509;2.6509;2.6509;2.6610;2.6610;2.6610;2.6731;2.6731;2.6731;2.7335;2.7335;2.7335
18,,,,,8,Ni,"8.000000,0.500141,0.510994",1|2|12|2,1|1|5|1,4,1,1,Cu,0.0753,2,1,Cu,1.6931;1.6931,12,5,"Co,Cu,Fe,Nb,Ni",1.8135;1.8135;1.8286;1.8286;1.8371;1.8371;1.8406;1.8406;1.8810;1.8810;1.9090;1.9090,2,1,Nb,2.0702;2.0702
18,,,,,9,Ni,"9.000000,0.510855,0.753281",1|16|17|3,1|4|4|1,4,1,1,Cu,0.2187,16,4,"Co,Cu,Fe,Ni",1.6990;1.6990;1.7249;1.7249;1.7515;1.7515;1.7715;1.7715;1.7774;1.7774;1.8135;1.8135;1.8466;1.8466;1.9133;1.9133,17,4,"Co,Cu,Nb,Ni",2.3907;2.3907;2.4162;2.4162;2.5132;2.5132;2.5132;2.5310;2.5310;2.5502;2.5502;2.5502;2.5962;2.5962;2.5962;2.6069;2.6069,3,1,Fe,2.7411;2.7411;2.7411
18,,,,,10,Ni,"10.000000,0.753775,0.993484",1|14|2|24,1|5|1|5,4,1,1,Nb,0.1728,14,5,"Co,Cu,Fe,Nb,Ni",1.7552;1.7552;1.8063;1.8063;1.8541;1.8541;1.8618;1.8618;1.8672;1.8672;1.8985;1.8985;1.9128;1.9128,2,1,Nb,2.1275;2.1275,24,5,"Co,Cu,Fe,Nb,Ni",2.5190;2.5190;2.5190;2.5502;2.5502;2.5502;2.5835;2.5835;2.5835;2.6169;2.6169;2.6169;2.6387;2.6387;2.6387;2.7035;2.7035;2.7035;2.7648;2.7648;2.7648;2.8555;2.8555;2.8555
18,,,,,11,Ni,"11.000000,0.252140,0.738305",1|16|20|8,1|5|4|2,4,1,1,Co,0.1695,16,5,"Co,Cu,Fe,Nb,Ni",1.6361;1.6361;1.7272;1.7272;1.7579;1.7579;1.7583;1.7583;1.8049;1.8049;1.8787;1.8787;1.9127;1.9127;1.9133;1.9133,20,4,"Cu,Fe,Nb,Ni",2.4838;2.4838;2.4983;2.4983;2.5108;2.5108;2.5650;2.5650;2.5663;2.5663;2.5663;2.5766;2.5766;2.5766;2.6025;2.6025;2.6025;2.6324;2.6324;2.6324,8,2,"Co,Fe",3.5890;3.5890;3.6086;3.6086;3.6671;3.6671;3.6842;3.6842
18,,,,,12,Co,"12.000000,0.997508,0.742780",1|4|12|16,1|2|4|5,4,1,1,Fe,0.0788,4,2,"Nb,Ni",1.6764;1.6764;1.6794;1.6794,12,4,"Co,Fe,Nb,Ni",1.7948;1.7948;1.8065;1.8065;1.8227;1.8227;1.8787;1.8787;1.8919;1.8919;1.9463;1.9463,16,5,"Co,Cu,Fe,Nb,Ni",2.4638;2.4638;2.4951;2.4951;2.5205;2.5205;2.5253;2.5253;2.5253;2.5327;2.5327;2.5405;2.5405;2.5835;2.5835;2.5835
18,,,,,13,Co,"13.000000,0.254775,0.994174",1|16|22|8,1|4|5|3,4,1,1,Nb,0.1631,16,4,"Co,Fe,Nb,Ni",1.7556;1.7556;1.7721;1.7721;1.8211;1.8211;1.8322;1.8322;1.8938;1.8938;1.9003;1.9003;1.9127;1.9127;1.9728;1.9728,22,5,"Co,Cu,Fe,Nb,Ni",2.5362;2.5362;2.5362;2.5564;2.5564;2.5826;2.5826;2.5962;2.5962;2.5962;2.6139;2.6139;2.6139;2.6260;2.6260;2.6260;2.6849;2.6849;2.6849;2.7251;2.7251;2.7251,8,3,"Fe,Nb,Ni",3.5489;3.5489;3.6169;3.6169;3.6706;3.6706;3.6817;3.6817
18,,,,,14,Co,"14.000000,0.747269,0.527110",1|14|2|8,1|4|1|4,4,1,1,Cu,0.1217,14,4,"Co,Cu,Nb,Ni",1.6352;1.6352;1.7315;1.7315;1.7595;1.7595;1.7708;1.7708;1.8286;1.8286;1.8634;1.8634;1.8670;1.8670,2,1,Cu,2.0899;2.0899,8,4,"Co,Cu,Fe,Ni",2.4162;2.4162;2.4638;2.4638;2.4723;2.4723;2.5372;2.5372
18,,,,,15,Co,"15.000000,0.750827,0.758706",1|2|14|20,1|1|4|4,4,1,1,Co,0.1205,2,1,Nb,1.5962;1.5962,14,4,"Co,Cu,Fe,Ni",1.7315;1.7315;1.7552;1.7552;1.7715;1.7715;1.8227;1.8227;1.8518;1.8518;1.8955;1.8955;1.9605;1.9605,20,4,"Cu,Fe,Nb,Ni",2.4881;2.4881;2.4881;2.4922;2.4922;2.4983;2.4983;2.5156;2.5156;2.5444;2.5444;2.5570;2.5570;2.5570;2.5594;2.5594;2.5594;2.6308;2.6308;2.6308
18,,,,,16,Co,"16.000000,0.260590,0.759300",1|16|19|8,1|5|4|2,4,1,1,Ni,0.1695,16,5,"Co,Cu,Fe,Nb,Ni",1.6027;1.6027;1.6713;1.6713;1.7556;1.7556;1.7950;1.7950;1.8466;1.8466;1.8705;1.8705;1.9193;1.9193;1.9463;1.9463,19,4,"Cu,Fe,Nb,Ni",2.4209;2.4209;2.4770;2.4770;2.5034;2.5034;2.5427;2.5427;2.5494;2.5494;2.5494;2.5720;2.5720;2.5720;2.6509;2.6509;2.6509;2.7158;2.7158,8,2,"Co,Fe",3.5455;3.5455;3.6171;3.6171;3.6550;3.6550;3.7283;3.7283
18,,,,,17,Co,"17.000000,0.741078,0.745870",1|16|21|6,1|5|4|3,4,1,1,Co,0.1205,16,5,"Co,Cu,Fe,Nb,Ni",1.6352;1.6352;1.6925;1.6925;1.6990;1.6990;1.7562;1.7562;1.8541;1.8541;1.8821;1.8821;1.8919;1.8919;1.9662;1.9662,21,4,"Cu,Fe,Nb,Ni",2.4399;2.4399;2.4399;2.4724;2.4724;2.5115;2.5115;2.5115;2.5136;2.5136;2.5136;2.5283;2.5283;2.5283;2.5442;2.5442;2.6108;2.6108;2.6108;2.6627;2.6627,6,3,"Co,Nb,Ni",3.5014;3.5014;3.5455;3.5455;3.6086;3.6086
18,,,,,18,Cu,"18.000000,0.509214,0.515507",1|8|6|2,1|3|2|1,4,1,1,Ni,0.0753,8,3,"Co,Cu,Ni",1.6642;1.6642;1.7595;1.7595;1.7736;1.7736;1.7774;1.7774,6,2,"Fe,Nb",1.9035;1.9035;1.9230;1.9230;1.9776;1.9776,2,1,Nb,2.1029;2.1029
18,,,,,19,Cu,"19.000000,0.992639,0.253761",1|6|10|24,1|3|3|5,4,1,1,Cu,0.2015,6,3,"Cu,Fe,Nb",1.6849;1.6849;1.7664;1.7664;1.8080;1.8080,10,3,"Fe,Nb,Ni",1.9096;1.9096;1.9768;1.9768;1.9812;1.9812;2.0163;2.0163;2.0245;2.0245,24,5,"Co,Cu,Fe,Nb,Ni",2.6151;2.6151;2.6151;2.6320;2.6320;2.6320;2.6387;2.6387;2.6387;2.7155;2.7155;2.7155;2.7251;2.7251;2.7251;2.7680;2.7680;2.7680;2.8021;2.8021;2.8021;2.8025;2.8025;2.8025
18,,,,,20,Cu,"20.000000,0.017344,0.242024",1|2|2|8,1|1|1|3,4,1,1,Cu,0.2015,2,1,Fe,1.6267;1.6267,2,1,Fe,1.7322;1.7322,8,3,"Cu,Fe,Nb",1.8758;1.8758;1.9294;1.9294;1.9432;1.9432;1.9476;1.9476
18,,,,,21,Cu,"21.000000,0.486235,0.737242",1|8|8|16,1|3|3|4,4,1,1,Ni,0.2187,8,3,"Co,Cu,Ni",1.6642;1.6642;1.6713;1.6713;1.6931;1.6931;1.7272;1.7272,8,3,"Co,Fe,Ni",1.8437;1.8437;1.8754;1.8754;1.8821;1.8821;1.9605;1.9605,16,4,"Co,Cu,Fe,Nb",2.3911;2.3911;2.4723;2.4723;2.4789;2.4789;2.4789;2.5258;2.5258;2.5258;2.5564;2.5564;2.5626;2.5626;2.6064;2.6064
18,,,,,22,Cu,"22.000000,0.749600,0.510963",1|14|2|12,1|4|1|4,4,1,1,Co,0.1217,14,4,"Co,Cu,Nb,Ni",1.7456;1.7456;1.7547;1.7547;1.7562;1.7562;1.7736;1.7736;1.8406;1.8406;1.8470;1.8470;1.8518;1.8518,2,1,Cu,1.9691;1.9691,12,4,"Co,Cu,Fe,Ni",2.5132;2.5132;2.5132;2.5327;2.5327;2.5626;2.5626;2.6049;2.6049;2.6151;2.6151;2.6151
18,,,,,23,Cu,"23.000000,0.753384,0.247499",1|4|12|24,1|2|4|4,4,1,1,Nb,0.2437,4,2,"Cu,Nb",1.7664;1.7664;1.7835;1.7835,12,4,"Co,Cu,Nb,Ni",1.8985;1.8985;1.9476;1.9476;1.9691;1.9691;2.0589;2.0589;2.0592;2.0592;2.0899;2.0899,24,4,"Cu,Fe,Nb,Ni",2.6657;2.6657;2.6657;2.6764;2.6764;2.6764;2.6800;2.6800;2.6800;2.7000;2.7000;2.7000;2.7004;2.7004;2.7004;2.7024;2.7024;2.7024;2.7335;2.7335;2.7335;2.7580;2.7580;2.7580
18,,,,,24,Nb,"24.000000,0.987209,0.518831",1|8|8|10,1|3|3|3,4,1,1,Ni,0.0927,8,3,"Co,Cu,Fe",1.6764;1.6764;1.7080;1.7080;1.7547;1.7547;1.7708;1.7708,8,3,"Cu,Fe,Nb",1.8793;1.8793;1.9479;1.9479;1.9812;1.9812;2.0785;2.0785,10,3,"Co,Nb,Ni",2.4471;2.4471;2.4471;2.4724;2.4724;2.4881;2.4881;2.4881;2.5650;2.5650
18,,,,,25,Nb,"25.000000,0.006765,0.984209",1|16|20|4,1|5|5|2,4,1,1,Fe,0.0621,16,5,"Co,Cu,Fe,Nb,Ni",1.7785;1.7785;1.7801;1.7801;1.8065;1.8065;1.8322;1.8322;1.8672;1.8672;1.9294;1.9294;1.9364;1.9364;2.0163;2.0163,20,5,"Co,Cu,Fe,Nb,Ni",2.5034;2.5034;2.5444;2.5444;2.5663;2.5663;2.5663;2.6195;2.6195;2.6195;2.6627;2.6627;2.7000;2.7000;2.7000;2.7435;2.7435;2.7435;2.8117;2.8117,4,2,"Nb,Ni",3.4829;3.4829;3.4849;3.4849
18,,,,,26,Nb,"26.000000,0.512186,0.234141",1|16|22|8,1|4|5|2,4,1,1,Nb,0.3408,16,4,"Cu,Fe,Nb,Ni",1.7835;1.7835;1.8456;1.8456;1.8777;1.8777;1.8994;1.8994;1.9308;1.9308;2.0270;2.0270;2.0702;2.0702;2.1029;2.1029,22,5,"Co,Cu,Fe,Nb,Ni",2.5190;2.5190;2.5190;2.5893;2.5893;2.6260;2.6260;2.6260;2.7250;2.7250;2.7250;2.7708;2.7708;2.7708;2.8077;2.8077;2.8198;2.8198;2.8198;2.8579;2.8579;2.8579,8,2,"Cu,Ni",3.5495;3.5495;3.5942;3.5942;3.6509;3.6509;3.7209;3.7209
18,,,,,27,Nb,"27.000000,0.474485,0.260881",1|2|2|4,1|1|1|2,4,1,1,Nb,0.3408,2,1,Fe,1.6465;1.6465,2,1,Fe,1.7509;1.7509,4,2,"Cu,Ni",1.8810;1.8810;1.9230;1.9230
18,,,,,28,Nb,"28.000000,0.247900,0.973500",1|2|10|4,1|1|3|1,4,1,1,Co,0.1631,2,1,Co,1.6027;1.6027,10,3,"Fe,Nb,Ni",1.7579;1.7579;1.7801;1.7801;1.8243;1.8243;1.8409;1.8409;1.8757;1.8757,4,1,Fe,2.0525;2.0525;2.1278;2.1278
18,,,,,29,Nb,"29.000000,0.251209,0.519414",1|2|14|10,1|1|5|5,4,1,1,Fe,0.1398,2,1,Ni,1.6361;1.6361,14,5,"Co,Cu,Fe,Nb,Ni",1.7950;1.7950;1.8371;1.8371;1.8554;1.8554;1.9035;1.9035;1.9479;1.9479;1.9529;1.9529;2.0319;2.0319,10,5,"Co,Cu,Fe,Nb,Ni",2.3911;2.3911;2.4581;2.4581;2.4951;2.4951;2.5260;2.5260;2.6069;2.6069
18,,,,,30,Nb,"30.000000,0.744722,0.972250",1|4|8|2,1|1|3|1,4,1,1,Ni,0.1728,4,1,Co,1.5962;1.5962;1.6925;1.6925,8,3,"Fe,Nb,Ni",1.7965;1.7965;1.8449;1.8449;1.8748;1.8748;1.9364;1.9364,2,1,Cu,2.0589;2.0589
18,,,,,31,Nb,"31.000000,0.765327,0.277774",1|4|6|4,1|1|3|2,4,1,1,Cu,0.2437,4,1,Cu,1.6849;1.6849;1.7456;1.7456,6,3,"Co,Cu,Nb",1.8670;1.8670;1.8758;1.8758;1.8994;1.8994,4,2,"Nb,Ni",2.1275;2.1275;2.1509;2.1509
19,,,,,0,Ti,"0.000000,0.984100,0.242977",1|8|6|2,1|3|2|1,4,1,1,Mn,0.1572,8,3,"Fe,Mn,Ni",1.6796;1.6796;1.6986;1.6986;1.7184;1.7184;1.7610;1.7610,6,2,"Co,Ti",1.8880;1.8880;1.8902;1.8902;1.9179;1.9179,2,1,Mn,2.0890;2.0890
19,,,,,1,Ti,"1.000000,0.498557,0.272524",1|1|12|2,1|1|4|1,4,1,1,Mn,0.2163,1,1,Fe,0.9537,12,4,"Co,Fe,Ni,Ti",1.6787;1.6787;1.7502;1.7502;1.7516;1.7516;1.7560;1.7560;1.7864;1.7864;1.7877;1.7877,2,1,Mn,2.0641;2.0641
19,,,,,2,Ti,"2.000000,0.750104,0.981226",1|6|2|4,1|2|1|2,4,1,1,Co,0.1117,6,2,"Mn,Ni",1.6779;1.6779;1.6856;1.6856;1.7157;1.7157,2,1,Co,1.8482;1.8482,4,2,"Ni,Ti",1.9646;1.9646;2.0134;2.0134
19,,,,,3,Ti,"3.000000,0.253129,0.251313",1|18|19|4,1|5|4|2,4,1,1,Co,0.0316,18,5,"Co,Fe,Mn,Ni,Ti",1.7560;1.7560;1.7746;1.7746;1.8470;1.8470;1.8631;1.8631;1.8686;1.8686;1.8692;1.8692;1.8695;1.8695;1.9179;1.9179;2.0163;2.0163,19,4,"Co,Fe,Mn,Ni",2.4327;2.4327;2.5261;2.5261;2.5261;2.5987;2.5987;2.5987;2.6060;2.6060;2.6094;2.6094;2.6094;2.6630;2.6630;2.6630;2.7382;2.7382;2.7382,4,2,"Fe,Ni",3.5027;3.5027;3.5293;3.5293
19,,,,,4,Ti,"4.000000,0.240764,0.749646",1|4|12|5,1|2|4|2,4,1,1,Fe,0.0629,4,2,"Co,Ni",1.6796;1.6796;1.6881;1.6881,12,4,"Co,Fe,Mn,Ni",1.8178;1.8178;1.8511;1.8511;1.8514;1.8514;1.8605;1.8605;1.8767;1.8767;1.9001;1.9001,5,2,"Co,Mn",2.4393;2.4393;2.4393;2.4435;2.4435
19,,,,,5,Ti,"5.000000,0.763940,0.718322",1|2|6|6,1|1|2|3,4,1,1,Ni,0.2704,2,1,Fe,1.5528;1.5528,6,2,"Co,Ni",1.6571;1.6571;1.7240;1.7240;1.7362;1.7362,6,3,"Mn,Ni,Ti",1.8836;1.8836;1.9280;1.9280;1.9646;1.9646
19,,,,,6,Mn,"6.000000,0.994025,0.522674",1|12|4|2,1|4|2|1,4,1,1,Fe,0.3475,12,4,"Co,Fe,Mn,Ni",1.6501;1.6501;1.6846;1.6846;1.7124;1.7124;1.7342;1.7342;1.7551;1.7551;1.8198;1.8198,4,2,"Mn,Ti",2.0220;2.0220;2.0890;2.0890,2,1,Ti,2.1935;2.1935
19,,,,,7,Mn,"7.000000,0.983899,0.015411",1|8|8|3,1|3|2|1,4,1,1,Co,0.2574,8,3,"Co,Mn,Ti",1.6787;1.6787;1.6856;1.6856;1.6986;1.6986;1.7715;1.7715,8,2,"Co,Ni",1.8980;1.8980;1.9292;1.9292;1.9728;1.9728;1.9996;1.9996,3,1,Ni,2.4278;2.4278;2.4278
19,,,,,8,Mn,"8.000000,0.515103,0.996405",4|10|2|24,2|3|1|4,4,4,2,"Co,Ti",1.6678;1.6678;1.6779;1.6779,10,3,"Co,Mn,Ni",1.8152;1.8152;1.8579;1.8579;1.8807;1.8807;1.8897;1.8897;1.9262;1.9262,2,1,Ti,2.0641;2.0641,24,4,"Co,Fe,Ni,Ti",2.4689;2.4689;2.4689;2.5271;2.5271;2.5271;2.6104;2.6104;2.6104;2.6314;2.6314;2.6314;2.6630;2.6630;2.6630;2.6757;2.6757;2.6757;2.6879;2.6879;2.6879;2.7274;2.7274;2.7274
19,,,,,9,Mn,"9.000000,0.515392,0.248375",1|1|4|10,1|1|2|5,4,1,1,Ti,0.2163,1,1,Fe,1.1468,4,2,"Fe,Ni",1.6389;1.6389;1.6609;1.6609,10,5,"Co,Fe,Mn,Ni,Ti",1.8637;1.8637;1.8686;1.8686;1.8807;1.8807;1.8980;1.8980;1.9332;1.9332
19,,,,,10,Mn,"10.000000,0.495857,0.753934",1|14|25|6,1|4|5|3,4,1,1,Ni,0.1178,14,4,"Fe,Mn,Ni,Ti",1.7576;1.7576;1.7988;1.7988;1.8152;1.8152;1.8178;1.8178;1.8433;1.8433;1.9146;1.9146;1.9280;1.9280,25,5,"Co,Fe,Mn,Ni,Ti",2.4839;2.4839;2.5353;2.5353;2.5353;2.5413;2.5413;2.5413;2.5568;2.5568;2.5568;2.5805;2.5805;2.5805;2.6292;2.6292;2.6292;2.6327;2.6327;2.6327;2.6423;2.6423;2.6477;2.6477;2.6477,6,3,"Co,Ni,Ti",3.4970;3.4970;3.5058;3.5058;3.5933;3.5933
19,,,,,11,Mn,"11.000000,0.004052,0.251932",1|16|24|4,1|5|5|2,4,1,1,Ti,0.1572,16,5,"Co,Fe,Mn,Ni,Ti",1.6863;1.6863;1.7452;1.7452;1.7715;1.7715;1.7746;1.7746;1.8208;1.8208;1.8541;1.8541;1.9491;1.9491;2.0220;2.0220,24,5,"Co,Fe,Mn,Ni,Ti",2.4880;2.4880;2.4880;2.5538;2.5538;2.5538;2.5627;2.5627;2.5627;2.5689;2.5689;2.5689;2.5739;2.5739;2.5739;2.5810;2.5810;2.5810;2.6370;2.6370;2.6370;2.7145;2.7145;2.7145,4,2,"Mn,Ti",3.4817;3.4817;3.5268;3.5268
19,,,,,12,Mn,"12.000000,0.248542,0.501747",1|18|23|4,1|5|4|2,4,1,1,Fe,0.0874,18,5,"Co,Fe,Mn,Ni,Ti",1.7288;1.7288;1.7638;1.7638;1.7937;1.7937;1.8198;1.8198;1.8511;1.8511;1.8692;1.8692;1.8695;1.8695;1.8737;1.8737;1.8806;1.8806,23,4,"Co,Mn,Ni,Ti",2.4678;2.4678;2.5219;2.5219;2.5219;2.5321;2.5321;2.5321;2.5463;2.5463;2.5463;2.5538;2.5538;2.5538;2.5805;2.5805;2.5805;2.6794;2.6794;2.6794;2.7005;2.7005;2.7005,4,2,"Co,Fe",3.4612;3.4612;3.5577;3.5577
19,,,,,13,Fe,"13.000000,0.489140,9.400000",2|1|1|16,2|1|1|5,4,2,2,"Fe,Ni",0.7289;0.8027,1,1,Ti,0.9537,1,1,Mn,1.1468,16,5,"Co,Fe,Mn,Ni,Ti",1.8737;1.8737;1.9496;1.9496;1.9900;1.9900;2.0163;2.0163;2.0472;2.0472;2.0639;2.0639;2.1177;2.1177;2.1551;2.1551
19,,,,,14,Fe,"14.000000,0.007235,0.477837",1|12|4|11,1|4|2|4,4,1,1,Mn,0.3475,12,4,"Co,Fe,Mn,Ti",1.6414;1.6414;1.6863;1.6863;1.7288;1.7288;1.7578;1.7578;1.7610;1.7610;1.8434;1.8434,4,2,"Co,Ni",2.0178;2.0178;2.0452;2.0452,11,4,"Co,Fe,Ni,Ti",2.4195;2.4195;2.4327;2.4327;2.4394;2.4394;2.4932;2.4932;2.4932;2.5052;2.5052
19,,,,,15,Fe,"15.000000,0.496078,0.497422",1|1|16|22,1|1|5|4,4,1,1,Ni,0.0775,1,1,Fe,0.7289,16,5,"Co,Fe,Mn,Ni,Ti",1.6787;1.6787;1.7638;1.7638;1.8016;1.8016;1.8036;1.8036;1.8506;1.8506;1.8637;1.8637;1.9029;1.9029;1.9146;1.9146,22,4,"Co,Fe,Ni,Ti",2.4558;2.4558;2.5241;2.5241;2.5261;2.5261;2.5261;2.5547;2.5547;2.5547;2.5703;2.5703;2.5703;2.5882;2.5882;2.5882;2.6142;2.6142;2.6142;2.6156;2.6156;2.6156
19,,,,,16,Fe,"16.000000,0.236352,0.500432",1|4|14|23,1|2|4|4,4,1,1,Mn,0.0874,4,2,"Fe,Mn",1.6414;1.6414;1.7342;1.7342,14,4,"Co,Fe,Ni,Ti",1.8506;1.8506;1.8605;1.8605;1.8631;1.8631;1.8728;1.8728;1.8808;1.8808;1.8814;1.8814;1.9496;1.9496,23,4,"Co,Mn,Ni,Ti",2.4805;2.4805;2.4805;2.4880;2.4880;2.4880;2.4954;2.4954;2.4954;2.5245;2.5245;2.5912;2.5912;2.5912;2.6333;2.6333;2.6333;2.6477;2.6477;2.6477;2.7348;2.7348;2.7348
19,,,,,17,Fe,"17.000000,0.762807,0.510288",1|4|12|2,1|2|2|1,4,1,1,Co,0.1399,4,2,"Mn,Ti",1.5528;1.5528;1.6501;1.6501,12,2,"Fe,Ni",1.7578;1.7578;1.8022;1.8022;1.8073;1.8073;1.8709;1.8709;1.9029;1.9029;1.9384;1.9384,2,1,Fe,2.1177;2.1177
19,,,,,18,Fe,"18.000000,0.249181,0.752178",1|16|20|2,1|4|4|1,4,1,1,Ti,0.0629,16,4,"Co,Fe,Mn,Ni",1.7395;1.7395;1.7483;1.7483;1.7576;1.7576;1.7925;1.7925;1.8565;1.8565;1.8692;1.8692;1.8790;1.8790;1.8814;1.8814,20,4,"Co,Fe,Mn,Ni",2.4665;2.4665;2.4665;2.4999;2.4999;2.5568;2.5568;2.5568;2.5882;2.5882;2.5882;2.6314;2.6314;2.6314;2.6789;2.6789;2.6789;2.7240;2.7240;2.7240,2,1,Fe,3.1333;3.1333
19,,,,,19,Fe,"19.000000,0.744388,0.268816",1|12|6|16,1|4|3|3,4,1,1,Ni,0.1363,12,4,"Co,Fe,Mn,Ti",1.6389;1.6389;1.7019;1.7019;1.7184;1.7184;1.7516;1.7516;1.8073;1.8073;1.8541;1.8541,6,3,"Co,Fe,Ti",2.0353;2.0353;2.0639;2.0639;2.1469;2.1469,16,3,"Fe,Mn,Ni",2.4394;2.4394;2.4558;2.4558;2.4852;2.4852;2.4852;2.5453;2.5453;2.5453;2.6010;2.6010;2.6010;2.6104;2.6104;2.6104
19,,,,,20,Ni,"20.000000,0.500237,0.507004",1|1|16|23,1|1|5|4,4,1,1,Fe,0.0775,1,1,Fe,0.8027,16,5,"Co,Fe,Mn,Ni,Ti",1.7298;1.7298;1.7502;1.7502;1.7755;1.7755;1.7937;1.7937;1.8433;1.8433;1.8709;1.8709;1.8808;1.8808;1.9332;1.9332,23,4,"Co,Fe,Ni,Ti",2.4551;2.4551;2.4852;2.4852;2.4852;2.5420;2.5420;2.5420;2.5568;2.5568;2.5568;2.5858;2.5858;2.5858;2.5987;2.5987;2.5987;2.6017;2.6017;2.6017;2.6271;2.6271;2.6271
19,,,,,21,Ni,"21.000000,0.005032,0.751841",1|12|4|23,1|5|2|5,4,1,1,Co,0.0288,12,5,"Co,Fe,Mn,Ni,Ti",1.6796;1.6796;1.7124;1.7124;1.7362;1.7362;1.7395;1.7395;1.7842;1.7842;1.8290;1.8290,4,2,"Fe,Mn",1.9728;1.9728;2.0452;2.0452,23,5,"Co,Fe,Mn,Ni,Ti",2.4939;2.4939;2.4954;2.4954;2.4954;2.4979;2.4979;2.4979;2.5463;2.5463;2.5463;2.5516;2.5516;2.5516;2.5762;2.5762;2.5762;2.5898;2.5898;2.5898;2.6378;2.6378;2.6378
19,,,,,22,Ni,"22.000000,0.500396,0.738750",1|14|25|6,1|4|5|3,4,1,1,Mn,0.1178,14,4,"Fe,Mn,Ni,Ti",1.7298;1.7298;1.7691;1.7691;1.7925;1.7925;1.8016;1.8016;1.8514;1.8514;1.8836;1.8836;1.9262;1.9262,25,5,"Co,Fe,Mn,Ni,Ti",2.5219;2.5219;2.5219;2.5283;2.5283;2.5286;2.5286;2.5286;2.5298;2.5298;2.5400;2.5400;2.5400;2.5912;2.5912;2.5912;2.6163;2.6163;2.6163;2.6410;2.6410;2.6410;2.6462;2.6462;2.6462,6,3,"Co,Ni,Ti",3.4800;3.4800;3.5305;3.5305;3.5384;3.5384
19,,,,,23,Ni,"23.000000,0.249897,0.000909",1|2|12|24,1|1|4|4,4,1,1,Co,0.0391,2,1,Co,1.7159;1.7159,12,4,"Co,Fe,Mn,Ti",1.8565;1.8565;1.8577;1.8577;1.8692;1.8692;1.8767;1.8767;1.8897;1.8897;1.8980;1.8980,24,4,"Co,Mn,Ni,Ti",2.5413;2.5413;2.5413;2.5516;2.5516;2.5516;2.5627;2.5627;2.5627;2.5775;2.5775;2.5775;2.6152;2.6152;2.6152;2.6460;2.6460;2.6460;2.6462;2.6462;2.6462;2.6946;2.6946;2.6946
19,,,,,24,Ni,"24.000000,0.748494,0.250976",1|4|12|2,1|2|4|1,4,1,1,Fe,0.1363,4,2,"Mn,Ti",1.6609;1.6609;1.6796;1.6796,12,4,"Co,Fe,Mn,Ti",1.7877;1.7877;1.8208;1.8208;1.8347;1.8347;1.9019;1.9019;1.9384;1.9384;2.0134;2.0134,2,1,Fe,2.1551;2.1551
19,,,,,25,Ni,"25.000000,0.748324,0.751373",1|16|17|3,1|5|4|1,4,1,1,Ti,0.2704,16,5,"Co,Fe,Mn,Ni,Ti",1.7157;1.7157;1.7691;1.7691;1.7988;1.7988;1.8022;1.8022;1.8206;1.8206;1.8271;1.8271;1.8290;1.8290;1.9003;1.9003,17,4,"Co,Fe,Mn,Ni",2.4430;2.4430;2.4689;2.4689;2.4689;2.5420;2.5420;2.5420;2.5814;2.5814;2.5814;2.5908;2.5908;2.5908;2.6142;2.6142;2.6142,3,1,Fe,2.7493;2.7493;2.7493
19,,,,,26,Co,"26.000000,0.009305,0.990843",1|16|6|15,1|4|2|3,4,1,1,Mn,0.2574,16,4,"Co,Mn,Ni,Ti",1.7159;1.7159;1.7493;1.7493;1.7842;1.7842;1.8119;1.8119;1.8482;1.8482;1.8536;1.8536;1.8902;1.8902;1.9491;1.9491,6,2,"Fe,Ti",2.4393;2.4393;2.4393;2.4665;2.4665;2.4665,15,3,"Co,Ni,Ti",2.5813;2.5813;2.5813;2.5814;2.5814;2.5814;2.6094;2.6094;2.6094;2.6843;2.6843;2.6843;2.6853;2.6853;2.6853
19,,,,,27,Co,"27.000000,0.003839,0.748156",1|12|4|23,1|5|2|5,4,1,1,Ni,0.0288,12,5,"Co,Fe,Mn,Ni,Ti",1.6846;1.6846;1.6881;1.6881;1.7240;1.7240;1.7483;1.7483;1.8119;1.8119;1.8206;1.8206,4,2,"Fe,Mn",1.9996;1.9996;2.0178;2.0178,23,5,"Co,Fe,Mn,Ni,Ti",2.4722;2.4722;2.4722;2.4805;2.4805;2.4805;2.5067;2.5067;2.5321;2.5321;2.5321;2.5775;2.5775;2.5775;2.5898;2.5898;2.5898;2.6120;2.6120;2.6120;2.6157;2.6157;2.6157
19,,,,,28,Co,"28.000000,0.749185,0.996161",1|4|6|4,1|1|2|2,4,1,1,Ti,0.1117,4,1,Mn,1.6678;1.6678;1.6787;1.6787,6,2,"Co,Ni",1.8271;1.8271;1.8536;1.8536;1.9019;1.9019,4,2,"Fe,Ti",2.0353;2.0353;2.0763;2.0763
19,,,,,29,Co,"29.000000,0.749227,0.496776",1|18|23|6,1|4|4|3,4,1,1,Fe,0.1399,18,4,"Fe,Mn,Ni,Ti",1.6571;1.6571;1.7019;1.7019;1.7551;1.7551;1.7755;1.7755;1.8036;1.8036;1.8347;1.8347;1.8434;1.8434;1.9003;1.9003;1.9900;1.9900,23,4,"Co,Mn,Ni,Ti",2.4498;2.4498;2.4947;2.4947;2.4947;2.5255;2.5255;2.5255;2.5286;2.5286;2.5286;2.5739;2.5739;2.5739;2.6120;2.6120;2.6120;2.6327;2.6327;2.6327;2.6378;2.6378;2.6378,6,3,"Fe,Mn,Ti",3.4708;3.4708;3.5577;3.5577;3.6160;3.6160
19,,,,,30,Co,"30.000000,0.254430,0.003864",1|14|23|2,1|4|4|1,4,1,1,Ni,0.0391,14,4,"Co,Fe,Mn,Ti",1.7493;1.7493;1.8360;1.8360;1.8470;1.8470;1.8579;1.8579;1.8790;1.8790;1.9001;1.9001;1.9292;1.9292,23,4,"Co,Mn,Ni,Ti",2.5353;2.5353;2.5353;2.5689;2.5689;2.5689;2.5898;2.5898;2.5898;2.6075;2.6075;2.6075;2.6157;2.6157;2.6157;2.6236;2.6236;2.6410;2.6410;2.6410;2.6567;2.6567;2.6567,2,1,Fe,3.3993;3.3993
19,,,,,31,Co,"31.000000,0.248992,0.249794",1|16|2|2,1|5|1|1,4,1,1,Ti,0.0316,16,5,"Co,Fe,Mn,Ni,Ti",1.7452;1.7452;1.7864;1.7864;1.8360;1.8360;1.8577;1.8577;1.8728;1.8728;1.8806;1.8806;1.8880;1.8880;1.8980;1.8980,2,1,Fe,2.0472;2.0472,2,1,Fe,2.4195;2.4195
20,,,,,0,Cr,"0.000000,0.499442,-0.009531",1|16|21|3,1|5|5|1,4,1,1,Ni,0.0767,16,5,"Co,Cr,Fe,Mn,Ni",1.6889;1.6889;1.7053;1.7053;1.7747;1.7747;1.7759;1.7759;1.7941;1.7941;1.7945;1.7945;1.8115;1.8115;1.8386;1.8386,21,5,"Co,Cr,Fe,Mn,Ni",2.4214;2.4214;2.4214;2.4636;2.4636;2.4636;2.4667;2.4667;2.4667;2.4758;2.4758;2.4758;2.5016;2.5016;2.5016;2.5097;2.5097;2.5097;2.5264;2.5264;2.5264,3,1,Cr,2.6412;2.6412;2.6412
20,,,,,1,Cr,"1.000000,0.504637,0.503515",1|16|24|8,1|5|5|3,4,1,1,Mn,0.0252,16,5,"Co,Cr,Fe,Mn,Ni",1.7238;1.7238;1.7301;1.7301;1.7401;1.7401;1.7721;1.7721;1.7736;1.7736;1.7968;1.7968;1.8007;1.8007;1.8278;1.8278,24,5,"Co,Cr,Fe,Mn,Ni",2.4296;2.4296;2.4296;2.4643;2.4643;2.4643;2.4981;2.4981;2.4981;2.5247;2.5247;2.5247;2.5251;2.5251;2.5251;2.5274;2.5274;2.5274;2.5279;2.5279;2.5279;2.6078;2.6078;2.6078,8,3,"Cr,Fe,Ni",3.4290;3.4290;3.4842;3.4842;3.5057;3.5057;3.5235;3.5235
20,,,,,2,Cr,"2.000000,-0.007454,0.511095",1|14|24|10,1|4|5|4,4,1,1,Fe,0.0965,14,4,"Co,Fe,Mn,Ni",1.6886;1.6886;1.7126;1.7126;1.7575;1.7575;1.8226;1.8226;1.8310;1.8310;1.8404;1.8404;1.8609;1.8609,24,5,"Co,Cr,Fe,Mn,Ni",2.4201;2.4201;2.4201;2.4325;2.4325;2.4325;2.4650;2.4650;2.4650;2.5095;2.5095;2.5095;2.5300;2.5300;2.5300;2.5382;2.5382;2.5382;2.5629;2.5629;2.5629;2.6623;2.6623;2.6623,10,4,"Cr,Fe,Mn,Ni",3.4317;3.4317;3.4551;3.4551;3.4643;3.4643;3.4842;3.4842;3.5100;3.5100
20,,,,,3,Cr,"3.000000,0.503180,0.251604",1|16|24|3,1|4|4|1,4,1,1,Fe,0.0278,16,4,"Co,Cr,Mn,Ni",1.7406;1.7406;1.7586;1.7586;1.7602;1.7602;1.7620;1.7620;1.7736;1.7736;1.8226;1.8226;1.8386;1.8386;1.8560;1.8560,24,4,"Co,Fe,Mn,Ni",2.4397;2.4397;2.4397;2.4765;2.4765;2.4765;2.5033;2.5033;2.5033;2.5125;2.5125;2.5125;2.5334;2.5334;2.5334;2.5358;2.5358;2.5358;2.5385;2.5385;2.5385;2.5516;2.5516;2.5516,3,1,Fe,3.3531;3.3531;3.3531
20,,,,,4,Cr,"4.000000,0.243444,0.259286",1|16|24|3,1|5|4|1,4,1,1,Cr,0.1551,16,5,"Co,Cr,Fe,Mn,Ni",1.7008;1.7008;1.7527;1.7527;1.7550;1.7550;1.7559;1.7559;1.8212;1.8212;1.8505;1.8505;1.8510;1.8510;1.8560;1.8560,24,4,"Cr,Fe,Mn,Ni",2.4404;2.4404;2.4404;2.4937;2.4937;2.4937;2.5178;2.5178;2.5178;2.5274;2.5274;2.5274;2.5300;2.5300;2.5300;2.5321;2.5321;2.5321;2.5848;2.5848;2.5848;2.6412;2.6412;2.6412,3,1,Fe,3.0464;3.0464;3.0464
20,,,,,5,Cr,"5.000000,0.248220,0.237833",1|16|24|3,1|5|4|1,4,1,1,Cr,0.1551,16,5,"Co,Cr,Fe,Mn,Ni",1.6692;1.6692;1.6991;1.6991;1.7886;1.7886;1.7924;1.7924;1.8148;1.8148;1.8226;1.8226;1.8517;1.8517;1.9062;1.9062,24,4,"Cr,Fe,Mn,Ni",2.4115;2.4115;2.4115;2.4351;2.4351;2.4351;2.4550;2.4550;2.4550;2.5097;2.5097;2.5097;2.5716;2.5716;2.5716;2.6078;2.6078;2.6078;2.6112;2.6112;2.6112;2.6623;2.6623;2.6623,3,1,Fe,2.9875;2.9875;2.9875
20,,,,,6,Mn,"6.000000,0.001766,0.001798",1|1|14|24,1|1|4|5,4,1,1,Ni,0.0255,1,1,Fe,0.7267,14,4,"Co,Fe,Mn,Ni",1.7466;1.7466;1.7644;1.7644;1.7665;1.7665;1.7802;1.7802;1.7808;1.7808;1.7930;1.7930;1.7964;1.7964,24,5,"Co,Cr,Fe,Mn,Ni",2.4115;2.4115;2.4115;2.4937;2.4937;2.4937;2.5000;2.5000;2.5000;2.5041;2.5041;2.5041;2.5081;2.5081;2.5081;2.5144;2.5144;2.5144;2.5420;2.5420;2.5420;2.5428;2.5428;2.5428
20,,,,,7,Mn,"7.000000,0.507451,0.501369",1|16|24|8,1|5|5|3,4,1,1,Cr,0.0252,16,5,"Co,Cr,Fe,Mn,Ni",1.7095;1.7095;1.7394;1.7394;1.7519;1.7519;1.7557;1.7557;1.7586;1.7586;1.7857;1.7857;1.8174;1.8174;1.8479;1.8479,24,5,"Co,Cr,Fe,Mn,Ni",2.4260;2.4260;2.4260;2.4609;2.4609;2.4609;2.5002;2.5002;2.5002;2.5030;2.5030;2.5030;2.5232;2.5232;2.5232;2.5321;2.5321;2.5321;2.5498;2.5498;2.5498;2.6112;2.6112;2.6112,8,3,"Cr,Fe,Ni",3.4446;3.4446;3.4643;3.4643;3.5032;3.5032;3.5206;3.5206
20,,,,,8,Mn,"8.000000,-0.001884,0.249811",1|18|24|6,1|5|4|3,4,1,1,Fe,0.0179,18,5,"Co,Cr,Fe,Mn,Ni",1.7466;1.7466;1.7516;1.7516;1.7527;1.7527;1.7697;1.7697;1.7749;1.7749;1.7886;1.7886;1.7952;1.7952;1.8404;1.8404;1.8884;1.8884,24,4,"Co,Fe,Mn,Ni",2.4529;2.4529;2.4529;2.5056;2.5056;2.5056;2.5069;2.5069;2.5069;2.5095;2.5095;2.5095;2.5098;2.5098;2.5098;2.5266;2.5266;2.5266;2.5476;2.5476;2.5476;2.5661;2.5661;2.5661,6,3,"Cr,Fe,Ni",3.5127;3.5127;3.5345;3.5345;3.5410;3.5410
20,,,,,9,Mn,"9.000000,0.750291,0.006685",1|1|4|12,1|1|2|5,4,1,1,Fe,0.0843,1,1,Fe,1.0705,4,2,"Co,Mn",1.6711;1.6711;1.6860;1.6860,12,5,"Co,Cr,Fe,Mn,Ni",1.7866;1.7866;1.7938;1.7938;1.7941;1.7941;1.7956;1.7956;1.7964;1.7964;1.8294;1.8294
20,,,,,10,Mn,"10.000000,0.253110,0.508559",1|16|21|8,1|5|5|2,4,1,1,Ni,0.0627,16,5,"Co,Cr,Fe,Mn,Ni",1.6689;1.6689;1.7207;1.7207;1.7559;1.7559;1.7968;1.7968;1.8174;1.8174;1.8226;1.8226;1.8609;1.8609;1.9062;1.9062,21,5,"Co,Cr,Fe,Mn,Ni",2.4390;2.4390;2.4390;2.4572;2.4572;2.4572;2.5034;2.5034;2.5034;2.5516;2.5516;2.5516;2.5556;2.5556;2.5556;2.5661;2.5661;2.5661;2.5663;2.5663;2.5663,8,2,"Co,Ni",3.4360;3.4360;3.4659;3.4659;3.5268;3.5268;3.5687;3.5687
20,,,,,11,Mn,"11.000000,0.749562,0.246139",1|16|2|24,1|4|1|4,4,1,1,Co,0.0251,16,4,"Co,Cr,Fe,Mn",1.6860;1.6860;1.7602;1.7602;1.7626;1.7626;1.7663;1.7663;1.7703;1.7703;1.7724;1.7724;1.7749;1.7749;1.8095;1.8095,2,1,Fe,2.0458;2.0458,24,4,"Cr,Fe,Mn,Ni",2.4745;2.4745;2.4745;2.5000;2.5000;2.5000;2.5019;2.5019;2.5019;2.5030;2.5030;2.5030;2.5085;2.5085;2.5085;2.5264;2.5264;2.5264;2.5279;2.5279;2.5279;2.5382;2.5382;2.5382
20,,,,,12,Fe,"12.000000,-0.002006,0.498590",1|14|24|10,1|4|5|4,4,1,1,Cr,0.0965,14,4,"Co,Fe,Mn,Ni",1.7339;1.7339;1.7516;1.7516;1.7516;1.7516;1.7765;1.7765;1.7901;1.7901;1.7941;1.7941;1.8226;1.8226,24,5,"Co,Cr,Fe,Mn,Ni",2.4404;2.4404;2.4404;2.4963;2.4963;2.4963;2.5019;2.5019;2.5019;2.5096;2.5096;2.5096;2.5224;2.5224;2.5224;2.5267;2.5267;2.5267;2.5418;2.5418;2.5418;2.5716;2.5716;2.5716,10,4,"Cr,Fe,Mn,Ni",3.4981;3.4981;3.5032;3.5032;3.5196;3.5196;3.5235;3.5235;3.5744;3.5744
20,,,,,13,Fe,"13.000000,-8.100000,-5.000000",2|2|6|8,2|2|3|3,4,2,2,"Mn,Ni",0.7163;0.7267,2,2,"Fe,Mn",1.0664;1.0705,6,3,"Fe,Mn,Ni",1.8884;1.8884;1.8942;1.8942;1.9039;1.9039,8,3,"Co,Fe,Mn",2.0437;2.0437;2.0443;2.0443;2.0458;2.0458;2.0811;2.0811
20,,,,,14,Fe,"14.000000,0.501433,0.748293",1|16|24|2,1|5|4|1,4,1,1,Co,0.0190,16,5,"Co,Cr,Fe,Mn,Ni",1.7053;1.7053;1.7238;1.7238;1.7394;1.7394;1.7585;1.7585;1.7739;1.7739;1.7784;1.7784;1.7819;1.7819;1.7910;1.7910,24,4,"Co,Fe,Mn,Ni",2.4390;2.4390;2.4390;2.4766;2.4766;2.4766;2.4993;2.4993;2.4993;2.4995;2.4995;2.4995;2.5020;2.5020;2.5020;2.5099;2.5099;2.5099;2.5309;2.5309;2.5309;2.5337;2.5337;2.5337,2,1,Fe,3.3416;3.3416
20,,,,,15,Fe,"15.000000,-0.002265,0.252324",1|18|24|6,1|5|4|3,4,1,1,Mn,0.0179,18,5,"Co,Cr,Fe,Mn,Ni",1.7339;1.7339;1.7550;1.7550;1.7644;1.7644;1.7724;1.7724;1.7874;1.7874;1.7924;1.7924;1.7928;1.7928;1.8226;1.8226;1.9039;1.9039,24,4,"Co,Fe,Mn,Ni",2.4633;2.4633;2.4633;2.4926;2.4926;2.4926;2.4949;2.4949;2.4949;2.4952;2.4952;2.4952;2.5205;2.5205;2.5205;2.5410;2.5410;2.5410;2.5556;2.5556;2.5556;2.5620;2.5620;2.5620,6,3,"Cr,Fe,Ni",3.5104;3.5104;3.5316;3.5316;3.5383;3.5383
20,,,,,16,Fe,"16.000000,0.502242,0.247762",1|16|24|3,1|4|4|1,4,1,1,Cr,0.0278,16,4,"Co,Cr,Mn,Ni",1.7349;1.7349;1.7465;1.7465;1.7663;1.7663;1.7857;1.7857;1.8007;1.8007;1.8115;1.8115;1.8148;1.8148;1.8505;1.8505,24,4,"Co,Fe,Mn,Ni",2.4625;2.4625;2.4625;2.4635;2.4635;2.4635;2.4889;2.4889;2.4889;2.5097;2.5097;2.5097;2.5239;2.5239;2.5239;2.5271;2.5271;2.5271;2.5499;2.5499;2.5499;2.5663;2.5663;2.5663,3,1,Fe,3.3445;3.3445;3.3445
20,,,,,17,Fe,"17.000000,0.750726,-0.005277",1|1|16|21,1|1|5|5,4,1,1,Mn,0.0843,1,1,Fe,1.0664,16,5,"Co,Cr,Fe,Mn,Ni",1.7113;1.7113;1.7451;1.7451;1.7554;1.7554;1.7703;1.7703;1.7821;1.7821;1.7930;1.7930;1.7945;1.7945;1.7978;1.7978,21,5,"Co,Cr,Fe,Mn,Ni",2.4584;2.4584;2.4584;2.4739;2.4739;2.4739;2.4766;2.4766;2.4766;2.5098;2.5098;2.5098;2.5205;2.5205;2.5205;2.5239;2.5239;2.5239;2.5385;2.5385;2.5385
20,,,,,18,Fe,"18.000000,0.749838,0.751661",1|14|2|24,1|4|1|4,4,1,1,Co,0.0371,14,4,"Co,Fe,Mn,Ni",1.7113;1.7113;1.7500;1.7500;1.7645;1.7645;1.7739;1.7739;1.7749;1.7749;1.7956;1.7956;1.7969;1.7969,2,1,Fe,2.0443;2.0443,24,4,"Cr,Fe,Mn,Ni",2.4325;2.4325;2.4325;2.4609;2.4609;2.4609;2.4636;2.4636;2.4636;2.4643;2.4643;2.4643;2.4844;2.4844;2.4844;2.5081;2.5081;2.5081;2.5187;2.5187;2.5187;2.5224;2.5224;2.5224
20,,,,,19,Ni,"19.000000,0.000282,-0.001508",1|1|14|24,1|1|4|5,4,1,1,Mn,0.0255,1,1,Fe,0.7163,14,4,"Co,Fe,Mn,Ni",1.7432;1.7432;1.7697;1.7697;1.7821;1.7821;1.7866;1.7866;1.7874;1.7874;1.7907;1.7907;1.7909;1.7909,24,5,"Co,Cr,Fe,Mn,Ni",2.4351;2.4351;2.4351;2.4844;2.4844;2.4844;2.5058;2.5058;2.5058;2.5085;2.5085;2.5085;2.5124;2.5124;2.5124;2.5178;2.5178;2.5178;2.5190;2.5190;2.5190;2.5329;2.5329;2.5329
20,,,,,20,Ni,"20.000000,0.499112,0.001352",1|16|24|2,1|5|5|1,4,1,1,Cr,0.0767,16,5,"Co,Cr,Fe,Mn,Ni",1.7349;1.7349;1.7620;1.7620;1.7656;1.7656;1.7715;1.7715;1.7715;1.7715;1.7819;1.7819;1.7938;1.7938;1.7978;1.7978,24,5,"Co,Cr,Fe,Mn,Ni",2.4496;2.4496;2.4496;2.4550;2.4550;2.4550;2.4728;2.4728;2.4728;2.4745;2.4745;2.4745;2.5187;2.5187;2.5187;2.5188;2.5188;2.5188;2.5316;2.5316;2.5316;2.5848;2.5848;2.5848,2,1,Fe,2.8629;2.8629
20,,,,,21,Ni,"21.000000,-0.001623,0.750902",18|24|8|16,5|4|3|4,4,18,5,"Co,Cr,Fe,Mn,Ni",1.6886;1.6886;1.7432;1.7432;1.7665;1.7665;1.7749;1.7749;1.7765;1.7765;1.7904;1.7904;1.8021;1.8021;1.8145;1.8145;1.8942;1.8942,24,4,"Co,Fe,Mn,Ni",2.4643;2.4643;2.4643;2.4739;2.4739;2.4739;2.4900;2.4900;2.4900;2.5034;2.5034;2.5034;2.5107;2.5107;2.5107;2.5183;2.5183;2.5183;2.5279;2.5279;2.5279;2.5357;2.5357;2.5357,8,3,"Co,Fe,Mn",3.5104;3.5104;3.5127;3.5127;3.5393;3.5393;3.5486;3.5486,16,4,"Co,Cr,Mn,Ni",3.8530;3.8530;3.8903;3.8903;3.9096;3.9096;3.9209;3.9209;3.9211;3.9211;3.9253;3.9253;3.9443;3.9443;3.9751;3.9751
20,,,,,22,Ni,"22.000000,0.248676,0.500836",1|16|21|8,1|5|5|2,4,1,1,Mn,0.0627,16,5,"Co,Cr,Fe,Mn,Ni",1.7008;1.7008;1.7230;1.7230;1.7751;1.7751;1.7901;1.7901;1.8278;1.8278;1.8310;1.8310;1.8479;1.8479;1.8517;1.8517,21,5,"Co,Cr,Fe,Mn,Ni",2.4952;2.4952;2.4952;2.4993;2.4993;2.4993;2.5056;2.5056;2.5056;2.5174;2.5174;2.5174;2.5183;2.5183;2.5183;2.5358;2.5358;2.5358;2.5499;2.5499;2.5499,8,2,"Co,Ni",3.4902;3.4902;3.5200;3.5200;3.5414;3.5414;3.5572;3.5572
20,,,,,23,Ni,"23.000000,0.251045,-0.003445",1|16|23|8,1|4|5|3,4,1,1,Co,0.0298,16,4,"Co,Cr,Mn,Ni",1.6991;1.6991;1.7153;1.7153;1.7673;1.7673;1.7715;1.7715;1.7747;1.7747;1.7808;1.7808;1.7909;1.7909;1.8510;1.8510,23,5,"Co,Cr,Fe,Mn,Ni",2.4900;2.4900;2.4900;2.5050;2.5050;2.5050;2.5072;2.5072;2.5097;2.5097;2.5097;2.5099;2.5099;2.5099;2.5334;2.5334;2.5334;2.5476;2.5476;2.5476;2.5620;2.5620;2.5620,8,3,"Fe,Mn,Ni",3.4360;3.4360;3.4902;3.4902;3.5654;3.5654;3.5684;3.5684
20,,,,,24,Ni,"24.000000,0.250632,0.745552",1|14|24|3,1|4|4|1,4,1,1,Co,0.0536,14,4,"Co,Fe,Mn,Ni",1.6689;1.6689;1.7230;1.7230;1.7673;1.7673;1.7910;1.7910;1.7971;1.7971;1.8005;1.8005;1.8021;1.8021,24,4,"Cr,Fe,Mn,Ni",2.4650;2.4650;2.4650;2.4667;2.4667;2.4667;2.4963;2.4963;2.4963;2.4981;2.4981;2.4981;2.5188;2.5188;2.5188;2.5232;2.5232;2.5232;2.5329;2.5329;2.5329;2.5420;2.5420;2.5420,3,1,Fe,3.0897;3.0897;3.0897
20,,,,,25,Co,"25.000000,0.502746,0.750644",1|16|24|2,1|5|4|1,4,1,1,Fe,0.0190,16,5,"Co,Cr,Fe,Mn,Ni",1.6889;1.6889;1.7401;1.7401;1.7494;1.7494;1.7557;1.7557;1.7645;1.7645;1.7656;1.7656;1.7874;1.7874;1.8005;1.8005,24,4,"Co,Fe,Mn,Ni",2.4572;2.4572;2.4572;2.4584;2.4584;2.4584;2.5043;2.5043;2.5043;2.5050;2.5050;2.5050;2.5072;2.5072;2.5072;2.5154;2.5154;2.5154;2.5174;2.5174;2.5174;2.5259;2.5259;2.5259,2,1,Fe,3.3250;3.3250
20,,,,,26,Co,"26.000000,0.251043,0.000794",1|16|23|8,1|4|5|3,4,1,1,Ni,0.0298,16,4,"Co,Cr,Mn,Ni",1.6692;1.6692;1.7452;1.7452;1.7715;1.7715;1.7759;1.7759;1.7802;1.7802;1.7907;1.7907;1.7971;1.7971;1.8212;1.8212,23,5,"Co,Cr,Fe,Mn,Ni",2.4889;2.4889;2.4889;2.5068;2.5068;2.5107;2.5107;2.5107;2.5125;2.5125;2.5125;2.5259;2.5259;2.5259;2.5266;2.5266;2.5266;2.5309;2.5309;2.5309;2.5410;2.5410;2.5410,8,3,"Fe,Mn,Ni",3.4659;3.4659;3.5200;3.5200;3.5651;3.5651;3.5689;3.5689
20,,,,,27,Co,"27.000000,0.752787,0.503145",1|16|21|10,1|4|5|3,4,1,1,Co,0.0636,16,4,"Co,Cr,Fe,Mn",1.7126;1.7126;1.7166;1.7166;1.7500;1.7500;1.7516;1.7516;1.7519;1.7519;1.7721;1.7721;1.8095;1.8095;1.8249;1.8249,21,5,"Co,Cr,Fe,Mn,Ni",2.4643;2.4643;2.4643;2.4949;2.4949;2.4949;2.4995;2.4995;2.4995;2.5033;2.5033;2.5033;2.5043;2.5043;2.5043;2.5095;2.5095;2.5095;2.5271;2.5271;2.5271,10,3,"Fe,Mn,Ni",3.4613;3.4613;3.4954;3.4954;3.5414;3.5414;3.5687;3.5687;3.6453;3.6453
20,,,,,28,Co,"28.000000,0.746753,0.496447",1|16|21|8,1|4|5|3,4,1,1,Co,0.0636,16,4,"Co,Cr,Fe,Mn",1.7095;1.7095;1.7301;1.7301;1.7575;1.7575;1.7626;1.7626;1.7631;1.7631;1.7776;1.7776;1.7941;1.7941;1.7969;1.7969,21,5,"Co,Cr,Fe,Mn,Ni",2.4397;2.4397;2.4397;2.4635;2.4635;2.4635;2.4926;2.4926;2.4926;2.5020;2.5020;2.5020;2.5069;2.5069;2.5069;2.5072;2.5072;2.5072;2.5279;2.5279;2.5279,8,3,"Fe,Mn,Ni",3.4486;3.4486;3.5082;3.5082;3.5268;3.5268;3.5572;3.5572
20,,,,,29,Co,"29.000000,0.746756,0.243981",1|16|2|24,1|4|1|4,4,1,1,Mn,0.0251,16,4,"Co,Cr,Fe,Mn",1.6711;1.6711;1.7406;1.7406;1.7465;1.7465;1.7554;1.7554;1.7776;1.7776;1.7928;1.7928;1.7952;1.7952;1.8249;1.8249,2,1,Fe,2.0437;2.0437,24,4,"Cr,Fe,Mn,Ni",2.4496;2.4496;2.4496;2.5002;2.5002;2.5002;2.5016;2.5016;2.5016;2.5041;2.5041;2.5041;2.5124;2.5124;2.5124;2.5251;2.5251;2.5251;2.5267;2.5267;2.5267;2.5629;2.5629;2.5629
20,,,,,30,Co,"30.000000,0.252473,0.752946",1|14|24|3,1|4|4|1,4,1,1,Ni,0.0536,14,4,"Co,Fe,Mn,Ni",1.7153;1.7153;1.7207;1.7207;1.7452;1.7452;1.7751;1.7751;1.7784;1.7784;1.7874;1.7874;1.8145;1.8145,24,4,"Cr,Fe,Mn,Ni",2.4214;2.4214;2.4214;2.4728;2.4728;2.4728;2.5058;2.5058;2.5058;2.5095;2.5095;2.5095;2.5144;2.5144;2.5144;2.5247;2.5247;2.5247;2.5418;2.5418;2.5418;2.5498;2.5498;2.5498,3,1,Fe,3.0703;3.0703;3.0703
20,,,,,31,Co,"31.000000,0.747667,0.746858",1|14|2|24,1|4|1|4,4,1,1,Fe,0.0371,14,4,"Co,Fe,Mn,Ni",1.7166;1.7166;1.7451;1.7451;1.7494;1.7494;1.7585;1.7585;1.7631;1.7631;1.7904;1.7904;1.8294;1.8294,2,1,Fe,2.0811;2.0811,24,4,"Cr,Fe,Mn,Ni",2.4201;2.4201;2.4201;2.4260;2.4260;2.4260;2.4296;2.4296;2.4296;2.4758;2.4758;2.4758;2.5096;2.5096;2.5096;2.5190;2.5190;2.5190;2.5316;2.5316;2.5316;2.5428;2.5428;2.5428
21,,,,,0,Fe,"0.000000,0.505397,0.486116",1|16|12|12,1|5|4|4,4,1,1,Cu,0.1409,16,5,"Co,Cu,Fe,Ni,Zn",1.7194;1.7194;1.7210;1.7210;1.7800;1.7800;1.7861;1.7861;1.8510;1.8510;1.8579;1.8579;1.9026;1.9026;1.9109;1.9109,12,4,"Co,Fe,Ni,Zn",2.3901;2.3901;2.3901;2.4085;2.4085;2.4085;2.4734;2.4734;2.4734;2.4805;2.4805;2.4805,12,4,"Co,Fe,Ni,Zn",2.6108;2.6108;2.6108;2.6365;2.6365;2.6365;2.6370;2.6370;2.6370;2.6938;2.6938;2.6938
21,,,,,1,Fe,"1.000000,0.005936,0.252599",1|16|24|8,1|4|4|3,4,1,1,Zn,0.0792,16,4,"Co,Fe,Ni,Zn",1.7708;1.7708;1.8019;1.8019;1.8299;1.8299;1.8321;1.8321;1.8350;1.8350;1.8848;1.8848;1.8877;1.8877;1.9606;1.9606,24,4,"Co,Cu,Fe,Ni",2.5063;2.5063;2.5063;2.5466;2.5466;2.5466;2.5527;2.5527;2.5527;2.5806;2.5806;2.5806;2.5849;2.5849;2.5849;2.5900;2.5900;2.5900;2.6053;2.6053;2.6053;2.6805;2.6805;2.6805,8,3,"Co,Cu,Fe",3.5505;3.5505;3.5619;3.5619;3.5811;3.5811;3.5913;3.5913
21,,,,,2,Fe,"2.000000,0.991134,0.743616",1|16|24|8,1|4|4|3,4,1,1,Cu,0.0502,16,4,"Co,Fe,Ni,Zn",1.7018;1.7018;1.7493;1.7493;1.7798;1.7798;1.8037;1.8037;1.8237;1.8237;1.8492;1.8492;1.8512;1.8512;1.9442;1.9442,24,4,"Co,Cu,Fe,Ni",2.4934;2.4934;2.4934;2.4989;2.4989;2.4989;2.5791;2.5791;2.5791;2.5952;2.5952;2.5952;2.6111;2.6111;2.6111;2.6212;2.6212;2.6212;2.6595;2.6595;2.6595;2.6765;2.6765;2.6765,8,3,"Cu,Fe,Zn",3.5370;3.5370;3.5403;3.5403;3.5505;3.5505;3.5655;3.5655
21,,,,,3,Fe,"3.000000,0.251520,0.494490",1|16|24|8,1|5|4|2,4,1,1,Ni,0.0489,16,5,"Co,Cu,Fe,Ni,Zn",1.7008;1.7008;1.7280;1.7280;1.7488;1.7488;1.8334;1.8334;1.8491;1.8491;1.8508;1.8508;1.8579;1.8579;1.8882;1.8882,24,4,"Co,Cu,Fe,Zn",2.5063;2.5063;2.5063;2.5067;2.5067;2.5067;2.5273;2.5273;2.5273;2.5548;2.5548;2.5548;2.6065;2.6065;2.6065;2.6151;2.6151;2.6151;2.6212;2.6212;2.6212;2.6303;2.6303;2.6303,8,2,"Cu,Ni",3.5539;3.5539;3.5860;3.5860;3.6338;3.6338;3.6407;3.6407
21,,,,,4,Fe,"4.000000,0.263926,0.259505",1|8|8|24,1|3|3|4,4,1,1,Co,0.0721,8,3,"Co,Fe,Ni",1.6767;1.6767;1.7008;1.7008;1.7061;1.7061;1.7483;1.7483,8,3,"Cu,Fe,Zn",1.8574;1.8574;1.8877;1.8877;1.8891;1.8891;1.9656;1.9656,24,4,"Cu,Fe,Ni,Zn",2.4085;2.4085;2.4085;2.5007;2.5007;2.5007;2.5417;2.5417;2.5417;2.5526;2.5526;2.5526;2.5814;2.5814;2.5814;2.6412;2.6412;2.6412;2.6734;2.6734;2.6734;2.7331;2.7331;2.7331
21,,,,,5,Fe,"5.000000,0.240265,0.733302",1|16|21|3,1|4|4|1,4,1,1,Zn,0.1726,16,4,"Cu,Fe,Ni,Zn",1.6805;1.6805;1.7280;1.7280;1.7864;1.7864;1.8237;1.8237;1.9180;1.9180;1.9303;1.9303;1.9496;1.9496;1.9561;1.9561,21,4,"Cu,Fe,Ni,Zn",2.4429;2.4429;2.4429;2.4620;2.4620;2.4620;2.5378;2.5378;2.5378;2.5861;2.5861;2.5861;2.6370;2.6370;2.6370;2.6427;2.6427;2.6427;2.6742;2.6742;2.6742,3,1,Ni,2.7915;2.7915;2.7915
21,,,,,6,Ni,"6.000000,0.507685,0.008925",1|8|8|21,1|1|2|4,4,1,1,Cu,0.1175,8,1,Co,1.7135;1.7135;1.7324;1.7324;1.7337;1.7337;1.7576;1.7576,8,2,"Cu,Zn",1.8601;1.8601;1.8665;1.8665;1.8678;1.8678;1.8762;1.8762,21,4,"Co,Fe,Ni,Zn",2.4424;2.4424;2.4424;2.4664;2.4664;2.4664;2.5296;2.5296;2.5296;2.5417;2.5417;2.5417;2.5435;2.5435;2.5435;2.5887;2.5887;2.5887;2.6189;2.6189;2.6189
21,,,,,7,Ni,"7.000000,0.000872,0.497555",1|16|3|21,1|4|1|4,4,1,1,Zn,0.0615,16,4,"Cu,Fe,Ni,Zn",1.7589;1.7589;1.7708;1.7708;1.7798;1.7798;1.8103;1.8103;1.8334;1.8334;1.8405;1.8405;1.8427;1.8427;1.8477;1.8477,3,1,Fe,2.4429;2.4429;2.4429,21,4,"Co,Fe,Ni,Zn",2.5770;2.5770;2.5770;2.5770;2.5770;2.5770;2.5813;2.5813;2.5813;2.5814;2.5814;2.5814;2.6083;2.6083;2.6083;2.6155;2.6155;2.6155;2.6362;2.6362;2.6362
21,,,,,8,Ni,"8.000000,0.252774,0.501137",1|16|24|8,1|5|4|2,4,1,1,Fe,0.0489,16,5,"Co,Cu,Fe,Ni,Zn",1.6805;1.6805;1.7483;1.7483;1.7966;1.7966;1.8009;1.8009;1.8402;1.8402;1.8427;1.8427;1.8510;1.8510;1.8966;1.8966,24,4,"Co,Cu,Fe,Zn",2.5347;2.5347;2.5347;2.5466;2.5466;2.5466;2.5549;2.5549;2.5549;2.5662;2.5662;2.5662;2.5883;2.5883;2.5883;2.5901;2.5901;2.5901;2.5944;2.5944;2.5944;2.5952;2.5952;2.5952,8,2,"Cu,Ni",3.5935;3.5935;3.6019;3.6019;3.6243;3.6243;3.6313;3.6313
21,,,,,9,Ni,"9.000000,0.748288,0.501449",1|16|24|8,1|5|4|3,4,1,1,Cu,0.0164,16,5,"Co,Cu,Fe,Ni,Zn",1.7800;1.7800;1.7847;1.7847;1.7917;1.7917;1.7933;1.7933;1.8265;1.8265;1.8313;1.8313;1.8457;1.8457;1.8477;1.8477,24,4,"Co,Cu,Fe,Zn",2.4934;2.4934;2.4934;2.5203;2.5203;2.5203;2.5322;2.5322;2.5322;2.5408;2.5408;2.5408;2.5434;2.5434;2.5434;2.5932;2.5932;2.5932;2.6053;2.6053;2.6053;2.6143;2.6143;2.6143,8,3,"Co,Fe,Ni",3.5659;3.5659;3.5723;3.5723;3.6243;3.6243;3.6338;3.6338
21,,,,,10,Ni,"10.000000,0.748288,0.248066",1|16|24|8,1|5|4|3,4,1,1,Zn,0.0866,16,5,"Co,Cu,Fe,Ni,Zn",1.7346;1.7346;1.8068;1.8068;1.8165;1.8165;1.8248;1.8248;1.8313;1.8313;1.8386;1.8386;1.8680;1.8680;1.8848;1.8848,24,4,"Cu,Fe,Ni,Zn",2.4664;2.4664;2.4664;2.4734;2.4734;2.4734;2.5342;2.5342;2.5342;2.5636;2.5636;2.5636;2.5787;2.5787;2.5787;2.5813;2.5813;2.5813;2.5836;2.5836;2.5836;2.5939;2.5939;2.5939,8,3,"Co,Fe,Ni",3.5437;3.5437;3.5529;3.5529;3.5699;3.5699;3.5949;3.5949
21,,,,,11,Ni,"11.000000,0.744760,0.754141",1|16|24|8,1|5|4|3,4,1,1,Co,0.1044,16,5,"Co,Cu,Fe,Ni,Zn",1.7381;1.7381;1.7458;1.7458;1.7635;1.7635;1.8037;1.8037;1.8265;1.8265;1.8354;1.8354;1.8415;1.8415;1.8416;1.8416,24,4,"Cu,Fe,Ni,Zn",2.5137;2.5137;2.5137;2.5216;2.5216;2.5216;2.5296;2.5296;2.5296;2.5354;2.5354;2.5354;2.5773;2.5773;2.5773;2.5954;2.5954;2.5954;2.6108;2.6108;2.6108;2.6362;2.6362;2.6362,8,3,"Fe,Ni,Zn",3.5687;3.5687;3.5699;3.5699;3.6114;3.6114;3.6274;3.6274
21,,,,,12,Co,"12.000000,0.492902,0.248337",1|16|24|8,1|5|4|3,4,1,1,Co,0.0294,16,5,"Co,Cu,Fe,Ni,Zn",1.6767;1.6767;1.7210;1.7210;1.7270;1.7270;1.7337;1.7337;1.7923;1.7923;1.8187;1.8187;1.8611;1.8611;1.8680;1.8680,24,4,"Co,Cu,Fe,Ni",2.4977;2.4977;2.4977;2.5067;2.5067;2.5067;2.5154;2.5154;2.5154;2.5347;2.5347;2.5347;2.5491;2.5491;2.5491;2.5777;2.5777;2.5777;2.6089;2.6089;2.6089;2.6143;2.6143;2.6143,8,3,"Cu,Fe,Zn",3.5619;3.5619;3.5996;3.5996;3.6072;3.6072;3.6403;3.6403
21,,,,,13,Co,"13.000000,0.496921,0.248371",1|16|24|8,1|5|4|3,4,1,1,Co,0.0294,16,5,"Co,Cu,Fe,Ni,Zn",1.7061;1.7061;1.7194;1.7194;1.7324;1.7324;1.7564;1.7564;1.7629;1.7629;1.8187;1.8187;1.8386;1.8386;1.8597;1.8597,24,4,"Co,Cu,Fe,Ni",2.5187;2.5187;2.5187;2.5273;2.5273;2.5273;2.5278;2.5278;2.5278;2.5361;2.5361;2.5361;2.5549;2.5549;2.5549;2.5573;2.5573;2.5573;2.5877;2.5877;2.5877;2.5932;2.5932;2.5932,8,3,"Cu,Fe,Zn",3.5913;3.5913;3.5992;3.5992;3.6070;3.6070;3.6451;3.6451
21,,,,,14,Co,"14.000000,0.747978,0.008071",1|16|24|8,1|4|4|2,4,1,1,Co,0.1011,16,4,"Co,Cu,Ni,Zn",1.7346;1.7346;1.7576;1.7576;1.7773;1.7773;1.7902;1.7902;1.8192;1.8192;1.8354;1.8354;1.8372;1.8372;1.8735;1.8735,24,4,"Co,Cu,Fe,Zn",2.5278;2.5278;2.5278;2.5368;2.5368;2.5368;2.5491;2.5491;2.5491;2.5626;2.5626;2.5626;2.5849;2.5849;2.5849;2.5860;2.5860;2.5860;2.6111;2.6111;2.6111;2.6150;2.6150;2.6150,8,2,"Cu,Ni",3.5511;3.5511;3.5659;3.5659;3.6168;3.6168;3.6237;3.6237
21,,,,,15,Co,"15.000000,0.741586,0.995669",1|16|24|8,1|4|4|2,4,1,1,Co,0.1011,16,4,"Co,Cu,Ni,Zn",1.7135;1.7135;1.7324;1.7324;1.7458;1.7458;1.7886;1.7886;1.8248;1.8248;1.8360;1.8360;1.8656;1.8656;1.9194;1.9194,24,4,"Co,Cu,Fe,Zn",2.4655;2.4655;2.4655;2.4890;2.4890;2.4890;2.5573;2.5573;2.5573;2.5777;2.5777;2.5777;2.5791;2.5791;2.5791;2.5848;2.5848;2.5848;2.6332;2.6332;2.6332;2.6805;2.6805;2.6805,8,2,"Cu,Ni",3.5694;3.5694;3.5723;3.5723;3.5771;3.5771;3.5873;3.5873
21,,,,,16,Co,"16.000000,0.256822,0.252587",1|16|24|8,1|5|4|3,4,1,1,Fe,0.0721,16,5,"Co,Cu,Fe,Ni,Zn",1.7270;1.7270;1.7488;1.7488;1.7564;1.7564;1.7966;1.7966;1.8058;1.8058;1.8350;1.8350;1.8377;1.8377;1.9133;1.9133,24,4,"Cu,Fe,Ni,Zn",2.4805;2.4805;2.4805;2.5435;2.5435;2.5435;2.5511;2.5511;2.5511;2.5728;2.5728;2.5728;2.5770;2.5770;2.5770;2.6013;2.6013;2.6013;2.6364;2.6364;2.6364;2.6610;2.6610;2.6610,8,3,"Fe,Ni,Zn",3.4765;3.4765;3.5186;3.5186;3.5949;3.5949;3.5970;3.5970
21,,,,,17,Co,"17.000000,0.758827,0.756607",1|16|24|8,1|5|4|3,4,1,1,Ni,0.1044,16,5,"Co,Cu,Fe,Ni,Zn",1.7018;1.7018;1.7324;1.7324;1.7393;1.7393;1.8192;1.8192;1.8413;1.8413;1.8457;1.8457;1.8603;1.8603;1.8668;1.8668,24,4,"Cu,Fe,Ni,Zn",2.4501;2.4501;2.4501;2.5087;2.5087;2.5087;2.5187;2.5187;2.5187;2.5770;2.5770;2.5770;2.5845;2.5845;2.5845;2.5887;2.5887;2.5887;2.5991;2.5991;2.5991;2.6938;2.6938;2.6938,8,3,"Fe,Ni,Zn",3.5254;3.5254;3.5529;3.5529;3.5965;3.5965;3.6431;3.6431
21,,,,,18,Cu,"18.000000,0.497050,0.996740",1|16|24|8,1|3|4|3,4,1,1,Ni,0.1175,16,3,"Co,Cu,Zn",1.7808;1.7808;1.7812;1.7812;1.7886;1.7886;1.7886;1.7886;1.7887;1.7887;1.8187;1.8187;1.8187;1.8187;1.8372;1.8372,24,4,"Co,Fe,Ni,Zn",2.5016;2.5016;2.5016;2.5216;2.5216;2.5216;2.5511;2.5511;2.5511;2.5526;2.5526;2.5526;2.5598;2.5598;2.5598;2.5836;2.5836;2.5836;2.5845;2.5845;2.5845;2.6742;2.6742;2.6742,8,3,"Cu,Fe,Zn",3.5375;3.5375;3.5503;3.5503;3.6065;3.6065;3.6245;3.6245
21,,,,,19,Cu,"19.000000,0.504323,0.505577",1|16|24|8,1|5|4|3,4,1,1,Fe,0.1409,16,5,"Co,Cu,Fe,Ni,Zn",1.7619;1.7619;1.7703;1.7703;1.7847;1.7847;1.7920;1.7920;1.8402;1.8402;1.8508;1.8508;1.8597;1.8597;1.8611;1.8611,24,4,"Co,Fe,Ni,Zn",2.4964;2.4964;2.4964;2.5007;2.5007;2.5007;2.5137;2.5137;2.5137;2.5308;2.5308;2.5308;2.5378;2.5378;2.5378;2.5728;2.5728;2.5728;2.5787;2.5787;2.5787;2.5991;2.5991;2.5991,8,3,"Cu,Ni,Zn",3.5503;3.5503;3.5779;3.5779;3.5896;3.5896;3.6324;3.6324
21,,,,,20,Cu,"20.000000,0.996462,0.747992",1|16|24|8,1|4|4|3,4,1,1,Fe,0.0502,16,4,"Co,Fe,Ni,Zn",1.7393;1.7393;1.7810;1.7810;1.7864;1.7864;1.8103;1.8103;1.8178;1.8178;1.8181;1.8181;1.8416;1.8416;1.9048;1.9048,24,4,"Co,Cu,Fe,Ni",2.5434;2.5434;2.5434;2.5488;2.5488;2.5488;2.5848;2.5848;2.5848;2.5883;2.5883;2.5883;2.6095;2.6095;2.6095;2.6150;2.6150;2.6150;2.6151;2.6151;2.6151;2.6265;2.6265;2.6265,8,3,"Cu,Fe,Zn",3.5685;3.5685;3.5789;3.5789;3.5811;3.5811;3.6042;3.6042
21,,,,,21,Cu,"21.000000,0.503699,0.749359",1|16|24|8,1|5|4|3,4,1,1,Zn,0.0266,16,5,"Co,Cu,Fe,Ni,Zn",1.7619;1.7619;1.7635;1.7635;1.7886;1.7886;1.8054;1.8054;1.8668;1.8668;1.8762;1.8762;1.9026;1.9026;1.9303;1.9303,24,4,"Co,Cu,Fe,Ni",2.4890;2.4890;2.4890;2.5322;2.5322;2.5322;2.5477;2.5477;2.5477;2.5662;2.5662;2.5662;2.5663;2.5663;2.5663;2.5860;2.5860;2.5860;2.5942;2.5942;2.5942;2.6065;2.6065;2.6065,8,3,"Co,Cu,Fe",3.5655;3.5655;3.6042;3.6042;3.6070;3.6070;3.6072;3.6072
21,,,,,22,Cu,"22.000000,0.253588,0.998336",1|16|24|8,1|5|4|3,4,1,1,Cu,0.0329,16,5,"Co,Cu,Fe,Ni,Zn",1.7808;1.7808;1.7930;1.7930;1.8258;1.8258;1.8377;1.8377;1.8601;1.8601;1.8891;1.8891;1.9091;1.9091;1.9180;1.9180,24,4,"Co,Cu,Fe,Zn",2.5154;2.5154;2.5154;2.5361;2.5361;2.5361;2.5663;2.5663;2.5663;2.5787;2.5787;2.5787;2.5806;2.5806;2.5806;2.6095;2.6095;2.6095;2.6445;2.6445;2.6445;2.6595;2.6595;2.6595,8,3,"Co,Fe,Ni",3.5694;3.5694;3.5860;3.5860;3.5935;3.5935;3.6168;3.6168
21,,,,,23,Cu,"23.000000,0.749246,0.499396",1|16|24|8,1|5|4|3,4,1,1,Ni,0.0164,16,5,"Co,Cu,Fe,Ni,Zn",1.7772;1.7772;1.7861;1.7861;1.7864;1.7864;1.7920;1.7920;1.8165;1.8165;1.8405;1.8405;1.8415;1.8415;1.8603;1.8603,24,4,"Co,Cu,Fe,Zn",2.4989;2.4989;2.4989;2.5254;2.5254;2.5254;2.5358;2.5358;2.5358;2.5477;2.5477;2.5477;2.5488;2.5488;2.5488;2.5877;2.5877;2.5877;2.5900;2.5900;2.5900;2.6089;2.6089;2.6089,8,3,"Co,Fe,Ni",3.5511;3.5511;3.5873;3.5873;3.6313;3.6313;3.6407;3.6407
21,,,,,24,Cu,"24.000000,0.252576,0.002769",1|16|24|8,1|5|4|3,4,1,1,Cu,0.0329,16,5,"Co,Cu,Fe,Ni,Zn",1.7887;1.7887;1.8058;1.8058;1.8185;1.8185;1.8252;1.8252;1.8574;1.8574;1.8665;1.8665;1.9018;1.9018;1.9496;1.9496,24,4,"Co,Cu,Fe,Zn",2.4977;2.4977;2.4977;2.5187;2.5187;2.5187;2.5527;2.5527;2.5527;2.5942;2.5942;2.5942;2.6064;2.6064;2.6064;2.6169;2.6169;2.6169;2.6265;2.6265;2.6265;2.6765;2.6765;2.6765,8,3,"Co,Fe,Ni",3.5539;3.5539;3.5771;3.5771;3.6019;3.6019;3.6237;3.6237
21,,,,,25,Zn,"25.000000,0.992582,0.999467",1|16|24|8,1|4|4|3,4,1,1,Zn,0.0833,16,4,"Co,Cu,Fe,Zn",1.7902;1.7902;1.8178;1.8178;1.8321;1.8321;1.8360;1.8360;1.8416;1.8416;1.8492;1.8492;1.9018;1.9018;1.9091;1.9091,24,4,"Co,Fe,Ni,Zn",2.4501;2.4501;2.4501;2.5342;2.5342;2.5342;2.5354;2.5354;2.5354;2.6173;2.6173;2.6173;2.6423;2.6423;2.6423;2.6427;2.6427;2.6427;2.6610;2.6610;2.6610;2.7331;2.7331;2.7331,8,3,"Cu,Ni,Zn",3.5473;3.5473;3.5984;3.5984;3.6004;3.6004;3.6245;3.6245
21,,,,,26,Zn,"26.000000,0.993470,0.501595",1|16|24|8,1|4|4|3,4,1,1,Ni,0.0615,16,4,"Cu,Fe,Ni,Zn",1.7493;1.7493;1.7810;1.7810;1.7864;1.7864;1.7877;1.7877;1.7933;1.7933;1.8019;1.8019;1.8882;1.8882;1.8966;1.8966,24,4,"Co,Fe,Ni,Zn",2.4620;2.4620;2.4620;2.5187;2.5187;2.5187;2.5636;2.5636;2.5636;2.5773;2.5773;2.5773;2.5887;2.5887;2.5887;2.6345;2.6345;2.6345;2.6364;2.6364;2.6364;2.6412;2.6412;2.6412,8,3,"Cu,Fe,Zn",3.5716;3.5716;3.5779;3.5779;3.5984;3.5984;3.5989;3.5989
21,,,,,27,Zn,"27.000000,0.003973,0.999427",1|16|24|8,1|4|4|3,4,1,1,Zn,0.0833,16,4,"Co,Cu,Fe,Zn",1.8181;1.8181;1.8185;1.8185;1.8258;1.8258;1.8299;1.8299;1.8429;1.8429;1.8512;1.8512;1.8735;1.8735;1.9194;1.9194,24,4,"Co,Fe,Ni,Zn",2.5087;2.5087;2.5087;2.5818;2.5818;2.5818;2.5861;2.5861;2.5861;2.5939;2.5939;2.5939;2.5954;2.5954;2.5954;2.6013;2.6013;2.6013;2.6734;2.6734;2.6734;2.6774;2.6774;2.6774,8,3,"Cu,Ni,Zn",3.5989;3.5989;3.6003;3.6003;3.6065;3.6065;3.6306;3.6306
21,,,,,28,Zn,"28.000000,0.507159,0.750500",1|16|24|8,1|5|4|3,4,1,1,Cu,0.0266,16,5,"Co,Cu,Fe,Ni,Zn",1.7381;1.7381;1.7703;1.7703;1.7812;1.7812;1.8307;1.8307;1.8413;1.8413;1.8678;1.8678;1.9109;1.9109;1.9561;1.9561,24,4,"Co,Cu,Fe,Ni",2.4655;2.4655;2.4655;2.5203;2.5203;2.5203;2.5358;2.5358;2.5358;2.5626;2.5626;2.5626;2.5787;2.5787;2.5787;2.5901;2.5901;2.5901;2.6064;2.6064;2.6064;2.6303;2.6303;2.6303,8,3,"Co,Cu,Fe",3.5403;3.5403;3.5789;3.5789;3.5992;3.5992;3.5996;3.5996
21,,,,,29,Zn,"29.000000,0.995238,0.254256",1|16|24|8,1|4|4|3,4,1,1,Fe,0.0792,16,4,"Co,Fe,Ni,Zn",1.7589;1.7589;1.7877;1.7877;1.8068;1.8068;1.8416;1.8416;1.8429;1.8429;1.8824;1.8824;1.9133;1.9133;1.9656;1.9656,24,4,"Co,Cu,Fe,Ni",2.5254;2.5254;2.5254;2.5368;2.5368;2.5368;2.5408;2.5408;2.5408;2.5548;2.5548;2.5548;2.5944;2.5944;2.5944;2.6169;2.6169;2.6169;2.6332;2.6332;2.6332;2.6445;2.6445;2.6445,8,3,"Co,Cu,Fe",3.5370;3.5370;3.5685;3.5685;3.6403;3.6403;3.6451;3.6451
21,,,,,30,Zn,"30.000000,0.256870,0.750275",1|16|24|8,1|4|4|3,4,1,1,Fe,0.1726,16,4,"Cu,Fe,Ni,Zn",1.7930;1.7930;1.8009;1.8009;1.8054;1.8054;1.8252;1.8252;1.8307;1.8307;1.8491;1.8491;1.9048;1.9048;1.9442;1.9442,24,4,"Cu,Fe,Ni,Zn",2.5016;2.5016;2.5016;2.5308;2.5308;2.5308;2.5818;2.5818;2.5818;2.6155;2.6155;2.6155;2.6189;2.6189;2.6189;2.6345;2.6345;2.6345;2.6365;2.6365;2.6365;2.6423;2.6423;2.6423,8,3,"Co,Fe,Ni",3.5474;3.5474;3.5687;3.5687;3.5970;3.5970;3.6431;3.6431
21,,,,,31,Zn,"31.000000,0.737883,0.253769",1|16|24|8,1|5|4|3,4,1,1,Ni,0.0866,16,5,"Co,Cu,Fe,Ni,Zn",1.7629;1.7629;1.7772;1.7772;1.7773;1.7773;1.7917;1.7917;1.7923;1.7923;1.8656;1.8656;1.8824;1.8824;1.9606;1.9606,24,4,"Cu,Fe,Ni,Zn",2.3901;2.3901;2.3901;2.4424;2.4424;2.4424;2.4964;2.4964;2.4964;2.5598;2.5598;2.5598;2.5887;2.5887;2.5887;2.6083;2.6083;2.6083;2.6173;2.6173;2.6173;2.6774;2.6774;2.6774,8,3,"Co,Fe,Ni",3.4669;3.4669;3.5186;3.5186;3.5965;3.5965;3.6114;3.6114
22,,,,,0,Cr,"0.000000,0.002276,0.512081",1|12|4|24,1|3|2|4,4,1,1,Fe,0.0822,12,3,"Co,Fe,Ni",1.6838;1.6838;1.6959;1.6959;1.7121;1.7121;1.7403;1.7403;1.7646;1.7646;1.7836;1.7836,4,2,"Cr,Mn",1.8989;1.8989;1.9001;1.9001,24,4,"Co,Fe,Mn,Ni",2.4028;2.4028;2.4028;2.4404;2.4404;2.4404;2.4488;2.4488;2.4488;2.4587;2.4587;2.4587;2.5064;2.5064;2.5064;2.5560;2.5560;2.5560;2.5769;2.5769;2.5769;2.5834;2.5834;2.5834
22,,,,,1,Cr,"1.000000,0.502421,-0.002571",1|16|24|8,1|4|4|3,4,1,1,Ni,0.0444,16,4,"Cr,Fe,Mn,Ni",1.7135;1.7135;1.7665;1.7665;1.7705;1.7705;1.7713;1.7713;1.7738;1.7738;1.8097;1.8097;1.8397;1.8397;1.8565;1.8565,24,4,"Co,Fe,Mn,Ni",2.4770;2.4770;2.4770;2.4964;2.4964;2.4964;2.5048;2.5048;2.5048;2.5080;2.5080;2.5080;2.5153;2.5153;2.5153;2.5285;2.5285;2.5285;2.5330;2.5330;2.5330;2.5786;2.5786;2.5786,8,3,"Co,Cr,Mn",3.4985;3.4985;3.5081;3.5081;3.5283;3.5283;3.5358;3.5358
22,,,,,2,Cr,"2.000000,0.497612,0.504993",1|16|24|8,1|5|4|3,4,1,1,Mn,0.0390,16,5,"Co,Cr,Fe,Mn,Ni",1.6888;1.6888;1.7283;1.7283;1.7443;1.7443;1.7496;1.7496;1.7899;1.7899;1.7949;1.7949;1.8335;1.8335;1.8345;1.8345,24,4,"Co,Fe,Mn,Ni",2.4700;2.4700;2.4700;2.4737;2.4737;2.4737;2.5031;2.5031;2.5031;2.5082;2.5082;2.5082;2.5088;2.5088;2.5088;2.5239;2.5239;2.5239;2.5267;2.5267;2.5267;2.5741;2.5741;2.5741,8,3,"Cr,Fe,Ni",3.4985;3.4985;3.5004;3.5004;3.5055;3.5055;3.5364;3.5364
22,,,,,3,Cr,"3.000000,0.497013,0.748269",1|16|24|8,1|5|5|4,4,1,1,Fe,0.0462,16,5,"Co,Cr,Fe,Mn,Ni",1.7283;1.7283;1.7414;1.7414;1.7499;1.7499;1.7656;1.7656;1.7705;1.7705;1.7973;1.7973;1.8082;1.8082;1.8362;1.8362,24,5,"Co,Cr,Fe,Mn,Ni",2.4579;2.4579;2.4579;2.4878;2.4878;2.4878;2.4910;2.4910;2.4910;2.5090;2.5090;2.5090;2.5112;2.5112;2.5112;2.5365;2.5365;2.5365;2.5424;2.5424;2.5424;2.5445;2.5445;2.5445,8,4,"Co,Cr,Mn,Ni",3.4779;3.4779;3.5045;3.5045;3.5209;3.5209;3.5414;3.5414
22,,,,,4,Cr,"4.000000,0.002234,0.244619",1|16|24|8,1|4|5|4,4,1,1,Mn,0.0193,16,4,"Co,Cr,Fe,Mn",1.7170;1.7170;1.7266;1.7266;1.7335;1.7335;1.7581;1.7581;1.7687;1.7687;1.7997;1.7997;1.8180;1.8180;1.9001;1.9001,24,5,"Co,Cr,Fe,Mn,Ni",2.4227;2.4227;2.4227;2.4775;2.4775;2.4775;2.4892;2.4892;2.4892;2.5024;2.5024;2.5024;2.5104;2.5104;2.5104;2.5193;2.5193;2.5193;2.5429;2.5429;2.5429;2.5677;2.5677;2.5677,8,4,"Co,Cr,Mn,Ni",3.5052;3.5052;3.5081;3.5081;3.5197;3.5197;3.5204;3.5204
22,,,,,5,Cr,"5.000000,0.497346,0.258711",1|16|24|8,1|5|5|3,4,1,1,Mn,0.0864,16,5,"Co,Cr,Fe,Mn,Ni",1.7123;1.7123;1.7365;1.7365;1.7496;1.7496;1.7744;1.7744;1.7885;1.7885;1.8164;1.8164;1.8182;1.8182;1.8565;1.8565,24,5,"Co,Cr,Fe,Mn,Ni",2.4300;2.4300;2.4300;2.4841;2.4841;2.4841;2.4846;2.4846;2.4846;2.5135;2.5135;2.5135;2.5336;2.5336;2.5336;2.5709;2.5709;2.5709;2.5785;2.5785;2.5785;2.5834;2.5834;2.5834,8,3,"Cr,Fe,Mn",3.4384;3.4384;3.4779;3.4779;3.5052;3.5052;3.5244;3.5244
22,,,,,6,Cr,"6.000000,0.242466,0.001252",1|16|24|8,1|4|5|4,4,1,1,Ni,0.0669,16,4,"Co,Cr,Fe,Ni",1.7088;1.7088;1.7290;1.7290;1.7759;1.7759;1.7789;1.7789;1.7812;1.7812;1.7985;1.7985;1.8166;1.8166;1.8397;1.8397,24,5,"Co,Cr,Fe,Mn,Ni",2.4227;2.4227;2.4227;2.4371;2.4371;2.4371;2.4650;2.4650;2.4650;2.4852;2.4852;2.4852;2.5226;2.5226;2.5226;2.5424;2.5424;2.5424;2.5709;2.5709;2.5709;2.5873;2.5873;2.5873,8,4,"Co,Fe,Mn,Ni",3.4705;3.4705;3.5249;3.5249;3.5272;3.5272;3.5519;3.5519
22,,,,,7,Mn,"7.000000,0.499226,0.499737",1|16|24|8,1|5|4|3,4,1,1,Cr,0.0390,16,5,"Co,Cr,Fe,Mn,Ni",1.7123;1.7123;1.7260;1.7260;1.7550;1.7550;1.7656;1.7656;1.7783;1.7783;1.7972;1.7972;1.8061;1.8061;1.8218;1.8218,24,4,"Co,Fe,Mn,Ni",2.4844;2.4844;2.4844;2.4894;2.4894;2.4894;2.5046;2.5046;2.5046;2.5082;2.5082;2.5082;2.5087;2.5087;2.5087;2.5262;2.5262;2.5262;2.5264;2.5264;2.5264;2.5396;2.5396;2.5396,8,3,"Cr,Fe,Ni",3.5116;3.5116;3.5176;3.5176;3.5304;3.5304;3.5358;3.5358
22,,,,,8,Mn,"8.000000,-0.000483,0.244805",1|16|24|8,1|4|5|4,4,1,1,Cr,0.0193,16,4,"Co,Cr,Fe,Mn",1.7279;1.7279;1.7346;1.7346;1.7361;1.7361;1.7389;1.7389;1.7804;1.7804;1.7879;1.7879;1.8169;1.8169;1.8989;1.8989,24,5,"Co,Cr,Fe,Mn,Ni",2.4371;2.4371;2.4371;2.4765;2.4765;2.4765;2.4921;2.4921;2.4921;2.4962;2.4962;2.4962;2.5146;2.5146;2.5146;2.5286;2.5286;2.5286;2.5319;2.5319;2.5319;2.5550;2.5550;2.5550,8,4,"Co,Cr,Mn,Ni",3.5095;3.5095;3.5216;3.5216;3.5244;3.5244;3.5376;3.5376
22,,,,,9,Mn,"9.000000,0.499609,0.246760",1|16|24|8,1|5|5|3,4,1,1,Cr,0.0864,16,5,"Co,Cr,Fe,Mn,Ni",1.7332;1.7332;1.7521;1.7521;1.7581;1.7581;1.7713;1.7713;1.7972;1.7972;1.7988;1.7988;1.8050;1.8050;1.8345;1.8345,24,5,"Co,Cr,Fe,Mn,Ni",2.4838;2.4838;2.4838;2.5011;2.5011;2.5011;2.5070;2.5070;2.5070;2.5105;2.5105;2.5105;2.5226;2.5226;2.5226;2.5323;2.5323;2.5323;2.5554;2.5554;2.5554;2.5608;2.5608;2.5608,8,3,"Cr,Fe,Mn",3.5197;3.5197;3.5232;3.5232;3.5376;3.5376;3.5414;3.5414
22,,,,,10,Mn,"10.000000,0.744477,-0.009355",1|16|24|8,1|5|5|3,4,1,1,Ni,0.0786,16,5,"Co,Cr,Fe,Mn,Ni",1.6995;1.6995;1.7135;1.7135;1.7379;1.7379;1.7410;1.7410;1.7966;1.7966;1.8170;1.8170;1.8248;1.8248;1.8538;1.8538,24,5,"Co,Cr,Fe,Mn,Ni",2.4579;2.4579;2.4579;2.4691;2.4691;2.4691;2.4880;2.4880;2.4880;2.4917;2.4917;2.4917;2.5105;2.5105;2.5105;2.5550;2.5550;2.5550;2.5677;2.5677;2.5677;2.5834;2.5834;2.5834,8,3,"Cr,Fe,Ni",3.4822;3.4822;3.4861;3.4861;3.4871;3.4871;3.5249;3.5249
22,,,,,11,Mn,"11.000000,0.753795,0.247328",1|16|24|8,1|4|5|3,4,1,1,Co,0.0508,16,4,"Cr,Fe,Mn,Ni",1.7389;1.7389;1.7581;1.7581;1.7661;1.7661;1.7956;1.7956;1.7987;1.7987;1.7988;1.7988;1.8164;1.8164;1.8248;1.8248,24,5,"Co,Cr,Fe,Mn,Ni",2.4599;2.4599;2.4599;2.4693;2.4693;2.4693;2.5050;2.5050;2.5050;2.5153;2.5153;2.5153;2.5210;2.5210;2.5210;2.5396;2.5396;2.5396;2.5741;2.5741;2.5741;2.5769;2.5769;2.5769,8,3,"Co,Fe,Mn",3.4740;3.4740;3.5226;3.5226;3.5262;3.5262;3.5416;3.5416
22,,,,,12,Mn,"12.000000,0.756491,0.745847",1|16|24|8,1|5|5|3,4,1,1,Fe,0.0560,16,5,"Co,Cr,Fe,Mn,Ni",1.7196;1.7196;1.7363;1.7363;1.7410;1.7410;1.7435;1.7435;1.7461;1.7461;1.7968;1.7968;1.8125;1.8125;1.8362;1.8362,24,5,"Co,Cr,Fe,Mn,Ni",2.4028;2.4028;2.4028;2.4637;2.4637;2.4637;2.4922;2.4922;2.4922;2.5088;2.5088;2.5088;2.5109;2.5109;2.5109;2.5262;2.5262;2.5262;2.5330;2.5330;2.5330;2.5761;2.5761;2.5761,8,3,"Co,Mn,Ni",3.4907;3.4907;3.4992;3.4992;3.5120;3.5120;3.5416;3.5416
22,,,,,13,Fe,"13.000000,0.002986,0.500528",1|16|24|8,1|5|4|3,4,1,1,Cr,0.0822,16,5,"Co,Cr,Fe,Mn,Ni",1.7055;1.7055;1.7431;1.7431;1.7568;1.7568;1.7659;1.7659;1.7780;1.7780;1.7866;1.7866;1.8169;1.8169;1.8180;1.8180,24,4,"Co,Fe,Mn,Ni",2.4437;2.4437;2.4437;2.4637;2.4637;2.4637;2.4938;2.4938;2.4938;2.4948;2.4948;2.4948;2.5031;2.5031;2.5031;2.5197;2.5197;2.5197;2.5210;2.5210;2.5210;2.5288;2.5288;2.5288,8,3,"Co,Cr,Mn",3.5004;3.5004;3.5116;3.5116;3.5446;3.5446;3.5515;3.5515
22,,,,,14,Fe,"14.000000,0.500392,0.742697",1|16|24|8,1|5|5|4,4,1,1,Cr,0.0462,16,5,"Co,Cr,Fe,Mn,Ni",1.6888;1.6888;1.7260;1.7260;1.7662;1.7662;1.7744;1.7744;1.7746;1.7746;1.8097;1.8097;1.8125;1.8125;1.8477;1.8477,24,5,"Co,Cr,Fe,Mn,Ni",2.4664;2.4664;2.4664;2.4691;2.4691;2.4691;2.4798;2.4798;2.4798;2.4988;2.4988;2.4988;2.4999;2.4999;2.4999;2.5329;2.5329;2.5329;2.5477;2.5477;2.5477;2.5873;2.5873;2.5873,8,4,"Co,Cr,Mn,Ni",3.4384;3.4384;3.5232;3.5232;3.5287;3.5287;3.5320;3.5320
22,,,,,15,Fe,"15.000000,0.243999,0.501275",1|16|24|8,1|5|5|3,4,1,1,Co,0.0573,16,5,"Co,Cr,Fe,Mn,Ni",1.7055;1.7055;1.7121;1.7121;1.7538;1.7538;1.7732;1.7732;1.7741;1.7741;1.7777;1.7777;1.7949;1.7949;1.8061;1.8061,24,5,"Co,Cr,Fe,Mn,Ni",2.4637;2.4637;2.4637;2.4665;2.4665;2.4665;2.4846;2.4846;2.4846;2.4988;2.4988;2.4988;2.5024;2.5024;2.5024;2.5090;2.5090;2.5090;2.5146;2.5146;2.5146;2.5554;2.5554;2.5554,8,3,"Cr,Fe,Ni",3.4486;3.4486;3.4921;3.4921;3.5406;3.5406;3.5519;3.5519
22,,,,,16,Fe,"16.000000,0.756667,0.500057",1|16|24|8,1|4|5|4,4,1,1,Ni,0.0436,16,4,"Co,Cr,Fe,Mn",1.7403;1.7403;1.7431;1.7431;1.7461;1.7461;1.7665;1.7665;1.7866;1.7866;1.7956;1.7956;1.8218;1.8218;1.8335;1.8335,24,5,"Co,Cr,Fe,Mn,Ni",2.4682;2.4682;2.4682;2.4884;2.4884;2.4884;2.4962;2.4962;2.4962;2.4999;2.4999;2.4999;2.5104;2.5104;2.5104;2.5135;2.5135;2.5135;2.5445;2.5445;2.5445;2.5608;2.5608;2.5608,8,4,"Co,Fe,Mn,Ni",3.4486;3.4486;3.4861;3.4861;3.4998;3.4998;3.5428;3.5428
22,,,,,17,Fe,"17.000000,0.244647,0.254408",1|16|24|8,1|5|5|3,4,1,1,Co,0.0557,16,5,"Co,Cr,Fe,Mn,Ni",1.7170;1.7170;1.7288;1.7288;1.7361;1.7361;1.7538;1.7538;1.7885;1.7885;1.7985;1.7985;1.8050;1.8050;1.8108;1.8108,24,5,"Co,Cr,Fe,Mn,Ni",2.4437;2.4437;2.4437;2.4919;2.4919;2.4919;2.5064;2.5064;2.5064;2.5087;2.5087;2.5087;2.5107;2.5107;2.5107;2.5267;2.5267;2.5267;2.5355;2.5355;2.5355;2.5786;2.5786;2.5786,8,3,"Co,Mn,Ni",3.4740;3.4740;3.5146;3.5146;3.5276;3.5276;3.5310;3.5310
22,,,,,18,Fe,"18.000000,0.750964,0.751491",1|16|24|8,1|5|5|3,4,1,1,Mn,0.0560,16,5,"Co,Cr,Fe,Mn,Ni",1.6995;1.6995;1.7565;1.7565;1.7586;1.7586;1.7744;1.7744;1.7750;1.7750;1.7830;1.7830;1.7866;1.7866;1.7973;1.7973,24,5,"Co,Cr,Fe,Mn,Ni",2.4587;2.4587;2.4587;2.4770;2.4770;2.4770;2.4905;2.4905;2.4905;2.5082;2.5082;2.5082;2.5094;2.5094;2.5094;2.5197;2.5197;2.5197;2.5201;2.5201;2.5201;2.5264;2.5264;2.5264,8,3,"Co,Mn,Ni",3.5226;3.5226;3.5296;3.5296;3.5381;3.5381;3.5516;3.5516
22,,,,,19,Ni,"19.000000,0.499172,0.002782",1|16|24|8,1|4|4|3,4,1,1,Cr,0.0444,16,4,"Cr,Fe,Mn,Ni",1.7332;1.7332;1.7379;1.7379;1.7509;1.7509;1.7896;1.7896;1.8082;1.8082;1.8166;1.8166;1.8182;1.8182;1.8477;1.8477,24,4,"Co,Fe,Mn,Ni",2.4853;2.4853;2.4853;2.4969;2.4969;2.4969;2.5050;2.5050;2.5050;2.5071;2.5071;2.5071;2.5154;2.5154;2.5154;2.5201;2.5201;2.5201;2.5355;2.5355;2.5355;2.5761;2.5761;2.5761,8,3,"Co,Cr,Mn",3.5254;3.5254;3.5304;3.5304;3.5310;3.5310;3.5364;3.5364
22,,,,,20,Ni,"20.000000,0.001789,0.750802",1|16|24|8,1|5|5|3,4,1,1,Co,0.0205,16,5,"Co,Cr,Fe,Mn,Ni",1.6959;1.6959;1.7363;1.7363;1.7546;1.7546;1.7631;1.7631;1.7750;1.7750;1.7750;1.7750;1.7780;1.7780;1.7815;1.7815,24,5,"Co,Cr,Fe,Mn,Ni",2.4637;2.4637;2.4637;2.4650;2.4650;2.4650;2.4884;2.4884;2.4884;2.4917;2.4917;2.4917;2.4931;2.4931;2.4931;2.5027;2.5027;2.5027;2.5167;2.5167;2.5167;2.5178;2.5178;2.5178,8,3,"Cr,Fe,Mn",3.5045;3.5045;3.5081;3.5081;3.5095;3.5095;3.5287;3.5287
22,,,,,21,Ni,"21.000000,0.752043,-0.001264",1|16|24|8,1|5|5|3,4,1,1,Mn,0.0786,16,5,"Co,Cr,Fe,Mn,Ni",1.7416;1.7416;1.7565;1.7565;1.7618;1.7618;1.7661;1.7661;1.7665;1.7665;1.7896;1.7896;1.7963;1.7963;1.7968;1.7968,24,5,"Co,Cr,Fe,Mn,Ni",2.4765;2.4765;2.4765;2.4892;2.4892;2.4892;2.4901;2.4901;2.4901;2.4931;2.4931;2.4931;2.5070;2.5070;2.5070;2.5365;2.5365;2.5365;2.5477;2.5477;2.5477;2.5785;2.5785;2.5785,8,3,"Cr,Fe,Ni",3.4705;3.4705;3.5363;3.5363;3.5395;3.5395;3.5428;3.5428
22,,,,,22,Ni,"22.000000,0.750522,0.500503",1|16|24|8,1|4|5|4,4,1,1,Fe,0.0436,16,4,"Co,Cr,Fe,Mn",1.7435;1.7435;1.7686;1.7686;1.7783;1.7783;1.7830;1.7830;1.7836;1.7836;1.7866;1.7866;1.7899;1.7899;1.7987;1.7987,24,5,"Co,Cr,Fe,Mn,Ni",2.4664;2.4664;2.4664;2.4841;2.4841;2.4841;2.4965;2.4965;2.4965;2.5112;2.5112;2.5112;2.5167;2.5167;2.5167;2.5286;2.5286;2.5286;2.5323;2.5323;2.5323;2.5429;2.5429;2.5429,8,4,"Co,Fe,Mn,Ni",3.4822;3.4822;3.4921;3.4921;3.5333;3.5333;3.5395;3.5395
22,,,,,23,Ni,"23.000000,0.251770,-0.000405",1|16|24|8,1|4|5|4,4,1,1,Cr,0.0669,16,4,"Co,Cr,Fe,Ni",1.7509;1.7509;1.7632;1.7632;1.7666;1.7666;1.7738;1.7738;1.7747;1.7747;1.7916;1.7916;1.7948;1.7948;1.8108;1.8108,24,5,"Co,Cr,Fe,Mn,Ni",2.4775;2.4775;2.4775;2.4838;2.4838;2.4838;2.4878;2.4878;2.4878;2.4921;2.4921;2.4921;2.5027;2.5027;2.5027;2.5230;2.5230;2.5230;2.5329;2.5329;2.5329;2.5336;2.5336;2.5336,8,4,"Co,Fe,Mn,Ni",3.4871;3.4871;3.5363;3.5363;3.5383;3.5383;3.5406;3.5406
22,,,,,24,Ni,"24.000000,0.250939,0.751400",1|16|24|8,1|4|5|3,4,1,1,Co,0.0091,16,4,"Co,Cr,Fe,Ni",1.7414;1.7414;1.7631;1.7631;1.7632;1.7632;1.7662;1.7662;1.7759;1.7759;1.7777;1.7777;1.7797;1.7797;1.8026;1.8026,24,5,"Co,Cr,Fe,Mn,Ni",2.4488;2.4488;2.4488;2.4700;2.4700;2.4700;2.4964;2.4964;2.4964;2.5031;2.5031;2.5031;2.5046;2.5046;2.5046;2.5054;2.5054;2.5054;2.5071;2.5071;2.5071;2.5149;2.5149;2.5149,8,3,"Co,Fe,Mn",3.4992;3.4992;3.5310;3.5310;3.5381;3.5381;3.5493;3.5493
22,,,,,25,Co,"25.000000,0.000985,0.001580",1|16|24|8,1|4|4|3,4,1,1,Co,0.0212,16,4,"Co,Cr,Mn,Ni",1.7088;1.7088;1.7266;1.7266;1.7279;1.7279;1.7618;1.7618;1.7747;1.7747;1.7815;1.7815;1.7938;1.7938;1.8170;1.8170,24,4,"Co,Fe,Mn,Ni",2.4693;2.4693;2.4693;2.4919;2.4919;2.4919;2.5018;2.5018;2.5018;2.5054;2.5054;2.5054;2.5094;2.5094;2.5094;2.5109;2.5109;2.5109;2.5153;2.5153;2.5153;2.5196;2.5196;2.5196,8,3,"Cr,Fe,Ni",3.4774;3.4774;3.5254;3.5254;3.5283;3.5283;3.5446;3.5446
22,,,,,26,Co,"26.000000,-0.001858,0.000639",1|16|24|8,1|4|4|3,4,1,1,Co,0.0212,16,4,"Co,Cr,Mn,Ni",1.7290;1.7290;1.7335;1.7335;1.7346;1.7346;1.7416;1.7416;1.7750;1.7750;1.7870;1.7870;1.7948;1.7948;1.7966;1.7966,24,4,"Co,Fe,Mn,Ni",2.4599;2.4599;2.4599;2.4905;2.4905;2.4905;2.4922;2.4922;2.4922;2.5101;2.5101;2.5101;2.5107;2.5107;2.5107;2.5112;2.5112;2.5112;2.5149;2.5149;2.5149;2.5343;2.5343;2.5343,8,3,"Cr,Fe,Ni",3.4708;3.4708;3.5081;3.5081;3.5310;3.5310;3.5515;3.5515
22,,,,,27,Co,"27.000000,-0.000535,0.749091",1|16|24|8,1|5|5|3,4,1,1,Ni,0.0205,16,5,"Co,Cr,Fe,Mn,Ni",1.6838;1.6838;1.7196;1.7196;1.7586;1.7586;1.7659;1.7659;1.7711;1.7711;1.7797;1.7797;1.7870;1.7870;1.7938;1.7938,24,5,"Co,Cr,Fe,Mn,Ni",2.4665;2.4665;2.4665;2.4682;2.4682;2.4682;2.4852;2.4852;2.4852;2.4880;2.4880;2.4880;2.4901;2.4901;2.4901;2.4965;2.4965;2.4965;2.5208;2.5208;2.5208;2.5230;2.5230;2.5230,8,3,"Cr,Fe,Mn",3.5204;3.5204;3.5209;3.5209;3.5216;3.5216;3.5320;3.5320
22,,,,,28,Co,"28.000000,0.251237,0.497657",1|16|24|8,1|5|5|3,4,1,1,Fe,0.0573,16,5,"Co,Cr,Fe,Mn,Ni",1.7288;1.7288;1.7443;1.7443;1.7467;1.7467;1.7550;1.7550;1.7568;1.7568;1.7646;1.7646;1.7993;1.7993;1.8026;1.8026,24,5,"Co,Cr,Fe,Mn,Ni",2.4300;2.4300;2.4300;2.4798;2.4798;2.4798;2.4910;2.4910;2.4910;2.5011;2.5011;2.5011;2.5178;2.5178;2.5178;2.5193;2.5193;2.5193;2.5208;2.5208;2.5208;2.5319;2.5319;2.5319,8,3,"Cr,Fe,Ni",3.4998;3.4998;3.5272;3.5272;3.5333;3.5333;3.5383;3.5383
22,,,,,29,Co,"29.000000,0.252064,0.251785",1|16|24|8,1|5|5|3,4,1,1,Fe,0.0557,16,5,"Co,Cr,Fe,Mn,Ni",1.7365;1.7365;1.7467;1.7467;1.7521;1.7521;1.7687;1.7687;1.7732;1.7732;1.7812;1.7812;1.7879;1.7879;1.7916;1.7916,24,5,"Co,Cr,Fe,Mn,Ni",2.4844;2.4844;2.4844;2.4853;2.4853;2.4853;2.4938;2.4938;2.4938;2.5031;2.5031;2.5031;2.5153;2.5153;2.5153;2.5285;2.5285;2.5285;2.5343;2.5343;2.5343;2.5560;2.5560;2.5560,8,3,"Co,Mn,Ni",3.5095;3.5095;3.5262;3.5262;3.5460;3.5460;3.5493;3.5493
22,,,,,30,Co,"30.000000,0.747997,0.251564",1|16|24|8,1|4|5|3,4,1,1,Mn,0.0508,16,4,"Cr,Fe,Mn,Ni",1.7581;1.7581;1.7665;1.7665;1.7686;1.7686;1.7744;1.7744;1.7804;1.7804;1.7963;1.7963;1.7997;1.7997;1.8538;1.8538,24,5,"Co,Cr,Fe,Mn,Ni",2.4894;2.4894;2.4894;2.4969;2.4969;2.4969;2.5080;2.5080;2.5080;2.5101;2.5101;2.5101;2.5196;2.5196;2.5196;2.5239;2.5239;2.5239;2.5288;2.5288;2.5288;2.5834;2.5834;2.5834,8,3,"Co,Fe,Mn",3.5095;3.5095;3.5120;3.5120;3.5146;3.5146;3.5516;3.5516
22,,,,,31,Co,"31.000000,0.249739,0.750936",1|16|24|8,1|4|5|3,4,1,1,Ni,0.0091,16,4,"Co,Cr,Fe,Ni",1.7499;1.7499;1.7546;1.7546;1.7666;1.7666;1.7711;1.7711;1.7741;1.7741;1.7746;1.7746;1.7789;1.7789;1.7993;1.7993,24,5,"Co,Cr,Fe,Mn,Ni",2.4404;2.4404;2.4404;2.4737;2.4737;2.4737;2.4948;2.4948;2.4948;2.5018;2.5018;2.5018;2.5048;2.5048;2.5048;2.5082;2.5082;2.5082;2.5112;2.5112;2.5112;2.5154;2.5154;2.5154,8,3,"Co,Fe,Mn",3.4907;3.4907;3.5276;3.5276;3.5296;3.5296;3.5460;3.5460
23,,,,,0,Al,"0.000000,0.493770,0.017594",1|16|21|3,1|5|4|1,4,1,1,Co,0.0724,16,5,"Al,Co,Cu,Fe,Ni",1.6780;1.6780;1.6988;1.6988;1.7083;1.7083;1.7687;1.7687;1.8357;1.8357;1.8468;1.8468;1.9176;1.9176;1.9574;1.9574,21,4,"Al,Co,Fe,Ni",2.4002;2.4002;2.4002;2.4364;2.4364;2.4364;2.4695;2.4695;2.4695;2.4771;2.4771;2.4771;2.5505;2.5505;2.5505;2.6273;2.6273;2.6273;2.6658;2.6658;2.6658,3,1,Al,2.7658;2.7658;2.7658
23,,,,,1,Al,"1.000000,0.486355,0.482294",1|8|8|15,1|2|2|4,4,1,1,Ni,0.1537,8,2,"Co,Ni",1.6612;1.6612;1.6688;1.6688;1.6849;1.6849;1.7321;1.7321,8,2,"Cu,Ni",1.8785;1.8785;1.8942;1.8942;1.9135;1.9135;1.9614;1.9614,15,4,"Al,Co,Fe,Ni",2.3934;2.3934;2.3934;2.4297;2.4297;2.4297;2.4420;2.4420;2.4420;2.4828;2.4828;2.4828;2.4847;2.4847;2.4847
23,,,,,2,Al,"2.000000,0.998456,0.746066",1|16|24|8,1|4|4|2,4,1,1,Co,0.0753,16,4,"Al,Cu,Fe,Ni",1.7223;1.7223;1.7539;1.7539;1.7923;1.7923;1.8096;1.8096;1.8208;1.8208;1.8604;1.8604;1.8915;1.8915;1.9441;1.9441,24,4,"Al,Cu,Fe,Ni",2.4940;2.4940;2.4940;2.5176;2.5176;2.5176;2.5450;2.5450;2.5450;2.5475;2.5475;2.5475;2.5605;2.5605;2.5605;2.5699;2.5699;2.5699;2.5859;2.5859;2.5859;2.6680;2.6680;2.6680,8,2,"Cu,Ni",3.4948;3.4948;3.5629;3.5629;3.5648;3.5648;3.5652;3.5652
23,,,,,3,Al,"3.000000,0.751183,0.004265",1|16|24|8,1|5|4|3,4,1,1,Ni,0.0506,16,5,"Al,Co,Cu,Fe,Ni",1.7445;1.7445;1.7905;1.7905;1.7947;1.7947;1.8072;1.8072;1.8205;1.8205;1.8468;1.8468;1.8518;1.8518;1.9229;1.9229,24,4,"Al,Co,Cu,Ni",2.5067;2.5067;2.5067;2.5068;2.5068;2.5068;2.5071;2.5071;2.5071;2.5279;2.5279;2.5279;2.5446;2.5446;2.5446;2.5606;2.5606;2.5606;2.5699;2.5699;2.5699;2.5867;2.5867;2.5867,8,3,"Cu,Fe,Ni",3.5528;3.5528;3.5544;3.5544;3.5575;3.5575;3.5825;3.5825
23,,,,,4,Al,"4.000000,0.758247,0.738179",1|16|24|8,1|4|5|3,4,1,1,Ni,0.1001,16,4,"Al,Co,Cu,Ni",1.7208;1.7208;1.7223;1.7223;1.7495;1.7495;1.7720;1.7720;1.7762;1.7762;1.8445;1.8445;1.8748;1.8748;1.9229;1.9229,24,5,"Al,Co,Cu,Fe,Ni",2.4621;2.4621;2.4621;2.4781;2.4781;2.4781;2.5356;2.5356;2.5356;2.5611;2.5611;2.5611;2.6345;2.6345;2.6345;2.6886;2.6886;2.6886;2.6951;2.6951;2.6951;2.7658;2.7658;2.7658,8,3,"Al,Co,Fe",3.4762;3.4762;3.5004;3.5004;3.5094;3.5094;3.5140;3.5140
23,,,,,5,Al,"5.000000,0.269761,0.743724",1|16|24|8,1|5|5|3,4,1,1,Fe,0.2016,16,5,"Al,Co,Cu,Fe,Ni",1.6569;1.6569;1.7283;1.7283;1.7533;1.7533;1.8194;1.8194;1.8546;1.8546;1.8986;1.8986;1.9441;1.9441;1.9461;1.9461,24,5,"Al,Co,Cu,Fe,Ni",2.4420;2.4420;2.4420;2.4495;2.4495;2.4495;2.5270;2.5270;2.5270;2.5505;2.5505;2.5505;2.6217;2.6217;2.6217;2.6547;2.6547;2.6547;2.6864;2.6864;2.6864;2.7192;2.7192;2.7192,8,3,"Al,Co,Ni",3.4294;3.4294;3.5004;3.5004;3.5885;3.5885;3.5915;3.5915
23,,,,,6,Fe,"6.000000,0.005216,0.007786",1|16|24|8,1|5|4|4,4,1,1,Cu,0.0817,16,5,"Al,Co,Cu,Fe,Ni",1.7380;1.7380;1.7700;1.7700;1.7713;1.7713;1.7933;1.7933;1.8205;1.8205;1.8319;1.8319;1.8361;1.8361;1.8915;1.8915,24,4,"Al,Co,Fe,Ni",2.4376;2.4376;2.4376;2.4739;2.4739;2.4739;2.5075;2.5075;2.5075;2.5675;2.5675;2.5675;2.5691;2.5691;2.5691;2.6319;2.6319;2.6319;2.6345;2.6345;2.6345;2.6864;2.6864;2.6864,8,4,"Al,Co,Cu,Fe",3.5016;3.5016;3.5131;3.5131;3.5243;3.5243;3.5383;3.5383
23,,,,,7,Fe,"7.000000,0.998501,0.494030",1|16|24|8,1|4|4|4,4,1,1,Cu,0.0363,16,4,"Al,Co,Cu,Ni",1.7421;1.7421;1.7445;1.7445;1.7705;1.7705;1.7807;1.7807;1.7943;1.7943;1.8208;1.8208;1.8284;1.8284;1.8804;1.8804,24,4,"Al,Co,Fe,Ni",2.4621;2.4621;2.4621;2.5032;2.5032;2.5032;2.5211;2.5211;2.5211;2.5287;2.5287;2.5287;2.5384;2.5384;2.5384;2.5621;2.5621;2.5621;2.5651;2.5651;2.5651;2.6547;2.6547;2.6547,8,4,"Al,Cu,Fe,Ni",3.4966;3.4966;3.5131;3.5131;3.5436;3.5436;3.5494;3.5494
23,,,,,8,Fe,"8.000000,0.255423,0.012756",1|16|24|8,1|5|4|2,4,1,1,Cu,0.1106,16,5,"Al,Co,Cu,Fe,Ni",1.6953;1.6953;1.6961;1.6961;1.7083;1.7083;1.7456;1.7456;1.7933;1.7933;1.8699;1.8699;1.8809;1.8809;1.9461;1.9461,24,4,"Al,Co,Cu,Ni",2.4618;2.4618;2.4618;2.4692;2.4692;2.4692;2.5250;2.5250;2.5250;2.5438;2.5438;2.5438;2.5930;2.5930;2.5930;2.6028;2.6028;2.6028;2.6199;2.6199;2.6199;2.6680;2.6680;2.6680,8,2,"Al,Ni",3.4654;3.4654;3.5372;3.5372;3.5397;3.5397;3.5528;3.5528
23,,,,,9,Fe,"9.000000,0.243116,0.752726",1|16|24|8,1|5|5|3,4,1,1,Al,0.2016,16,5,"Al,Co,Cu,Fe,Ni",1.7064;1.7064;1.7539;1.7539;1.7835;1.7835;1.8093;1.8093;1.8480;1.8480;1.8809;1.8809;1.8819;1.8819;1.9178;1.9178,24,5,"Al,Co,Cu,Fe,Ni",2.5075;2.5075;2.5075;2.5332;2.5332;2.5332;2.5377;2.5377;2.5377;2.5651;2.5651;2.5651;2.6087;2.6087;2.6087;2.6154;2.6154;2.6154;2.6273;2.6273;2.6273;2.6288;2.6288;2.6288,8,3,"Al,Co,Ni",3.4762;3.4762;3.5456;3.5456;3.5730;3.5730;3.5743;3.5743
23,,,,,10,Fe,"10.000000,0.744968,0.252621",1|16|24|8,1|4|5|3,4,1,1,Co,0.0078,16,4,"Al,Co,Cu,Ni",1.7318;1.7318;1.7603;1.7603;1.7634;1.7634;1.7887;1.7887;1.7915;1.7915;1.7947;1.7947;1.8194;1.8194;1.8429;1.8429,24,5,"Al,Co,Cu,Fe,Ni",2.4633;2.4633;2.4633;2.4771;2.4771;2.4771;2.4847;2.4847;2.4847;2.4934;2.4934;2.4934;2.5211;2.5211;2.5211;2.5347;2.5347;2.5347;2.5540;2.5540;2.5540;2.5675;2.5675;2.5675,8,3,"Al,Co,Ni",3.5094;3.5094;3.5373;3.5373;3.5781;3.5781;3.5787;3.5787
23,,,,,11,Ni,"11.000000,0.503152,0.495491",1|16|24|8,1|3|4|4,4,1,1,Al,0.1537,16,3,"Co,Cu,Ni",1.7546;1.7546;1.7552;1.7552;1.7696;1.7696;1.7761;1.7761;1.7879;1.7879;1.8151;1.8151;1.8473;1.8473;1.8588;1.8588,24,4,"Al,Co,Fe,Ni",2.4495;2.4495;2.4495;2.4619;2.4619;2.4619;2.4633;2.4633;2.4633;2.5352;2.5352;2.5352;2.5356;2.5356;2.5356;2.5461;2.5461;2.5461;2.5826;2.5826;2.5826;2.6288;2.6288;2.6288,8,4,"Al,Co,Cu,Fe",3.4534;3.4534;3.5147;3.5147;3.5494;3.5494;3.5816;3.5816
23,,,,,12,Ni,"12.000000,0.510765,0.752657",1|16|24|8,1|4|4|3,4,1,1,Cu,0.0824,16,4,"Al,Co,Fe,Ni",1.7026;1.7026;1.7283;1.7283;1.7762;1.7762;1.8538;1.8538;1.8588;1.8588;1.9176;1.9176;1.9178;1.9178;1.9614;1.9614,24,4,"Al,Cu,Fe,Ni",2.4622;2.4622;2.4622;2.5009;2.5009;2.5009;2.5071;2.5071;2.5071;2.5120;2.5120;2.5120;2.5926;2.5926;2.5926;2.6199;2.6199;2.6199;2.6271;2.6271;2.6271;2.6350;2.6350;2.6350,8,3,"Al,Co,Ni",3.4948;3.4948;3.5414;3.5414;3.5908;3.5908;3.6132;3.6132
23,,,,,13,Ni,"13.000000,0.994983,0.252600",1|16|24|8,1|4|4|3,4,1,1,Cu,0.0279,16,4,"Co,Cu,Fe,Ni",1.7445;1.7445;1.7568;1.7568;1.7700;1.7700;1.7868;1.7868;1.7915;1.7915;1.7979;1.7979;1.7992;1.7992;1.8373;1.8373,24,4,"Al,Cu,Fe,Ni",2.4929;2.4929;2.4929;2.5030;2.5030;2.5030;2.5068;2.5068;2.5068;2.5400;2.5400;2.5400;2.5438;2.5438;2.5438;2.5472;2.5472;2.5472;2.5516;2.5516;2.5516;2.5702;2.5702;2.5702,8,3,"Al,Co,Ni",3.5232;3.5232;3.5549;3.5549;3.5652;3.5652;3.6011;3.6011
23,,,,,14,Ni,"14.000000,0.498868,0.252667",1|16|24|8,1|4|4|2,4,1,1,Co,0.0385,16,4,"Al,Co,Fe,Ni",1.6612;1.6612;1.6988;1.6988;1.7546;1.7546;1.7570;1.7570;1.7603;1.7603;1.7634;1.7634;1.7741;1.7741;1.8246;1.8246,24,4,"Al,Cu,Fe,Ni",2.4618;2.4618;2.4618;2.4646;2.4646;2.4646;2.5100;2.5100;2.5100;2.5397;2.5397;2.5397;2.5446;2.5446;2.5446;2.5566;2.5566;2.5566;2.5688;2.5688;2.5688;2.5691;2.5691;2.5691,8,2,"Cu,Ni",3.5549;3.5549;3.5694;3.5694;3.5827;3.5827;3.6132;3.6132
23,,,,,15,Ni,"15.000000,0.253661,0.492432",1|2|14|24,1|1|5|4,4,1,1,Ni,0.0924,2,1,Al,1.6688;1.6688,14,5,"Al,Co,Cu,Fe,Ni",1.7705;1.7705;1.7724;1.7724;1.7879;1.7879;1.7940;1.7940;1.8194;1.8194;1.8284;1.8284;1.8819;1.8819,24,4,"Al,Co,Cu,Ni",2.4646;2.4646;2.4646;2.5026;2.5026;2.5026;2.5183;2.5183;2.5183;2.5400;2.5400;2.5400;2.5553;2.5553;2.5553;2.5859;2.5859;2.5859;2.5957;2.5957;2.5957;2.6350;2.6350;2.6350
23,,,,,16,Ni,"16.000000,0.748104,0.496248",1|16|24|8,1|5|4|2,4,1,1,Ni,0.0315,16,5,"Al,Co,Cu,Fe,Ni",1.7495;1.7495;1.7552;1.7552;1.7603;1.7603;1.7647;1.7647;1.7943;1.7943;1.8185;1.8185;1.8287;1.8287;1.8785;1.8785,24,4,"Al,Co,Cu,Ni",2.4929;2.4929;2.4929;2.5029;2.5029;2.5029;2.5100;2.5100;2.5100;2.5112;2.5112;2.5112;2.5120;2.5120;2.5120;2.5292;2.5292;2.5292;2.5475;2.5475;2.5475;2.6223;2.6223;2.6223,8,2,"Al,Ni",3.5431;3.5431;3.5544;3.5544;3.5639;3.5639;3.6028;3.6028
23,,,,,17,Ni,"17.000000,0.749203,0.997552",1|16|24|8,1|5|4|3,4,1,1,Al,0.0506,16,5,"Al,Co,Cu,Fe,Ni",1.7594;1.7594;1.7945;1.7945;1.8032;1.8032;1.8357;1.8357;1.8361;1.8361;1.8387;1.8387;1.8429;1.8429;1.8748;1.8748,24,4,"Al,Co,Cu,Ni",2.4622;2.4622;2.4622;2.5313;2.5313;2.5313;2.5369;2.5369;2.5369;2.5420;2.5420;2.5420;2.5450;2.5450;2.5450;2.5516;2.5516;2.5516;2.5691;2.5691;2.5691;2.5725;2.5725;2.5725,8,3,"Cu,Fe,Ni",3.5397;3.5397;3.5717;3.5717;3.5935;3.5935;3.6028;3.6028
23,,,,,18,Ni,"18.000000,0.245425,0.502287",1|16|24|8,1|5|4|3,4,1,1,Ni,0.0924,16,5,"Al,Co,Cu,Fe,Ni",1.7321;1.7321;1.7357;1.7357;1.7533;1.7533;1.7705;1.7705;1.8093;1.8093;1.8420;1.8420;1.8423;1.8423;1.8473;1.8473,24,4,"Al,Co,Cu,Ni",2.4940;2.4940;2.4940;2.5035;2.5035;2.5035;2.5261;2.5261;2.5261;2.5467;2.5467;2.5467;2.5472;2.5472;2.5472;2.5566;2.5566;2.5566;2.5945;2.5945;2.5945;2.6271;2.6271;2.6271,8,3,"Cu,Fe,Ni",3.5372;3.5372;3.5496;3.5496;3.5639;3.5639;3.5925;3.5925
23,,,,,19,Ni,"19.000000,0.750056,0.500143",1|16|24|8,1|5|4|2,4,1,1,Ni,0.0315,16,5,"Al,Co,Cu,Fe,Ni",1.7208;1.7208;1.7696;1.7696;1.7807;1.7807;1.7887;1.7887;1.7904;1.7904;1.7932;1.7932;1.8149;1.8149;1.8942;1.8942,24,4,"Al,Co,Cu,Ni",2.5009;2.5009;2.5009;2.5030;2.5030;2.5030;2.5176;2.5176;2.5176;2.5191;2.5191;2.5191;2.5210;2.5210;2.5210;2.5328;2.5328;2.5328;2.5397;2.5397;2.5397;2.5924;2.5924;2.5924,8,2,"Al,Ni",3.5496;3.5496;3.5575;3.5575;3.5825;3.5825;3.5935;3.5935
23,,,,,20,Ni,"20.000000,0.244303,0.247290",1|16|24|8,1|4|5|3,4,1,1,Co,0.0505,16,4,"Co,Cu,Fe,Ni",1.6961;1.6961;1.7590;1.7590;1.7724;1.7724;1.7868;1.7868;1.7900;1.7900;1.8246;1.8246;1.8423;1.8423;1.8560;1.8560,24,5,"Al,Co,Cu,Fe,Ni",2.4297;2.4297;2.4297;2.4364;2.4364;2.4364;2.4376;2.4376;2.4376;2.4874;2.4874;2.4874;2.5032;2.5032;2.5032;2.5061;2.5061;2.5061;2.5129;2.5129;2.5129;2.5826;2.5826;2.5826,8,3,"Al,Co,Fe",3.5730;3.5730;3.5781;3.5781;3.5814;3.5814;3.5915;3.5915
23,,,,,21,Ni,"21.000000,0.748333,0.747963",1|16|24|2,1|4|5|1,4,1,1,Al,0.1001,16,4,"Al,Co,Cu,Ni",1.7026;1.7026;1.7726;1.7726;1.7904;1.7904;1.7923;1.7923;1.8032;1.8032;1.8185;1.8185;1.8397;1.8397;1.8518;1.8518,24,5,"Al,Co,Cu,Fe,Ni",2.5352;2.5352;2.5352;2.5571;2.5571;2.5571;2.5621;2.5621;2.5621;2.5782;2.5782;2.5782;2.5950;2.5950;2.5950;2.6319;2.6319;2.6319;2.6658;2.6658;2.6658;2.6876;2.6876;2.6876,2,1,Al,3.4294;3.4294
23,,,,,22,Co,"22.000000,0.499009,0.009017",1|16|24|8,1|5|4|4,4,1,1,Al,0.0724,16,5,"Al,Co,Cu,Fe,Ni",1.7388;1.7388;1.7456;1.7456;1.7603;1.7603;1.7945;1.7945;1.8026;1.8026;1.8072;1.8072;1.8538;1.8538;1.8949;1.8949,24,4,"Al,Co,Fe,Ni",2.4701;2.4701;2.4701;2.4858;2.4858;2.4858;2.4934;2.4934;2.4934;2.5061;2.5061;2.5061;2.5270;2.5270;2.5270;2.5950;2.5950;2.5950;2.6087;2.6087;2.6087;2.6951;2.6951;2.6951,8,4,"Al,Cu,Fe,Ni",3.4202;3.4202;3.5147;3.5147;3.5383;3.5383;3.5516;3.5516
23,,,,,23,Co,"23.000000,0.503307,0.249648",1|16|24|8,1|4|4|2,4,1,1,Ni,0.0385,16,4,"Al,Co,Fe,Ni",1.6780;1.6780;1.6849;1.6849;1.7253;1.7253;1.7318;1.7318;1.7388;1.7388;1.7761;1.7761;1.8055;1.8055;1.8560;1.8560,24,4,"Al,Cu,Fe,Ni",2.4692;2.4692;2.4692;2.5026;2.5026;2.5026;2.5029;2.5029;2.5029;2.5067;2.5067;2.5067;2.5313;2.5313;2.5313;2.5328;2.5328;2.5328;2.5759;2.5759;2.5759;2.5945;2.5945;2.5945,8,2,"Cu,Ni",3.5232;3.5232;3.5511;3.5511;3.5908;3.5908;3.5912;3.5912
23,,,,,24,Co,"24.000000,0.004982,0.754215",1|16|24|8,1|4|4|2,4,1,1,Al,0.0753,16,4,"Al,Cu,Fe,Ni",1.7064;1.7064;1.7720;1.7720;1.8027;1.8027;1.8319;1.8319;1.8397;1.8397;1.8683;1.8683;1.8804;1.8804;1.8986;1.8986,24,4,"Al,Cu,Fe,Ni",2.4856;2.4856;2.4856;2.5035;2.5035;2.5035;2.5369;2.5369;2.5369;2.5606;2.5606;2.5606;2.5924;2.5924;2.5924;2.5930;2.5930;2.5930;2.5957;2.5957;2.5957;2.6223;2.6223;2.6223,8,2,"Cu,Ni",3.5414;3.5414;3.5542;3.5542;3.6011;3.6011;3.6029;3.6029
23,,,,,25,Co,"25.000000,0.744073,0.252020",1|16|24|8,1|4|5|3,4,1,1,Fe,0.0078,16,4,"Al,Co,Cu,Ni",1.7253;1.7253;1.7570;1.7570;1.7647;1.7647;1.7905;1.7905;1.7932;1.7932;1.7979;1.7979;1.8258;1.8258;1.8387;1.8387,24,5,"Al,Co,Cu,Fe,Ni",2.4619;2.4619;2.4619;2.4695;2.4695;2.4695;2.4828;2.4828;2.4828;2.4858;2.4858;2.4858;2.5287;2.5287;2.5287;2.5361;2.5361;2.5361;2.5616;2.5616;2.5616;2.5691;2.5691;2.5691,8,3,"Al,Co,Ni",3.5140;3.5140;3.5309;3.5309;3.5814;3.5814;3.5831;3.5831
23,,,,,26,Co,"26.000000,0.251348,0.247383",1|16|24|8,1|4|5|3,4,1,1,Ni,0.0505,16,4,"Co,Cu,Fe,Ni",1.6953;1.6953;1.7705;1.7705;1.7741;1.7741;1.7908;1.7908;1.8055;1.8055;1.8095;1.8095;1.8373;1.8373;1.8420;1.8420,24,5,"Al,Co,Cu,Fe,Ni",2.3934;2.3934;2.3934;2.4002;2.4002;2.4002;2.4701;2.4701;2.4701;2.4739;2.4739;2.4739;2.5221;2.5221;2.5221;2.5384;2.5384;2.5384;2.5461;2.5461;2.5461;2.5496;2.5496;2.5496,8,3,"Al,Co,Fe",3.5309;3.5309;3.5373;3.5373;3.5743;3.5743;3.5885;3.5885
23,,,,,27,Cu,"27.000000,0.994645,0.003558",1|16|21|3,1|5|4|1,4,1,1,Fe,0.0817,16,5,"Al,Co,Cu,Fe,Ni",1.7445;1.7445;1.7594;1.7594;1.7992;1.7992;1.8017;1.8017;1.8027;1.8027;1.8131;1.8131;1.8604;1.8604;1.8699;1.8699,21,4,"Al,Co,Fe,Ni",2.5129;2.5129;2.5129;2.5347;2.5347;2.5347;2.5361;2.5361;2.5361;2.5377;2.5377;2.5377;2.5496;2.5496;2.5496;2.5571;2.5571;2.5571;2.5611;2.5611;2.5611,3,1,Al,2.7192;2.7192;2.7192
23,,,,,28,Cu,"28.000000,0.003308,0.495616",1|16|24|8,1|4|4|4,4,1,1,Fe,0.0363,16,4,"Al,Co,Cu,Ni",1.7357;1.7357;1.7539;1.7539;1.7568;1.7568;1.7940;1.7940;1.8096;1.8096;1.8149;1.8149;1.8287;1.8287;1.8683;1.8683,24,4,"Al,Co,Fe,Ni",2.4781;2.4781;2.4781;2.4874;2.4874;2.4874;2.5221;2.5221;2.5221;2.5332;2.5332;2.5332;2.5540;2.5540;2.5540;2.5616;2.5616;2.5616;2.5782;2.5782;2.5782;2.6217;2.6217;2.6217,8,4,"Al,Cu,Fe,Ni",3.4624;3.4624;3.5243;3.5243;3.5556;3.5556;3.5816;3.5816
23,,,,,29,Cu,"29.000000,-0.001129,0.252897",1|16|24|8,1|4|4|3,4,1,1,Ni,0.0279,16,4,"Co,Cu,Fe,Ni",1.7421;1.7421;1.7539;1.7539;1.7590;1.7590;1.7713;1.7713;1.8017;1.8017;1.8095;1.8095;1.8194;1.8194;1.8258;1.8258,24,4,"Al,Cu,Fe,Ni",2.5112;2.5112;2.5112;2.5183;2.5183;2.5183;2.5210;2.5210;2.5210;2.5250;2.5250;2.5250;2.5261;2.5261;2.5261;2.5279;2.5279;2.5279;2.5522;2.5522;2.5522;2.5725;2.5725;2.5725,8,3,"Al,Co,Ni",3.5511;3.5511;3.5629;3.5629;3.5827;3.5827;3.6029;3.6029
23,,,,,30,Cu,"30.000000,0.500960,0.746731",1|2|14|24,1|1|4|4,4,1,1,Ni,0.0824,2,1,Al,1.6569;1.6569,14,4,"Al,Co,Fe,Ni",1.7726;1.7726;1.8151;1.8151;1.8445;1.8445;1.8480;1.8480;1.8949;1.8949;1.9135;1.9135;1.9574;1.9574,24,4,"Al,Cu,Fe,Ni",2.5191;2.5191;2.5191;2.5292;2.5292;2.5292;2.5420;2.5420;2.5420;2.5467;2.5467;2.5467;2.5553;2.5553;2.5553;2.5722;2.5722;2.5722;2.5867;2.5867;2.5867;2.6028;2.6028;2.6028
23,,,,,31,Cu,"31.000000,0.247647,-0.000459",1|16|24|8,1|5|4|2,4,1,1,Fe,0.1106,16,5,"Al,Co,Cu,Fe,Ni",1.7380;1.7380;1.7687;1.7687;1.7835;1.7835;1.7900;1.7900;1.7908;1.7908;1.8026;1.8026;1.8131;1.8131;1.8546;1.8546,24,4,"Al,Co,Cu,Ni",2.4856;2.4856;2.4856;2.5522;2.5522;2.5522;2.5605;2.5605;2.5605;2.5688;2.5688;2.5688;2.5702;2.5702;2.5702;2.5722;2.5722;2.5722;2.5759;2.5759;2.5759;2.5926;2.5926;2.5926,8,2,"Al,Ni",3.5575;3.5575;3.5613;3.5613;3.5717;3.5717;3.5925;3.5925
24,,,,,0,Si,"0.000000,-0.002247,0.746582",16|24|8|18,4|4|2|4,4,16,4,"Co,Fe,Mn,Ni",1.7082;1.7082;1.7470;1.7470;1.7532;1.7532;1.7594;1.7594;1.7603;1.7603;1.7981;1.7981;1.7990;1.7990;1.8239;1.8239,24,4,"Co,Fe,Mn,Si",2.4115;2.4115;2.4115;2.4488;2.4488;2.4488;2.4620;2.4620;2.4620;2.4785;2.4785;2.4785;2.4785;2.4785;2.4785;2.5212;2.5212;2.5212;2.5255;2.5255;2.5255;2.5478;2.5478;2.5478,8,2,"Mn,Ni",3.4608;3.4608;3.4696;3.4696;3.5544;3.5544;3.5808;3.5808,18,4,"Co,Fe,Ni,Si",3.8625;3.8625;3.8741;3.8741;3.8746;3.8746;3.8891;3.8891;3.8955;3.8955;3.9608;3.9608;3.9610;3.9610;3.9944;3.9944;3.9955;3.9955
24,,,,,1,Si,"1.000000,0.249631,0.508618",1|16|21|8,1|3|4|3,4,1,1,Fe,0.0776,16,3,"Co,Fe,Ni",1.6743;1.6743;1.6973;1.6973;1.7462;1.7462;1.7558;1.7558;1.7587;1.7587;1.7837;1.7837;1.8653;1.8653;1.9144;1.9144,21,4,"Co,Mn,Ni,Si",2.4596;2.4596;2.4596;2.4620;2.4620;2.4620;2.4682;2.4682;2.4682;2.5259;2.5259;2.5259;2.5424;2.5424;2.5424;2.5461;2.5461;2.5461;2.5965;2.5965;2.5965,8,3,"Co,Fe,Si",3.4464;3.4464;3.4677;3.4677;3.5669;3.5669;3.5808;3.5808
24,,,,,2,Si,"2.000000,0.748278,0.514456",1|16|21|4,1|4|4|2,4,1,1,Co,0.1377,16,4,"Co,Fe,Ni,Si",1.6208;1.6208;1.6561;1.6561;1.6782;1.6782;1.7376;1.7376;1.8170;1.8170;1.8244;1.8244;1.8601;1.8601;1.9515;1.9515,21,4,"Co,Mn,Ni,Si",2.4020;2.4020;2.4020;2.4115;2.4115;2.4115;2.4486;2.4486;2.4486;2.5222;2.5222;2.5222;2.5721;2.5721;2.5721;2.5840;2.5840;2.5840;2.5931;2.5931;2.5931,4,2,"Co,Mn",3.3312;3.3312;3.3614;3.3614
24,,,,,3,Si,"3.000000,0.748080,0.235149",1|14|2|27,1|3|1|4,4,1,1,Ni,0.1346,14,3,"Co,Mn,Ni",1.6746;1.6746;1.7052;1.7052;1.7236;1.7236;1.8027;1.8027;1.8131;1.8131;1.8147;1.8147;1.8184;1.8184,2,1,Si,1.9515;1.9515,27,4,"Co,Fe,Mn,Ni",2.4073;2.4073;2.4073;2.4089;2.4089;2.4089;2.4128;2.4128;2.4128;2.4183;2.4183;2.4183;2.4508;2.4508;2.4508;2.5110;2.5110;2.5110;2.5436;2.5436;2.5436;2.6001;2.6001;2.6001;2.6130;2.6130;2.6130
24,,,,,4,Mn,"4.000000,0.009222,-0.002725",1|14|24|10,1|5|4|3,4,1,1,Fe,0.1062,14,5,"Co,Fe,Mn,Ni,Si",1.7073;1.7073;1.7240;1.7240;1.7532;1.7532;1.7678;1.7678;1.7825;1.7825;1.8290;1.8290;1.8406;1.8406,24,4,"Co,Fe,Ni,Si",2.4330;2.4330;2.4330;2.4670;2.4670;2.4670;2.4758;2.4758;2.4758;2.5016;2.5016;2.5016;2.5110;2.5110;2.5110;2.5127;2.5127;2.5127;2.5378;2.5378;2.5378;2.6065;2.6065;2.6065,10,3,"Co,Fe,Ni",3.4613;3.4613;3.4900;3.4900;3.5242;3.5242;3.5303;3.5303;3.5520;3.5520
24,,,,,5,Mn,"5.000000,0.502765,0.746880",1|18|24|6,1|3|4|3,4,1,1,Ni,0.0481,18,3,"Co,Fe,Ni",1.7104;1.7104;1.7469;1.7469;1.7688;1.7688;1.7783;1.7783;1.7910;1.7910;1.7942;1.7942;1.7956;1.7956;1.8026;1.8026;1.8280;1.8280,24,4,"Co,Fe,Mn,Si",2.4020;2.4020;2.4020;2.4596;2.4596;2.4596;2.4814;2.4814;2.4814;2.4937;2.4937;2.4937;2.5001;2.5001;2.5001;2.5187;2.5187;2.5187;2.5643;2.5643;2.5643;2.5677;2.5677;2.5677,6,3,"Co,Mn,Si",3.4589;3.4589;3.4853;3.4853;3.5544;3.5544
24,,,,,6,Mn,"6.000000,0.495726,0.248079",1|18|24|8,1|4|4|2,4,1,1,Co,0.0265,18,4,"Co,Fe,Ni,Si",1.7023;1.7023;1.7243;1.7243;1.7337;1.7337;1.7562;1.7562;1.7678;1.7678;1.7750;1.7750;1.7756;1.7756;1.8067;1.8067;1.8147;1.8147,24,4,"Co,Fe,Mn,Si",2.4483;2.4483;2.4483;2.4748;2.4748;2.4748;2.4771;2.4771;2.4771;2.5243;2.5243;2.5243;2.5424;2.5424;2.5424;2.5596;2.5596;2.5596;2.5892;2.5892;2.5892;2.5931;2.5931;2.5931,8,2,"Mn,Ni",3.4617;3.4617;3.4853;3.4853;3.5325;3.5325;3.5687;3.5687
24,,,,,7,Mn,"7.000000,0.754559,-0.008788",1|18|21|2,1|5|4|1,4,1,1,Co,0.0326,18,5,"Co,Fe,Mn,Ni,Si",1.6752;1.6752;1.7052;1.7052;1.7105;1.7105;1.7353;1.7353;1.8008;1.8008;1.8235;1.8235;1.8290;1.8290;1.8292;1.8292;1.8398;1.8398,21,4,"Co,Mn,Ni,Si",2.4488;2.4488;2.4488;2.4657;2.4657;2.4657;2.4730;2.4730;2.4730;2.4814;2.4814;2.4814;2.5136;2.5136;2.5136;2.5892;2.5892;2.5892;2.6052;2.6052;2.6052,2,1,Si,3.3312;3.3312
24,,,,,8,Fe,"8.000000,-0.010087,0.502198",1|10|4|24,1|3|2|4,4,1,1,Co,0.1264,10,3,"Co,Ni,Si",1.7015;1.7015;1.7082;1.7082;1.7376;1.7376;1.7528;1.7528;1.7634;1.7634,4,2,"Fe,Si",1.8653;1.8653;1.8812;1.8812,24,4,"Co,Fe,Ni,Si",2.4165;2.4165;2.4165;2.4408;2.4408;2.4408;2.4511;2.4511;2.4511;2.5369;2.5369;2.5369;2.5395;2.5395;2.5395;2.5423;2.5423;2.5423;2.5436;2.5436;2.5436;2.5499;2.5499;2.5499
24,,,,,9,Fe,"9.000000,-0.004051,0.003911",1|14|24|10,1|5|4|3,4,1,1,Mn,0.1062,14,5,"Co,Fe,Mn,Ni,Si",1.7196;1.7196;1.7301;1.7301;1.7353;1.7353;1.7460;1.7460;1.7981;1.7981;1.8026;1.8026;1.8187;1.8187,24,4,"Co,Fe,Ni,Si",2.4089;2.4089;2.4089;2.4767;2.4767;2.4767;2.5027;2.5027;2.5027;2.5056;2.5056;2.5056;2.5104;2.5104;2.5104;2.5336;2.5336;2.5336;2.5356;2.5356;2.5356;2.5676;2.5676;2.5676,10,3,"Co,Fe,Ni",3.4441;3.4441;3.4820;3.4820;3.5337;3.5337;3.5552;3.5552;3.5613;3.5613
24,,,,,10,Fe,"10.000000,0.503869,-0.003094",2|16|24|8,2|4|4|4,4,2,2,"Fe,Ni",0.0353;0.0381,16,4,"Co,Fe,Mn,Ni",1.7067;1.7067;1.7469;1.7469;1.7562;1.7562;1.7824;1.7824;1.7883;1.7883;1.8008;1.8008;1.8297;1.8297;1.8453;1.8453,24,4,"Co,Fe,Ni,Si",2.4128;2.4128;2.4128;2.4824;2.4824;2.4824;2.5031;2.5031;2.5031;2.5039;2.5039;2.5039;2.5061;2.5061;2.5061;2.5063;2.5063;2.5063;2.5685;2.5685;2.5685;2.5824;2.5824;2.5824,8,4,"Co,Fe,Mn,Ni",3.4526;3.4526;3.4569;3.4569;3.5337;3.5337;3.5520;3.5520
24,,,,,11,Fe,"11.000000,-7.500000,-5.000000",2|16|24|8,2|4|4|4,4,2,2,"Fe,Ni",0.0114;0.0353,16,4,"Co,Fe,Mn,Ni",1.7281;1.7281;1.7337;1.7337;1.7600;1.7600;1.7688;1.7688;1.8013;1.8013;1.8165;1.8165;1.8172;1.8172;1.8292;1.8292,24,4,"Co,Fe,Ni,Si",2.4183;2.4183;2.4183;2.4991;2.4991;2.4991;2.5010;2.5010;2.5010;2.5071;2.5071;2.5071;2.5175;2.5175;2.5175;2.5335;2.5335;2.5335;2.5411;2.5411;2.5411;2.5474;2.5474;2.5474,8,4,"Co,Fe,Mn,Ni",3.4316;3.4316;3.4782;3.4782;3.5242;3.5242;3.5613;3.5613
24,,,,,12,Fe,"12.000000,0.249220,0.004921",1|18|21|8,1|4|4|4,4,1,1,Fe,0.0268,18,4,"Co,Fe,Mn,Ni",1.7240;1.7240;1.7356;1.7356;1.7635;1.7635;1.7704;1.7704;1.7935;1.7935;1.8013;1.8013;1.8072;1.8072;1.8187;1.8187;1.8297;1.8297,21,4,"Co,Mn,Ni,Si",2.4483;2.4483;2.4483;2.4690;2.4690;2.4690;2.4886;2.4886;2.4886;2.5208;2.5208;2.5208;2.5478;2.5478;2.5478;2.5533;2.5533;2.5533;2.5677;2.5677;2.5677,8,4,"Co,Fe,Mn,Si",3.4434;3.4434;3.4677;3.4677;3.5530;3.5530;3.5643;3.5643
24,,,,,13,Fe,"13.000000,0.251831,0.497747",1|12|4|21,1|3|2|4,4,1,1,Si,0.0776,12,3,"Co,Fe,Ni",1.6799;1.6799;1.7078;1.7078;1.7423;1.7423;1.7503;1.7503;1.7604;1.7604;1.7735;1.7735,4,2,"Co,Fe",1.8812;1.8812;1.8949;1.8949,21,4,"Co,Mn,Ni,Si",2.4609;2.4609;2.4609;2.4771;2.4771;2.4771;2.5001;2.5001;2.5001;2.5044;2.5044;2.5044;2.5099;2.5099;2.5099;2.5255;2.5255;2.5255;2.5564;2.5564;2.5564
24,,,,,14,Fe,"14.000000,0.246957,0.001855",1|18|21|8,1|4|4|4,4,1,1,Fe,0.0268,18,4,"Co,Fe,Mn,Ni",1.7073;1.7073;1.7491;1.7491;1.7570;1.7570;1.7724;1.7724;1.7850;1.7850;1.8026;1.8026;1.8172;1.8172;1.8232;1.8232;1.8453;1.8453,21,4,"Co,Mn,Ni,Si",2.4748;2.4748;2.4748;2.4918;2.4918;2.4918;2.4955;2.4955;2.4955;2.5175;2.5175;2.5175;2.5212;2.5212;2.5212;2.5559;2.5559;2.5559;2.5643;2.5643;2.5643,8,4,"Co,Fe,Mn,Si",3.4464;3.4464;3.4648;3.4648;3.5363;3.5363;3.5478;3.5478
24,,,,,15,Fe,"15.000000,0.248611,0.253326",1|16|27|8,1|5|4|3,4,1,1,Co,0.0290,16,5,"Co,Fe,Mn,Ni,Si",1.7078;1.7078;1.7356;1.7356;1.7570;1.7570;1.7750;1.7750;1.7779;1.7779;1.7837;1.7837;1.7942;1.7942;1.8738;1.8738,27,4,"Co,Fe,Mn,Ni",2.4364;2.4364;2.4364;2.4727;2.4727;2.4727;2.4758;2.4758;2.4758;2.5104;2.5104;2.5104;2.5309;2.5309;2.5309;2.5311;2.5311;2.5311;2.5335;2.5335;2.5335;2.5499;2.5499;2.5499;2.5685;2.5685;2.5685,8,3,"Co,Ni,Si",3.4580;3.4580;3.4810;3.4810;3.5808;3.5808;3.5894;3.5894
24,,,,,16,Ni,"16.000000,0.500851,0.001378",2|16|24|8,1|4|4|4,4,2,1,Fe,0.0114;0.0381,16,4,"Co,Fe,Mn,Ni",1.7243;1.7243;1.7378;1.7378;1.7505;1.7505;1.7783;1.7783;1.8072;1.8072;1.8106;1.8106;1.8232;1.8232;1.8235;1.8235,24,4,"Co,Fe,Ni,Si",2.4073;2.4073;2.4073;2.4960;2.4960;2.4960;2.5102;2.5102;2.5102;2.5121;2.5121;2.5121;2.5197;2.5197;2.5197;2.5311;2.5311;2.5311;2.5435;2.5435;2.5435;2.5449;2.5449;2.5449,8,4,"Co,Fe,Mn,Ni",3.4219;3.4219;3.4879;3.4879;3.5303;3.5303;3.5552;3.5552
24,,,,,17,Ni,"17.000000,0.494444,0.502202",1|16|24|10,1|5|4|3,4,1,1,Co,0.1714,16,5,"Co,Fe,Mn,Ni,Si",1.7104;1.7104;1.7423;1.7423;1.7493;1.7493;1.7502;1.7502;1.7587;1.7587;1.7756;1.7756;1.8244;1.8244;1.8576;1.8576,24,4,"Co,Fe,Ni,Si",2.4474;2.4474;2.4474;2.4532;2.4532;2.4532;2.4727;2.4727;2.4727;2.4872;2.4872;2.4872;2.5141;2.5141;2.5141;2.5143;2.5143;2.5143;2.5392;2.5392;2.5392;2.6130;2.6130;2.6130,10,3,"Co,Fe,Ni",3.4569;3.4569;3.4782;3.4782;3.4879;3.4879;3.5026;3.5026;3.5579;3.5579
24,,,,,18,Ni,"18.000000,-0.001236,0.250016",1|16|24|6,1|5|4|3,4,1,1,Ni,0.0803,16,5,"Co,Fe,Mn,Ni,Si",1.7196;1.7196;1.7247;1.7247;1.7634;1.7634;1.7678;1.7678;1.7942;1.7942;1.8027;1.8027;1.8028;1.8028;1.8063;1.8063,24,4,"Co,Fe,Mn,Si",2.4655;2.4655;2.4655;2.4886;2.4886;2.4886;2.4918;2.4918;2.4918;2.5003;2.5003;2.5003;2.5044;2.5044;2.5044;2.5136;2.5136;2.5136;2.5461;2.5461;2.5461;2.5840;2.5840;2.5840,6,3,"Co,Mn,Si",3.4696;3.4696;3.5687;3.5687;3.5719;3.5719
24,,,,,19,Ni,"19.000000,-0.012339,0.251337",1|16|24|6,1|5|4|3,4,1,1,Ni,0.0803,16,5,"Co,Fe,Mn,Ni,Si",1.7196;1.7196;1.7236;1.7236;1.7264;1.7264;1.7301;1.7301;1.7528;1.7528;1.7825;1.7825;1.8738;1.8738;1.8823;1.8823,24,4,"Co,Fe,Mn,Si",2.4022;2.4022;2.4022;2.4516;2.4516;2.4516;2.4657;2.4657;2.4657;2.5222;2.5222;2.5222;2.5533;2.5533;2.5533;2.5559;2.5559;2.5559;2.5564;2.5564;2.5564;2.5965;2.5965;2.5965,6,3,"Co,Mn,Si",3.4608;3.4608;3.5292;3.5292;3.5325;3.5325
24,,,,,20,Ni,"20.000000,0.499149,0.752664",1|18|24|6,1|3|4|3,4,1,1,Mn,0.0481,18,3,"Co,Fe,Ni",1.7067;1.7067;1.7281;1.7281;1.7378;1.7378;1.7502;1.7502;1.7767;1.7767;1.8016;1.8016;1.8208;1.8208;1.8215;1.8215;1.8329;1.8329,24,4,"Co,Fe,Mn,Si",2.4486;2.4486;2.4486;2.4682;2.4682;2.4682;2.4730;2.4730;2.4730;2.4848;2.4848;2.4848;2.5099;2.5099;2.5099;2.5175;2.5175;2.5175;2.5208;2.5208;2.5208;2.5657;2.5657;2.5657,6,3,"Co,Mn,Si",3.4617;3.4617;3.4880;3.4880;3.5808;3.5808
24,,,,,21,Ni,"21.000000,0.747280,0.254396",1|16|3|24,1|4|1|4,4,1,1,Si,0.1346,16,4,"Co,Mn,Ni,Si",1.6841;1.6841;1.7264;1.7264;1.8031;1.8031;1.8063;1.8063;1.8067;1.8067;1.8092;1.8092;1.8170;1.8170;1.8398;1.8398,3,1,Co,2.3501;2.3501;2.3501,24,4,"Co,Fe,Mn,Ni",2.4511;2.4511;2.4511;2.4960;2.4960;2.4960;2.5031;2.5031;2.5031;2.5056;2.5056;2.5056;2.5071;2.5071;2.5071;2.5121;2.5121;2.5121;2.5141;2.5141;2.5141;2.6065;2.6065;2.6065
24,,,,,22,Ni,"22.000000,0.248262,0.751535",1|14|24|3,1|4|4|1,4,1,1,Co,0.0340,14,4,"Fe,Mn,Ni,Si",1.6973;1.6973;1.7491;1.7491;1.7704;1.7704;1.7735;1.7735;1.7990;1.7990;1.8016;1.8016;1.8280;1.8280,24,4,"Co,Fe,Mn,Ni",2.4330;2.4330;2.4330;2.4804;2.4804;2.4804;2.4872;2.4872;2.4872;2.5010;2.5010;2.5010;2.5063;2.5063;2.5063;2.5121;2.5121;2.5121;2.5336;2.5336;2.5336;2.5395;2.5395;2.5395,3,1,Co,2.6514;2.6514;2.6514
24,,,,,23,Ni,"23.000000,0.752617,0.746404",1|14|27|4,1|4|4|2,4,1,1,Co,0.0353,14,4,"Co,Mn,Ni,Si",1.6208;1.6208;1.7105;1.7105;1.7408;1.7408;1.7540;1.7540;1.7603;1.7603;1.7942;1.7942;1.8208;1.8208,27,4,"Co,Fe,Mn,Ni",2.4165;2.4165;2.4165;2.4610;2.4610;2.4610;2.5027;2.5027;2.5027;2.5061;2.5061;2.5061;2.5143;2.5143;2.5143;2.5294;2.5294;2.5294;2.5378;2.5378;2.5378;2.5411;2.5411;2.5411;2.5435;2.5435;2.5435,4,2,"Ni,Si",3.4152;3.4152;3.4377;3.4377
24,,,,,24,Co,"24.000000,0.515602,0.490950",1|16|3|21,1|5|1|4,4,1,1,Ni,0.1714,16,5,"Co,Fe,Mn,Ni,Si",1.6758;1.6758;1.6782;1.6782;1.7023;1.7023;1.7050;1.7050;1.7910;1.7910;1.8329;1.8329;1.8949;1.8949;1.9144;1.9144,3,1,Ni,2.3501;2.3501;2.3501,21,4,"Co,Fe,Ni,Si",2.4508;2.4508;2.4508;2.4610;2.4610;2.4610;2.4876;2.4876;2.4876;2.5065;2.5065;2.5065;2.5309;2.5309;2.5309;2.6174;2.6174;2.6174;2.6514;2.6514;2.6514
24,,,,,25,Co,"25.000000,0.006676,0.496756",1|14|24|8,1|4|4|4,4,1,1,Fe,0.1264,14,4,"Co,Fe,Ni,Si",1.7196;1.7196;1.7247;1.7247;1.7462;1.7462;1.7470;1.7470;1.7604;1.7604;1.8214;1.8214;1.8601;1.8601,24,4,"Co,Fe,Ni,Si",2.4228;2.4228;2.4228;2.4364;2.4364;2.4364;2.4804;2.4804;2.4804;2.4816;2.4816;2.4816;2.5121;2.5121;2.5121;2.5294;2.5294;2.5294;2.5530;2.5530;2.5530;2.6001;2.6001;2.6001,8,4,"Co,Fe,Mn,Ni",3.4441;3.4441;3.4900;3.4900;3.5026;3.5026;3.5264;3.5264
24,,,,,26,Co,"26.000000,0.496187,0.251849",1|18|24|8,1|4|4|2,4,1,1,Mn,0.0265,18,4,"Co,Fe,Ni,Si",1.6758;1.6758;1.7493;1.7493;1.7505;1.7505;1.7600;1.7600;1.7702;1.7702;1.7779;1.7779;1.7824;1.7824;1.8031;1.8031;1.8131;1.8131,24,4,"Co,Fe,Mn,Si",2.4609;2.4609;2.4609;2.4690;2.4690;2.4690;2.4955;2.4955;2.4955;2.5040;2.5040;2.5040;2.5259;2.5259;2.5259;2.5721;2.5721;2.5721;2.5755;2.5755;2.5755;2.6052;2.6052;2.6052,8,2,"Mn,Ni",3.4589;3.4589;3.4880;3.4880;3.5292;3.5292;3.5719;3.5719
24,,,,,27,Co,"27.000000,0.752904,-0.004453",1|18|21|2,1|5|4|1,4,1,1,Mn,0.0326,18,5,"Co,Fe,Mn,Ni,Si",1.6746;1.6746;1.7055;1.7055;1.7408;1.7408;1.7460;1.7460;1.7883;1.7883;1.8092;1.8092;1.8106;1.8106;1.8165;1.8165;1.8406;1.8406,21,4,"Co,Mn,Ni,Si",2.4516;2.4516;2.4516;2.4785;2.4785;2.4785;2.4848;2.4848;2.4848;2.4937;2.4937;2.4937;2.5003;2.5003;2.5003;2.5596;2.5596;2.5596;2.5755;2.5755;2.5755,2,1,Si,3.3614;3.3614
24,,,,,28,Co,"28.000000,0.753022,0.495377",1|16|21|8,1|4|4|4,4,1,1,Si,0.1377,16,4,"Co,Fe,Ni,Si",1.6841;1.6841;1.7015;1.7015;1.7050;1.7050;1.7540;1.7540;1.7893;1.7893;1.8184;1.8184;1.8214;1.8214;1.8576;1.8576,21,4,"Co,Mn,Ni,Si",2.4022;2.4022;2.4022;2.4655;2.4655;2.4655;2.4785;2.4785;2.4785;2.5040;2.5040;2.5040;2.5187;2.5187;2.5187;2.5243;2.5243;2.5243;2.5657;2.5657;2.5657,8,4,"Co,Fe,Mn,Si",3.4644;3.4644;3.4923;3.4923;3.5669;3.5669;3.5818;3.5818
24,,,,,29,Co,"29.000000,0.249749,0.257320",1|16|27|4,1|5|4|2,4,1,1,Fe,0.0290,16,5,"Co,Fe,Mn,Ni,Si",1.6799;1.6799;1.7558;1.7558;1.7635;1.7635;1.7678;1.7678;1.7702;1.7702;1.7850;1.7850;1.8028;1.8028;1.8823;1.8823,27,4,"Co,Fe,Mn,Ni",2.4228;2.4228;2.4228;2.4474;2.4474;2.4474;2.5016;2.5016;2.5016;2.5065;2.5065;2.5065;2.5356;2.5356;2.5356;2.5369;2.5369;2.5369;2.5449;2.5449;2.5449;2.5474;2.5474;2.5474;2.5824;2.5824;2.5824,4,2,"Co,Ni",3.4301;3.4301;3.4532;3.4532
24,,,,,30,Co,"30.000000,0.251745,0.748252",1|14|27|4,1|4|4|2,4,1,1,Ni,0.0340,14,4,"Fe,Mn,Ni,Si",1.6743;1.6743;1.7503;1.7503;1.7724;1.7724;1.7767;1.7767;1.7935;1.7935;1.8026;1.8026;1.8239;1.8239,27,4,"Co,Fe,Mn,Ni",2.4532;2.4532;2.4532;2.4670;2.4670;2.4670;2.4816;2.4816;2.4816;2.4991;2.4991;2.4991;2.5039;2.5039;2.5039;2.5102;2.5102;2.5102;2.5423;2.5423;2.5423;2.5676;2.5676;2.5676;2.6174;2.6174;2.6174,4,2,"Co,Fe",3.4301;3.4301;3.4580;3.4580
24,,,,,31,Co,"31.000000,0.752799,0.751459",1|14|27|8,1|4|4|3,4,1,1,Ni,0.0353,14,4,"Co,Mn,Ni,Si",1.6561;1.6561;1.6752;1.6752;1.7055;1.7055;1.7594;1.7594;1.7893;1.7893;1.7956;1.7956;1.8215;1.8215,27,4,"Co,Fe,Mn,Ni",2.4408;2.4408;2.4408;2.4767;2.4767;2.4767;2.4824;2.4824;2.4824;2.4876;2.4876;2.4876;2.5127;2.5127;2.5127;2.5175;2.5175;2.5175;2.5197;2.5197;2.5197;2.5392;2.5392;2.5392;2.5530;2.5530;2.5530,8,3,"Co,Ni,Si",3.3799;3.3799;3.4731;3.4731;3.5578;3.5578;3.5830;3.5830
